2026-08-01 22:10:54,139 [INFO    ] main: ============================================================
2026-08-01 22:10:54,140 [INFO    ] main: Sistema de Deteccion Temprana de Anomalias - UCI Moodle
2026-08-01 22:10:54,140 [INFO    ] main: ============================================================
2026-08-01 22:10:54,145 [INFO    ] capture.log_capture: Grupo de consumo ya existe.
2026-08-01 22:10:54,242 [INFO    ] mysql.connector: package: mysql.connector.plugins
2026-08-01 22:10:54,243 [INFO    ] mysql.connector: plugin_name: mysql_native_password
2026-08-01 22:10:54,243 [INFO    ] mysql.connector: AUTHENTICATION_PLUGIN_CLASS: MySQLNativePasswordAuthPlugin
2026-08-01 22:10:54,246 [INFO    ] capture.log_capture: Conexion a Moodle DB establecida.
2026-08-01 22:10:54,248 [INFO    ] capture.log_capture: Ultimo ID de log al inicio: 614
2026-08-01 22:10:54,262 [INFO    ] dashboard.influx_writer: Conexion a InfluxDB establecida: http://localhost:8086 (bucket=moodle_metrics)
2026-08-01 22:10:54,263 [INFO    ] models.lstm_model: Modelo LSTM cargado desde disco.
2026-08-01 22:10:54,263 [INFO    ] capture.log_capture: Subsistema de captura iniciado. Intervalo: 10s
2026-08-01 22:10:54,263 [INFO    ] main: Hilo 'Capture' iniciado.
2026-08-01 22:10:54,264 [INFO    ] preprocessing.preprocessor: Preprocesador iniciado. Ventana: 60s
2026-08-01 22:10:54,264 [INFO    ] main: Hilo 'Preprocessor' iniciado.
2026-08-01 22:10:54,265 [INFO    ] main: Motor de analisis iniciado.
2026-08-01 22:10:54,265 [INFO    ] main: Hilo 'Analytics' iniciado.
2026-08-01 22:10:54,266 [INFO    ] main: Sistema en ejecucion. Presione Ctrl+C para detener.
2026-08-01 22:11:14,274 [INFO    ] capture.log_capture: 1 eventos publicados en el stream 'moodle_logs'. Ultimo ID: 615
2026-08-01 22:11:24,282 [INFO    ] capture.log_capture: 10 eventos publicados en el stream 'moodle_logs'. Ultimo ID: 625
2026-08-01 22:11:34,290 [INFO    ] capture.log_capture: 9 eventos publicados en el stream 'moodle_logs'. Ultimo ID: 634
2026-08-01 22:11:44,296 [INFO    ] capture.log_capture: 8 eventos publicados en el stream 'moodle_logs'. Ultimo ID: 642
2026-08-01 22:11:54,303 [INFO    ] capture.log_capture: 10 eventos publicados en el stream 'moodle_logs'. Ultimo ID: 652
2026-08-01 22:12:04,310 [INFO    ] capture.log_capture: 11 eventos publicados en el stream 'moodle_logs'. Ultimo ID: 663
2026-08-01 22:12:14,316 [INFO    ] capture.log_capture: 9 eventos publicados en el stream 'moodle_logs'. Ultimo ID: 672
2026-08-01 22:12:24,325 [INFO    ] capture.log_capture: 11 eventos publicados en el stream 'moodle_logs'. Ultimo ID: 683
2026-08-01 22:12:34,332 [INFO    ] capture.log_capture: 9 eventos publicados en el stream 'moodle_logs'. Ultimo ID: 692
2026-08-01 22:12:44,337 [INFO    ] capture.log_capture: 11 eventos publicados en el stream 'moodle_logs'. Ultimo ID: 703
2026-08-01 22:12:54,344 [INFO    ] capture.log_capture: 9 eventos publicados en el stream 'moodle_logs'. Ultimo ID: 712
2026-08-01 22:13:04,352 [INFO    ] capture.log_capture: 12 eventos publicados en el stream 'moodle_logs'. Ultimo ID: 724
2026-08-01 22:13:14,359 [INFO    ] capture.log_capture: 8 eventos publicados en el stream 'moodle_logs'. Ultimo ID: 732
2026-08-01 22:13:24,366 [INFO    ] capture.log_capture: 10 eventos publicados en el stream 'moodle_logs'. Ultimo ID: 742
2026-08-01 22:13:34,372 [INFO    ] capture.log_capture: 10 eventos publicados en el stream 'moodle_logs'. Ultimo ID: 752
2026-08-01 22:13:44,379 [INFO    ] capture.log_capture: 7 eventos publicados en el stream 'moodle_logs'. Ultimo ID: 759
2026-08-01 22:15:24,401 [INFO    ] capture.log_capture: 1 eventos publicados en el stream 'moodle_logs'. Ultimo ID: 760
2026-08-01 22:17:24,429 [INFO    ] capture.log_capture: 1 eventos publicados en el stream 'moodle_logs'. Ultimo ID: 761
2026-08-01 22:17:44,435 [INFO    ] capture.log_capture: 3 eventos publicados en el stream 'moodle_logs'. Ultimo ID: 764
2026-08-01 22:17:54,439 [INFO    ] capture.log_capture: 1 eventos publicados en el stream 'moodle_logs'. Ultimo ID: 765
2026-08-01 22:18:04,446 [INFO    ] capture.log_capture: 6 eventos publicados en el stream 'moodle_logs'. Ultimo ID: 771
2026-08-01 22:18:14,451 [INFO    ] capture.log_capture: 2 eventos publicados en el stream 'moodle_logs'. Ultimo ID: 773
2026-08-01 22:20:04,535 [INFO    ] capture.log_capture: 376 eventos publicados en el stream 'moodle_logs'. Ultimo ID: 1149
2026-08-01 22:20:24,633 [INFO    ] capture.log_capture: 851 eventos publicados en el stream 'moodle_logs'. Ultimo ID: 2000
2026-08-01 22:20:34,984 [INFO    ] capture.log_capture: 3150 eventos publicados en el stream 'moodle_logs'. Ultimo ID: 5150
2026-08-01 22:20:45,207 [INFO    ] capture.log_capture: 1800 eventos publicados en el stream 'moodle_logs'. Ultimo ID: 6950
2026-08-01 22:20:55,303 [INFO    ] capture.log_capture: 850 eventos publicados en el stream 'moodle_logs'. Ultimo ID: 7800
2026-08-01 22:21:05,517 [INFO    ] capture.log_capture: 2000 eventos publicados en el stream 'moodle_logs'. Ultimo ID: 9800
2026-08-01 22:21:15,536 [INFO    ] capture.log_capture: 114 eventos publicados en el stream 'moodle_logs'. Ultimo ID: 9914
2026-08-01 22:21:25,583 [INFO    ] capture.log_capture: 300 eventos publicados en el stream 'moodle_logs'. Ultimo ID: 10214
2026-08-01 22:21:35,686 [INFO    ] capture.log_capture: 828 eventos publicados en el stream 'moodle_logs'. Ultimo ID: 11042
2026-08-01 22:23:45,728 [INFO    ] capture.log_capture: 2 eventos publicados en el stream 'moodle_logs'. Ultimo ID: 11044
2026-08-01 22:26:35,771 [INFO    ] capture.log_capture: 25 eventos publicados en el stream 'moodle_logs'. Ultimo ID: 11069
2026-08-01 22:28:25,798 [INFO    ] capture.log_capture: 4 eventos publicados en el stream 'moodle_logs'. Ultimo ID: 11073
2026-08-01 22:28:35,805 [INFO    ] capture.log_capture: 9 eventos publicados en el stream 'moodle_logs'. Ultimo ID: 11082
2026-08-01 22:29:15,821 [INFO    ] capture.log_capture: 14 eventos publicados en el stream 'moodle_logs'. Ultimo ID: 11096
2026-08-01 22:29:25,825 [INFO    ] capture.log_capture: 1 eventos publicados en el stream 'moodle_logs'. Ultimo ID: 11097
2026-08-01 22:29:55,835 [INFO    ] capture.log_capture: 7 eventos publicados en el stream 'moodle_logs'. Ultimo ID: 11104
2026-08-01 22:30:05,842 [INFO    ] capture.log_capture: 8 eventos publicados en el stream 'moodle_logs'. Ultimo ID: 11112
2026-08-01 22:30:35,853 [INFO    ] capture.log_capture: 2 eventos publicados en el stream 'moodle_logs'. Ultimo ID: 11114
2026-08-01 22:31:55,873 [INFO    ] capture.log_capture: 4 eventos publicados en el stream 'moodle_logs'. Ultimo ID: 11118
2026-08-01 22:32:45,887 [INFO    ] capture.log_capture: 4 eventos publicados en el stream 'moodle_logs'. Ultimo ID: 11122
2026-08-01 22:33:15,897 [INFO    ] capture.log_capture: 4 eventos publicados en el stream 'moodle_logs'. Ultimo ID: 11126
2026-08-01 22:34:15,915 [INFO    ] capture.log_capture: 7 eventos publicados en el stream 'moodle_logs'. Ultimo ID: 11133
2026-08-01 22:34:25,922 [INFO    ] capture.log_capture: 11 eventos publicados en el stream 'moodle_logs'. Ultimo ID: 11144
2026-08-01 22:34:35,927 [INFO    ] capture.log_capture: 1 eventos publicados en el stream 'moodle_logs'. Ultimo ID: 11145
2026-08-01 22:34:45,933 [INFO    ] capture.log_capture: 4 eventos publicados en el stream 'moodle_logs'. Ultimo ID: 11149
2026-08-01 22:34:55,938 [INFO    ] capture.log_capture: 4 eventos publicados en el stream 'moodle_logs'. Ultimo ID: 11153
2026-08-01 22:35:45,952 [INFO    ] capture.log_capture: 7 eventos publicados en el stream 'moodle_logs'. Ultimo ID: 11160
2026-08-01 22:35:55,957 [INFO    ] capture.log_capture: 13 eventos publicados en el stream 'moodle_logs'. Ultimo ID: 11173
2026-08-01 22:36:05,963 [INFO    ] capture.log_capture: 12 eventos publicados en el stream 'moodle_logs'. Ultimo ID: 11185
2026-08-01 22:36:15,972 [INFO    ] capture.log_capture: 13 eventos publicados en el stream 'moodle_logs'. Ultimo ID: 11198
2026-08-01 22:36:25,981 [INFO    ] capture.log_capture: 12 eventos publicados en el stream 'moodle_logs'. Ultimo ID: 11210
2026-08-01 22:36:35,988 [INFO    ] capture.log_capture: 13 eventos publicados en el stream 'moodle_logs'. Ultimo ID: 11223
2026-08-01 22:36:45,994 [INFO    ] capture.log_capture: 11 eventos publicados en el stream 'moodle_logs'. Ultimo ID: 11234
2026-08-01 22:36:56,003 [INFO    ] capture.log_capture: 12 eventos publicados en el stream 'moodle_logs'. Ultimo ID: 11246
2026-08-01 22:37:06,011 [INFO    ] capture.log_capture: 14 eventos publicados en el stream 'moodle_logs'. Ultimo ID: 11260
2026-08-01 22:37:16,017 [INFO    ] capture.log_capture: 10 eventos publicados en el stream 'moodle_logs'. Ultimo ID: 11270
2026-08-01 22:37:26,024 [INFO    ] capture.log_capture: 13 eventos publicados en el stream 'moodle_logs'. Ultimo ID: 11283
2026-08-01 22:37:36,029 [INFO    ] capture.log_capture: 10 eventos publicados en el stream 'moodle_logs'. Ultimo ID: 11293
2026-08-01 22:37:46,037 [INFO    ] capture.log_capture: 12 eventos publicados en el stream 'moodle_logs'. Ultimo ID: 11305
2026-08-01 22:37:56,046 [INFO    ] capture.log_capture: 13 eventos publicados en el stream 'moodle_logs'. Ultimo ID: 11318
2026-08-01 22:38:06,052 [INFO    ] capture.log_capture: 10 eventos publicados en el stream 'moodle_logs'. Ultimo ID: 11328
2026-08-01 22:38:16,057 [INFO    ] capture.log_capture: 13 eventos publicados en el stream 'moodle_logs'. Ultimo ID: 11341
2026-08-01 22:38:26,065 [INFO    ] capture.log_capture: 12 eventos publicados en el stream 'moodle_logs'. Ultimo ID: 11353
2026-08-01 22:38:36,072 [INFO    ] capture.log_capture: 12 eventos publicados en el stream 'moodle_logs'. Ultimo ID: 11365
2026-08-01 22:38:46,088 [INFO    ] capture.log_capture: 56 eventos publicados en el stream 'moodle_logs'. Ultimo ID: 11421
2026-08-01 22:38:56,094 [INFO    ] capture.log_capture: 11 eventos publicados en el stream 'moodle_logs'. Ultimo ID: 11432
2026-08-01 22:39:06,102 [INFO    ] capture.log_capture: 12 eventos publicados en el stream 'moodle_logs'. Ultimo ID: 11444
2026-08-01 22:39:16,108 [INFO    ] capture.log_capture: 2 eventos publicados en el stream 'moodle_logs'. Ultimo ID: 11446
2026-08-01 22:42:46,153 [INFO    ] capture.log_capture: 1 eventos publicados en el stream 'moodle_logs'. Ultimo ID: 11447
2026-08-01 22:42:56,159 [INFO    ] capture.log_capture: 1 eventos publicados en el stream 'moodle_logs'. Ultimo ID: 11448
2026-08-01 22:43:46,172 [INFO    ] capture.log_capture: 3 eventos publicados en el stream 'moodle_logs'. Ultimo ID: 11451
2026-08-01 22:43:56,189 [INFO    ] capture.log_capture: 61 eventos publicados en el stream 'moodle_logs'. Ultimo ID: 11512
2026-08-01 22:44:06,196 [INFO    ] capture.log_capture: 30 eventos publicados en el stream 'moodle_logs'. Ultimo ID: 11542
2026-08-01 22:44:16,219 [INFO    ] capture.log_capture: 29 eventos publicados en el stream 'moodle_logs'. Ultimo ID: 11571
2026-08-01 22:44:26,229 [INFO    ] capture.log_capture: 9 eventos publicados en el stream 'moodle_logs'. Ultimo ID: 11580
2026-08-01 22:44:36,240 [INFO    ] capture.log_capture: 24 eventos publicados en el stream 'moodle_logs'. Ultimo ID: 11604
2026-08-01 22:44:46,252 [INFO    ] capture.log_capture: 17 eventos publicados en el stream 'moodle_logs'. Ultimo ID: 11621
2026-08-01 22:44:56,272 [INFO    ] capture.log_capture: 13 eventos publicados en el stream 'moodle_logs'. Ultimo ID: 11634
2026-08-01 22:45:06,282 [INFO    ] capture.log_capture: 11 eventos publicados en el stream 'moodle_logs'. Ultimo ID: 11645
2026-08-01 22:45:16,293 [INFO    ] capture.log_capture: 13 eventos publicados en el stream 'moodle_logs'. Ultimo ID: 11658
2026-08-01 22:45:26,303 [INFO    ] capture.log_capture: 13 eventos publicados en el stream 'moodle_logs'. Ultimo ID: 11671
2026-08-01 22:47:21,588 [INFO    ] main: Sinal de parada recibida. Terminando subsistemas...
2026-08-01 22:47:21,589 [INFO    ] capture.log_capture: Subsistema de captura detenido.
2026-08-02 14:03:46,612 [INFO    ] main: ============================================================
2026-08-02 14:03:46,612 [INFO    ] main: Sistema de Deteccion Temprana de Anomalias - UCI Moodle
2026-08-02 14:03:46,612 [INFO    ] main: ============================================================
2026-08-02 14:03:46,616 [INFO    ] capture.log_capture: Grupo de consumo ya existe.
2026-08-04 10:30:38,917 [INFO    ] main: ============================================================
2026-08-04 10:30:38,917 [INFO    ] main: Sistema de Deteccion Temprana de Anomalias - UCI Moodle
2026-08-04 10:30:38,917 [INFO    ] main: ============================================================
2026-08-04 10:30:38,922 [INFO    ] capture.log_capture: Grupo de consumo ya existe.
2026-08-04 10:30:39,003 [INFO    ] mysql.connector: package: mysql.connector.plugins
2026-08-04 10:30:39,004 [INFO    ] mysql.connector: plugin_name: mysql_native_password
2026-08-04 10:30:39,004 [INFO    ] mysql.connector: AUTHENTICATION_PLUGIN_CLASS: MySQLNativePasswordAuthPlugin
2026-08-04 10:30:39,006 [INFO    ] capture.log_capture: Conexion a Moodle DB establecida.
2026-08-04 10:30:39,006 [INFO    ] capture.log_capture: Ultimo ID de log recuperado de Redis: 11682
2026-08-04 10:30:39,014 [INFO    ] dashboard.influx_writer: Conexion a InfluxDB establecida: http://localhost:8086 (bucket=moodle_metrics)
2026-08-04 10:30:39,014 [INFO    ] models.lstm_model: Modelo LSTM cargado desde disco.
2026-08-04 10:30:39,015 [INFO    ] capture.log_capture: Subsistema de captura iniciado. Intervalo: 10s
2026-08-04 10:30:39,015 [INFO    ] main: Hilo 'Capture' iniciado.
2026-08-04 10:30:39,015 [INFO    ] preprocessing.preprocessor: Preprocesador iniciado. Ventana: 60s
2026-08-04 10:30:39,015 [INFO    ] main: Hilo 'Preprocessor' iniciado.
2026-08-04 10:30:39,016 [INFO    ] main: Motor de analisis iniciado.
2026-08-04 10:30:39,016 [INFO    ] main: Hilo 'Analytics' iniciado.
2026-08-04 10:30:39,017 [INFO    ] main: Sistema en ejecucion. Presione Ctrl+C para detener.
2026-08-04 10:31:29,040 [INFO    ] capture.log_capture: 94 eventos publicados en el stream 'moodle_logs'. Ultimo ID: 11776
2026-08-04 10:31:39,139 [INFO    ] capture.log_capture: 34 eventos publicados en el stream 'moodle_logs'. Ultimo ID: 11810
2026-08-04 10:31:49,161 [INFO    ] capture.log_capture: 37 eventos publicados en el stream 'moodle_logs'. Ultimo ID: 11847
2026-08-04 10:31:59,179 [INFO    ] capture.log_capture: 35 eventos publicados en el stream 'moodle_logs'. Ultimo ID: 11882
2026-08-04 10:32:09,187 [INFO    ] capture.log_capture: 20 eventos publicados en el stream 'moodle_logs'. Ultimo ID: 11902
2026-08-04 10:36:39,259 [INFO    ] capture.log_capture: 45 eventos publicados en el stream 'moodle_logs'. Ultimo ID: 11947
2026-08-04 10:37:09,269 [INFO    ] capture.log_capture: 4 eventos publicados en el stream 'moodle_logs'. Ultimo ID: 11951
2026-08-04 10:37:39,289 [INFO    ] capture.log_capture: 45 eventos publicados en el stream 'moodle_logs'. Ultimo ID: 11996
2026-08-04 10:38:09,299 [INFO    ] capture.log_capture: 10 eventos publicados en el stream 'moodle_logs'. Ultimo ID: 12006
2026-08-04 10:38:19,318 [INFO    ] capture.log_capture: 43 eventos publicados en el stream 'moodle_logs'. Ultimo ID: 12049
2026-08-04 10:38:49,330 [INFO    ] capture.log_capture: 12 eventos publicados en el stream 'moodle_logs'. Ultimo ID: 12061
2026-08-04 10:38:59,333 [INFO    ] capture.log_capture: 1 eventos publicados en el stream 'moodle_logs'. Ultimo ID: 12062
2026-08-04 10:39:19,342 [INFO    ] capture.log_capture: 9 eventos publicados en el stream 'moodle_logs'. Ultimo ID: 12071
2026-08-04 10:39:49,351 [INFO    ] capture.log_capture: 5 eventos publicados en el stream 'moodle_logs'. Ultimo ID: 12076
2026-08-04 10:39:59,355 [INFO    ] capture.log_capture: 1 eventos publicados en el stream 'moodle_logs'. Ultimo ID: 12077
2026-08-04 10:40:29,363 [INFO    ] capture.log_capture: 3 eventos publicados en el stream 'moodle_logs'. Ultimo ID: 12080
2026-08-04 10:40:49,371 [INFO    ] capture.log_capture: 3 eventos publicados en el stream 'moodle_logs'. Ultimo ID: 12083
2026-08-04 10:40:59,375 [INFO    ] capture.log_capture: 1 eventos publicados en el stream 'moodle_logs'. Ultimo ID: 12084
2026-08-04 10:41:19,384 [INFO    ] capture.log_capture: 7 eventos publicados en el stream 'moodle_logs'. Ultimo ID: 12091
2026-08-04 10:41:39,391 [INFO    ] capture.log_capture: 3 eventos publicados en el stream 'moodle_logs'. Ultimo ID: 12094
2026-08-04 10:41:49,396 [INFO    ] capture.log_capture: 4 eventos publicados en el stream 'moodle_logs'. Ultimo ID: 12098
2026-08-04 10:42:09,403 [INFO    ] capture.log_capture: 3 eventos publicados en el stream 'moodle_logs'. Ultimo ID: 12101
2026-08-04 10:42:39,413 [INFO    ] capture.log_capture: 5 eventos publicados en el stream 'moodle_logs'. Ultimo ID: 12106
2026-08-04 10:43:09,422 [INFO    ] capture.log_capture: 6 eventos publicados en el stream 'moodle_logs'. Ultimo ID: 12112
2026-08-04 10:43:39,434 [INFO    ] capture.log_capture: 6 eventos publicados en el stream 'moodle_logs'. Ultimo ID: 12118
2026-08-04 10:44:09,442 [INFO    ] capture.log_capture: 4 eventos publicados en el stream 'moodle_logs'. Ultimo ID: 12122
2026-08-04 10:44:19,447 [INFO    ] capture.log_capture: 2 eventos publicados en el stream 'moodle_logs'. Ultimo ID: 12124
2026-08-04 10:44:49,458 [INFO    ] capture.log_capture: 6 eventos publicados en el stream 'moodle_logs'. Ultimo ID: 12130
2026-08-04 10:45:19,469 [INFO    ] capture.log_capture: 5 eventos publicados en el stream 'moodle_logs'. Ultimo ID: 12135
2026-08-04 10:45:59,481 [INFO    ] capture.log_capture: 7 eventos publicados en el stream 'moodle_logs'. Ultimo ID: 12142
2026-08-04 10:46:29,492 [INFO    ] capture.log_capture: 6 eventos publicados en el stream 'moodle_logs'. Ultimo ID: 12148
2026-08-04 10:46:59,503 [INFO    ] capture.log_capture: 6 eventos publicados en el stream 'moodle_logs'. Ultimo ID: 12154
2026-08-04 10:47:19,512 [INFO    ] capture.log_capture: 5 eventos publicados en el stream 'moodle_logs'. Ultimo ID: 12159
2026-08-04 10:47:39,519 [INFO    ] capture.log_capture: 5 eventos publicados en el stream 'moodle_logs'. Ultimo ID: 12164
2026-08-04 10:48:09,529 [INFO    ] capture.log_capture: 6 eventos publicados en el stream 'moodle_logs'. Ultimo ID: 12170
2026-08-04 10:48:29,537 [INFO    ] capture.log_capture: 6 eventos publicados en el stream 'moodle_logs'. Ultimo ID: 12176
2026-08-04 10:48:59,547 [INFO    ] capture.log_capture: 3 eventos publicados en el stream 'moodle_logs'. Ultimo ID: 12179
2026-08-04 10:49:29,555 [INFO    ] capture.log_capture: 5 eventos publicados en el stream 'moodle_logs'. Ultimo ID: 12184
2026-08-04 10:49:49,565 [INFO    ] capture.log_capture: 8 eventos publicados en el stream 'moodle_logs'. Ultimo ID: 12192
2026-08-04 10:50:19,576 [INFO    ] capture.log_capture: 6 eventos publicados en el stream 'moodle_logs'. Ultimo ID: 12198
2026-08-04 10:50:39,585 [INFO    ] capture.log_capture: 5 eventos publicados en el stream 'moodle_logs'. Ultimo ID: 12203
2026-08-04 10:51:09,597 [INFO    ] capture.log_capture: 5 eventos publicados en el stream 'moodle_logs'. Ultimo ID: 12208
2026-08-04 10:51:39,607 [INFO    ] capture.log_capture: 3 eventos publicados en el stream 'moodle_logs'. Ultimo ID: 12211
2026-08-04 10:52:09,617 [INFO    ] capture.log_capture: 8 eventos publicados en el stream 'moodle_logs'. Ultimo ID: 12219
2026-08-04 10:52:39,626 [INFO    ] capture.log_capture: 8 eventos publicados en el stream 'moodle_logs'. Ultimo ID: 12227
2026-08-04 10:53:09,637 [INFO    ] capture.log_capture: 7 eventos publicados en el stream 'moodle_logs'. Ultimo ID: 12234
2026-08-04 10:53:29,646 [INFO    ] capture.log_capture: 8 eventos publicados en el stream 'moodle_logs'. Ultimo ID: 12242
2026-08-04 10:53:59,658 [INFO    ] capture.log_capture: 7 eventos publicados en el stream 'moodle_logs'. Ultimo ID: 12249
2026-08-04 10:54:29,669 [INFO    ] capture.log_capture: 8 eventos publicados en el stream 'moodle_logs'. Ultimo ID: 12257
2026-08-04 10:54:49,676 [INFO    ] capture.log_capture: 1 eventos publicados en el stream 'moodle_logs'. Ultimo ID: 12258
2026-08-04 10:54:59,682 [INFO    ] capture.log_capture: 5 eventos publicados en el stream 'moodle_logs'. Ultimo ID: 12263
2026-08-04 10:55:19,691 [INFO    ] capture.log_capture: 5 eventos publicados en el stream 'moodle_logs'. Ultimo ID: 12268
2026-08-04 10:55:49,701 [INFO    ] capture.log_capture: 6 eventos publicados en el stream 'moodle_logs'. Ultimo ID: 12274
2026-08-04 10:56:19,709 [INFO    ] capture.log_capture: 5 eventos publicados en el stream 'moodle_logs'. Ultimo ID: 12279
2026-08-04 10:56:49,718 [INFO    ] capture.log_capture: 4 eventos publicados en el stream 'moodle_logs'. Ultimo ID: 12283
2026-08-04 10:57:29,730 [INFO    ] capture.log_capture: 4 eventos publicados en el stream 'moodle_logs'. Ultimo ID: 12287
2026-08-04 10:57:49,738 [INFO    ] capture.log_capture: 6 eventos publicados en el stream 'moodle_logs'. Ultimo ID: 12293
2026-08-04 10:58:19,747 [INFO    ] capture.log_capture: 4 eventos publicados en el stream 'moodle_logs'. Ultimo ID: 12297
2026-08-04 10:58:59,757 [INFO    ] capture.log_capture: 6 eventos publicados en el stream 'moodle_logs'. Ultimo ID: 12303
2026-08-04 10:59:19,765 [INFO    ] capture.log_capture: 8 eventos publicados en el stream 'moodle_logs'. Ultimo ID: 12311
2026-08-04 10:59:49,774 [INFO    ] capture.log_capture: 4 eventos publicados en el stream 'moodle_logs'. Ultimo ID: 12315
2026-08-04 11:00:29,786 [INFO    ] capture.log_capture: 3 eventos publicados en el stream 'moodle_logs'. Ultimo ID: 12318
2026-08-04 11:00:49,795 [INFO    ] capture.log_capture: 7 eventos publicados en el stream 'moodle_logs'. Ultimo ID: 12325
2026-08-04 11:00:59,800 [INFO    ] capture.log_capture: 1 eventos publicados en el stream 'moodle_logs'. Ultimo ID: 12326
2026-08-04 11:01:19,807 [INFO    ] capture.log_capture: 8 eventos publicados en el stream 'moodle_logs'. Ultimo ID: 12334
2026-08-04 11:01:49,818 [INFO    ] capture.log_capture: 8 eventos publicados en el stream 'moodle_logs'. Ultimo ID: 12342
2026-08-04 11:02:19,827 [INFO    ] capture.log_capture: 3 eventos publicados en el stream 'moodle_logs'. Ultimo ID: 12345
2026-08-04 11:02:49,838 [INFO    ] capture.log_capture: 8 eventos publicados en el stream 'moodle_logs'. Ultimo ID: 12353
2026-08-04 11:03:19,849 [INFO    ] capture.log_capture: 6 eventos publicados en el stream 'moodle_logs'. Ultimo ID: 12359
2026-08-04 11:03:49,859 [INFO    ] capture.log_capture: 7 eventos publicados en el stream 'moodle_logs'. Ultimo ID: 12366
2026-08-04 11:04:19,867 [INFO    ] capture.log_capture: 5 eventos publicados en el stream 'moodle_logs'. Ultimo ID: 12371
2026-08-04 11:04:29,873 [INFO    ] capture.log_capture: 3 eventos publicados en el stream 'moodle_logs'. Ultimo ID: 12374
2026-08-04 11:04:49,880 [INFO    ] capture.log_capture: 4 eventos publicados en el stream 'moodle_logs'. Ultimo ID: 12378
2026-08-04 11:04:59,885 [INFO    ] capture.log_capture: 2 eventos publicados en el stream 'moodle_logs'. Ultimo ID: 12380
2026-08-04 11:05:19,892 [INFO    ] capture.log_capture: 7 eventos publicados en el stream 'moodle_logs'. Ultimo ID: 12387
2026-08-04 11:05:49,904 [INFO    ] capture.log_capture: 8 eventos publicados en el stream 'moodle_logs'. Ultimo ID: 12395
2026-08-04 11:06:19,914 [INFO    ] capture.log_capture: 8 eventos publicados en el stream 'moodle_logs'. Ultimo ID: 12403
2026-08-04 11:06:49,922 [INFO    ] capture.log_capture: 6 eventos publicados en el stream 'moodle_logs'. Ultimo ID: 12409
2026-08-04 11:07:19,931 [INFO    ] capture.log_capture: 7 eventos publicados en el stream 'moodle_logs'. Ultimo ID: 12416
2026-08-04 11:07:49,940 [INFO    ] capture.log_capture: 5 eventos publicados en el stream 'moodle_logs'. Ultimo ID: 12421
2026-08-04 11:08:19,948 [INFO    ] capture.log_capture: 4 eventos publicados en el stream 'moodle_logs'. Ultimo ID: 12425
2026-08-04 11:08:29,953 [INFO    ] capture.log_capture: 1 eventos publicados en el stream 'moodle_logs'. Ultimo ID: 12426
2026-08-04 11:08:49,962 [INFO    ] capture.log_capture: 7 eventos publicados en el stream 'moodle_logs'. Ultimo ID: 12433
2026-08-04 11:09:09,968 [INFO    ] capture.log_capture: 7 eventos publicados en el stream 'moodle_logs'. Ultimo ID: 12440
2026-08-04 11:09:19,973 [INFO    ] capture.log_capture: 1 eventos publicados en el stream 'moodle_logs'. Ultimo ID: 12441
2026-08-04 11:09:39,979 [INFO    ] capture.log_capture: 3 eventos publicados en el stream 'moodle_logs'. Ultimo ID: 12444
2026-08-04 11:10:09,989 [INFO    ] capture.log_capture: 5 eventos publicados en el stream 'moodle_logs'. Ultimo ID: 12449
2026-08-04 11:10:39,999 [INFO    ] capture.log_capture: 3 eventos publicados en el stream 'moodle_logs'. Ultimo ID: 12452
2026-08-04 11:11:10,010 [INFO    ] capture.log_capture: 7 eventos publicados en el stream 'moodle_logs'. Ultimo ID: 12459
2026-08-04 11:11:50,022 [INFO    ] capture.log_capture: 3 eventos publicados en el stream 'moodle_logs'. Ultimo ID: 12462
2026-08-04 11:12:10,029 [INFO    ] capture.log_capture: 4 eventos publicados en el stream 'moodle_logs'. Ultimo ID: 12466
2026-08-04 11:12:40,039 [INFO    ] capture.log_capture: 5 eventos publicados en el stream 'moodle_logs'. Ultimo ID: 12471
2026-08-04 11:13:10,051 [INFO    ] capture.log_capture: 6 eventos publicados en el stream 'moodle_logs'. Ultimo ID: 12477
2026-08-04 11:13:30,058 [INFO    ] capture.log_capture: 2 eventos publicados en el stream 'moodle_logs'. Ultimo ID: 12479
2026-08-04 11:13:40,065 [INFO    ] capture.log_capture: 6 eventos publicados en el stream 'moodle_logs'. Ultimo ID: 12485
2026-08-04 11:14:10,076 [INFO    ] capture.log_capture: 6 eventos publicados en el stream 'moodle_logs'. Ultimo ID: 12491
2026-08-04 11:14:30,082 [INFO    ] capture.log_capture: 5 eventos publicados en el stream 'moodle_logs'. Ultimo ID: 12496
2026-08-04 11:15:00,093 [INFO    ] capture.log_capture: 8 eventos publicados en el stream 'moodle_logs'. Ultimo ID: 12504
2026-08-04 11:15:40,105 [INFO    ] capture.log_capture: 5 eventos publicados en el stream 'moodle_logs'. Ultimo ID: 12509
2026-08-04 11:16:00,112 [INFO    ] capture.log_capture: 3 eventos publicados en el stream 'moodle_logs'. Ultimo ID: 12512
2026-08-04 11:16:30,125 [INFO    ] capture.log_capture: 7 eventos publicados en el stream 'moodle_logs'. Ultimo ID: 12519
2026-08-04 11:17:00,136 [INFO    ] capture.log_capture: 6 eventos publicados en el stream 'moodle_logs'. Ultimo ID: 12525
2026-08-04 11:17:20,145 [INFO    ] capture.log_capture: 6 eventos publicados en el stream 'moodle_logs'. Ultimo ID: 12531
2026-08-04 11:17:30,151 [INFO    ] capture.log_capture: 2 eventos publicados en el stream 'moodle_logs'. Ultimo ID: 12533
2026-08-04 11:18:00,163 [INFO    ] capture.log_capture: 8 eventos publicados en el stream 'moodle_logs'. Ultimo ID: 12541
2026-08-04 11:18:30,172 [INFO    ] capture.log_capture: 2 eventos publicados en el stream 'moodle_logs'. Ultimo ID: 12543
2026-08-04 11:18:40,178 [INFO    ] capture.log_capture: 5 eventos publicados en el stream 'moodle_logs'. Ultimo ID: 12548
2026-08-04 11:19:00,187 [INFO    ] capture.log_capture: 5 eventos publicados en el stream 'moodle_logs'. Ultimo ID: 12553
2026-08-04 11:19:30,193 [WARNING ] capture.log_capture: Conexion perdida con Moodle DB. Reconectando...
2026-08-04 11:19:30,561 [INFO    ] main: Sinal de parada recibida. Terminando subsistemas...
2026-08-04 11:19:30,561 [INFO    ] capture.log_capture: Subsistema de captura detenido.
2026-08-04 13:06:54,192 [INFO    ] main: ============================================================
2026-08-04 13:06:54,193 [INFO    ] main: Sistema de Deteccion Temprana de Anomalias - UCI Moodle
2026-08-04 13:06:54,193 [INFO    ] main: ============================================================
2026-08-04 13:06:54,198 [INFO    ] capture.log_capture: Grupo de consumo ya existe.
2026-08-04 13:06:54,295 [INFO    ] mysql.connector: package: mysql.connector.plugins
2026-08-04 13:06:54,295 [INFO    ] mysql.connector: plugin_name: mysql_native_password
2026-08-04 13:06:54,296 [INFO    ] mysql.connector: AUTHENTICATION_PLUGIN_CLASS: MySQLNativePasswordAuthPlugin
2026-08-04 13:06:54,297 [INFO    ] capture.log_capture: Conexion a Moodle DB establecida.
2026-08-04 13:06:54,298 [INFO    ] capture.log_capture: Ultimo ID de log recuperado de Redis: 12553
2026-08-04 13:06:54,308 [INFO    ] dashboard.influx_writer: Conexion a InfluxDB establecida: http://localhost:8086 (bucket=moodle_metrics)
2026-08-04 13:06:54,308 [INFO    ] models.lstm_model: Modelo LSTM cargado desde disco.
2026-08-04 13:06:54,308 [INFO    ] capture.log_capture: Subsistema de captura iniciado. Intervalo: 10s
2026-08-04 13:06:54,309 [INFO    ] main: Hilo 'Capture' iniciado.
2026-08-04 13:06:54,309 [INFO    ] preprocessing.preprocessor: Preprocesador iniciado. Ventana: 60s
2026-08-04 13:06:54,309 [INFO    ] main: Hilo 'Preprocessor' iniciado.
2026-08-04 13:06:54,311 [INFO    ] main: Motor de analisis iniciado.
2026-08-04 13:06:54,311 [INFO    ] main: Hilo 'Analytics' iniciado.
2026-08-04 13:06:54,312 [INFO    ] main: Sistema en ejecucion. Presione Ctrl+C para detener.
2026-08-04 13:06:54,315 [INFO    ] capture.log_capture: 2 eventos publicados en el stream 'moodle_logs'. Ultimo ID: 12555
2026-08-04 13:07:24,327 [INFO    ] capture.log_capture: 21 eventos publicados en el stream 'moodle_logs'. Ultimo ID: 12576
2026-08-04 13:07:34,337 [INFO    ] capture.log_capture: 25 eventos publicados en el stream 'moodle_logs'. Ultimo ID: 12601
2026-08-04 13:07:54,344 [INFO    ] capture.log_capture: 3 eventos publicados en el stream 'moodle_logs'. Ultimo ID: 12604
2026-08-04 13:08:24,354 [INFO    ] capture.log_capture: 4 eventos publicados en el stream 'moodle_logs'. Ultimo ID: 12608
2026-08-04 13:08:54,365 [INFO    ] capture.log_capture: 6 eventos publicados en el stream 'moodle_logs'. Ultimo ID: 12614
2026-08-04 13:09:24,376 [INFO    ] capture.log_capture: 7 eventos publicados en el stream 'moodle_logs'. Ultimo ID: 12621
2026-08-04 13:09:54,384 [INFO    ] capture.log_capture: 4 eventos publicados en el stream 'moodle_logs'. Ultimo ID: 12625
2026-08-04 13:10:24,394 [INFO    ] capture.log_capture: 3 eventos publicados en el stream 'moodle_logs'. Ultimo ID: 12628
2026-08-04 13:10:44,403 [INFO    ] capture.log_capture: 3 eventos publicados en el stream 'moodle_logs'. Ultimo ID: 12631
2026-08-04 13:11:24,414 [INFO    ] capture.log_capture: 4 eventos publicados en el stream 'moodle_logs'. Ultimo ID: 12635
2026-08-04 13:11:54,426 [INFO    ] capture.log_capture: 5 eventos publicados en el stream 'moodle_logs'. Ultimo ID: 12640
2026-08-04 13:12:24,435 [INFO    ] capture.log_capture: 6 eventos publicados en el stream 'moodle_logs'. Ultimo ID: 12646
2026-08-04 13:12:44,443 [INFO    ] capture.log_capture: 3 eventos publicados en el stream 'moodle_logs'. Ultimo ID: 12649
2026-08-04 13:13:14,453 [INFO    ] capture.log_capture: 5 eventos publicados en el stream 'moodle_logs'. Ultimo ID: 12654
2026-08-04 13:13:44,467 [INFO    ] capture.log_capture: 8 eventos publicados en el stream 'moodle_logs'. Ultimo ID: 12662
2026-08-04 13:14:14,475 [INFO    ] capture.log_capture: 7 eventos publicados en el stream 'moodle_logs'. Ultimo ID: 12669
2026-08-04 13:14:34,482 [INFO    ] capture.log_capture: 4 eventos publicados en el stream 'moodle_logs'. Ultimo ID: 12673
2026-08-04 13:14:54,488 [INFO    ] capture.log_capture: 8 eventos publicados en el stream 'moodle_logs'. Ultimo ID: 12681
2026-08-04 13:15:24,499 [INFO    ] capture.log_capture: 6 eventos publicados en el stream 'moodle_logs'. Ultimo ID: 12687
2026-08-04 13:15:44,508 [INFO    ] capture.log_capture: 6 eventos publicados en el stream 'moodle_logs'. Ultimo ID: 12693
2026-08-04 13:16:14,519 [INFO    ] capture.log_capture: 5 eventos publicados en el stream 'moodle_logs'. Ultimo ID: 12698
2026-08-04 13:16:44,527 [INFO    ] capture.log_capture: 7 eventos publicados en el stream 'moodle_logs'. Ultimo ID: 12705
2026-08-04 13:17:14,539 [INFO    ] capture.log_capture: 6 eventos publicados en el stream 'moodle_logs'. Ultimo ID: 12711
2026-08-04 13:17:34,549 [INFO    ] capture.log_capture: 8 eventos publicados en el stream 'moodle_logs'. Ultimo ID: 12719
2026-08-04 13:18:04,559 [INFO    ] capture.log_capture: 6 eventos publicados en el stream 'moodle_logs'. Ultimo ID: 12725
2026-08-04 13:18:34,571 [INFO    ] capture.log_capture: 3 eventos publicados en el stream 'moodle_logs'. Ultimo ID: 12728
2026-08-04 13:19:04,580 [INFO    ] capture.log_capture: 3 eventos publicados en el stream 'moodle_logs'. Ultimo ID: 12731
2026-08-04 13:19:34,589 [INFO    ] capture.log_capture: 3 eventos publicados en el stream 'moodle_logs'. Ultimo ID: 12734
2026-08-04 13:19:44,595 [INFO    ] capture.log_capture: 5 eventos publicados en el stream 'moodle_logs'. Ultimo ID: 12739
2026-08-04 13:20:14,605 [INFO    ] capture.log_capture: 6 eventos publicados en el stream 'moodle_logs'. Ultimo ID: 12745
2026-08-04 13:20:34,613 [INFO    ] capture.log_capture: 3 eventos publicados en el stream 'moodle_logs'. Ultimo ID: 12748
2026-08-04 13:21:04,622 [INFO    ] capture.log_capture: 3 eventos publicados en el stream 'moodle_logs'. Ultimo ID: 12751
2026-08-04 13:21:24,628 [INFO    ] capture.log_capture: 1 eventos publicados en el stream 'moodle_logs'. Ultimo ID: 12752
2026-08-04 13:21:34,634 [INFO    ] capture.log_capture: 3 eventos publicados en el stream 'moodle_logs'. Ultimo ID: 12755
2026-08-04 13:22:04,647 [INFO    ] capture.log_capture: 8 eventos publicados en el stream 'moodle_logs'. Ultimo ID: 12763
2026-08-04 13:22:34,658 [INFO    ] capture.log_capture: 8 eventos publicados en el stream 'moodle_logs'. Ultimo ID: 12771
2026-08-04 13:23:04,669 [INFO    ] capture.log_capture: 7 eventos publicados en el stream 'moodle_logs'. Ultimo ID: 12778
2026-08-04 13:23:44,678 [INFO    ] capture.log_capture: 3 eventos publicados en el stream 'moodle_logs'. Ultimo ID: 12781
2026-08-04 13:24:04,686 [INFO    ] capture.log_capture: 2 eventos publicados en el stream 'moodle_logs'. Ultimo ID: 12783
2026-08-04 13:24:14,691 [INFO    ] capture.log_capture: 1 eventos publicados en el stream 'moodle_logs'. Ultimo ID: 12784
2026-08-04 13:24:34,699 [INFO    ] capture.log_capture: 4 eventos publicados en el stream 'moodle_logs'. Ultimo ID: 12788
2026-08-04 13:25:04,710 [INFO    ] capture.log_capture: 5 eventos publicados en el stream 'moodle_logs'. Ultimo ID: 12793
2026-08-04 13:25:34,721 [INFO    ] capture.log_capture: 6 eventos publicados en el stream 'moodle_logs'. Ultimo ID: 12799
2026-08-04 13:25:54,730 [INFO    ] capture.log_capture: 8 eventos publicados en el stream 'moodle_logs'. Ultimo ID: 12807
2026-08-04 13:26:34,744 [INFO    ] capture.log_capture: 7 eventos publicados en el stream 'moodle_logs'. Ultimo ID: 12814
2026-08-04 13:26:54,751 [INFO    ] capture.log_capture: 2 eventos publicados en el stream 'moodle_logs'. Ultimo ID: 12816
2026-08-04 13:27:04,757 [INFO    ] capture.log_capture: 6 eventos publicados en el stream 'moodle_logs'. Ultimo ID: 12822
2026-08-04 13:27:24,765 [INFO    ] capture.log_capture: 7 eventos publicados en el stream 'moodle_logs'. Ultimo ID: 12829
2026-08-04 13:27:44,773 [INFO    ] capture.log_capture: 8 eventos publicados en el stream 'moodle_logs'. Ultimo ID: 12837
2026-08-04 13:28:14,784 [INFO    ] capture.log_capture: 6 eventos publicados en el stream 'moodle_logs'. Ultimo ID: 12843
2026-08-04 13:28:44,793 [INFO    ] capture.log_capture: 4 eventos publicados en el stream 'moodle_logs'. Ultimo ID: 12847
2026-08-04 13:29:14,804 [INFO    ] capture.log_capture: 8 eventos publicados en el stream 'moodle_logs'. Ultimo ID: 12855
2026-08-04 13:29:44,816 [INFO    ] capture.log_capture: 6 eventos publicados en el stream 'moodle_logs'. Ultimo ID: 12861
2026-08-04 13:30:04,822 [INFO    ] capture.log_capture: 2 eventos publicados en el stream 'moodle_logs'. Ultimo ID: 12863
2026-08-04 13:30:14,827 [INFO    ] capture.log_capture: 1 eventos publicados en el stream 'moodle_logs'. Ultimo ID: 12864
2026-08-04 13:30:34,835 [INFO    ] capture.log_capture: 7 eventos publicados en el stream 'moodle_logs'. Ultimo ID: 12871
2026-08-04 13:31:04,846 [INFO    ] capture.log_capture: 6 eventos publicados en el stream 'moodle_logs'. Ultimo ID: 12877
2026-08-04 13:31:44,859 [INFO    ] capture.log_capture: 4 eventos publicados en el stream 'moodle_logs'. Ultimo ID: 12881
2026-08-04 13:32:04,868 [INFO    ] capture.log_capture: 7 eventos publicados en el stream 'moodle_logs'. Ultimo ID: 12888
2026-08-04 13:32:24,876 [INFO    ] capture.log_capture: 4 eventos publicados en el stream 'moodle_logs'. Ultimo ID: 12892
2026-08-04 13:32:54,886 [INFO    ] capture.log_capture: 4 eventos publicados en el stream 'moodle_logs'. Ultimo ID: 12896
2026-08-04 13:33:14,892 [INFO    ] capture.log_capture: 1 eventos publicados en el stream 'moodle_logs'. Ultimo ID: 12897
2026-08-04 13:33:24,897 [INFO    ] capture.log_capture: 3 eventos publicados en el stream 'moodle_logs'. Ultimo ID: 12900
2026-08-04 13:33:44,906 [INFO    ] capture.log_capture: 4 eventos publicados en el stream 'moodle_logs'. Ultimo ID: 12904
2026-08-04 13:34:04,915 [INFO    ] capture.log_capture: 5 eventos publicados en el stream 'moodle_logs'. Ultimo ID: 12909
2026-08-04 13:34:34,926 [INFO    ] capture.log_capture: 4 eventos publicados en el stream 'moodle_logs'. Ultimo ID: 12913
2026-08-04 13:34:54,933 [INFO    ] capture.log_capture: 5 eventos publicados en el stream 'moodle_logs'. Ultimo ID: 12918
2026-08-04 13:35:24,943 [INFO    ] capture.log_capture: 7 eventos publicados en el stream 'moodle_logs'. Ultimo ID: 12925
2026-08-04 13:35:54,952 [INFO    ] capture.log_capture: 5 eventos publicados en el stream 'moodle_logs'. Ultimo ID: 12930
2026-08-04 13:36:04,958 [INFO    ] capture.log_capture: 3 eventos publicados en el stream 'moodle_logs'. Ultimo ID: 12933
2026-08-04 13:36:24,967 [INFO    ] capture.log_capture: 6 eventos publicados en el stream 'moodle_logs'. Ultimo ID: 12939
2026-08-04 13:36:44,976 [INFO    ] capture.log_capture: 5 eventos publicados en el stream 'moodle_logs'. Ultimo ID: 12944
2026-08-04 13:37:14,986 [INFO    ] capture.log_capture: 3 eventos publicados en el stream 'moodle_logs'. Ultimo ID: 12947
2026-08-04 13:37:34,995 [INFO    ] capture.log_capture: 7 eventos publicados en el stream 'moodle_logs'. Ultimo ID: 12954
2026-08-04 13:38:05,007 [INFO    ] capture.log_capture: 7 eventos publicados en el stream 'moodle_logs'. Ultimo ID: 12961
2026-08-04 13:38:25,015 [INFO    ] capture.log_capture: 7 eventos publicados en el stream 'moodle_logs'. Ultimo ID: 12968
2026-08-04 13:39:05,025 [INFO    ] capture.log_capture: 5 eventos publicados en el stream 'moodle_logs'. Ultimo ID: 12973
2026-08-04 13:39:35,033 [INFO    ] capture.log_capture: 4 eventos publicados en el stream 'moodle_logs'. Ultimo ID: 12977
2026-08-04 13:40:05,044 [INFO    ] capture.log_capture: 7 eventos publicados en el stream 'moodle_logs'. Ultimo ID: 12984
2026-08-04 13:40:25,050 [INFO    ] capture.log_capture: 2 eventos publicados en el stream 'moodle_logs'. Ultimo ID: 12986
2026-08-04 13:40:35,054 [INFO    ] capture.log_capture: 1 eventos publicados en el stream 'moodle_logs'. Ultimo ID: 12987
2026-08-04 13:40:55,060 [INFO    ] capture.log_capture: 6 eventos publicados en el stream 'moodle_logs'. Ultimo ID: 12993
2026-08-04 13:41:25,071 [INFO    ] capture.log_capture: 4 eventos publicados en el stream 'moodle_logs'. Ultimo ID: 12997
2026-08-04 13:41:55,082 [INFO    ] capture.log_capture: 4 eventos publicados en el stream 'moodle_logs'. Ultimo ID: 13001
2026-08-04 13:42:15,089 [INFO    ] capture.log_capture: 3 eventos publicados en el stream 'moodle_logs'. Ultimo ID: 13004
2026-08-04 13:42:25,094 [INFO    ] capture.log_capture: 5 eventos publicados en el stream 'moodle_logs'. Ultimo ID: 13009
2026-08-04 13:42:45,102 [INFO    ] capture.log_capture: 4 eventos publicados en el stream 'moodle_logs'. Ultimo ID: 13013
2026-08-04 13:43:15,111 [INFO    ] capture.log_capture: 5 eventos publicados en el stream 'moodle_logs'. Ultimo ID: 13018
2026-08-04 13:43:35,119 [INFO    ] capture.log_capture: 3 eventos publicados en el stream 'moodle_logs'. Ultimo ID: 13021
2026-08-04 13:44:05,128 [INFO    ] capture.log_capture: 4 eventos publicados en el stream 'moodle_logs'. Ultimo ID: 13025
2026-08-04 13:44:35,138 [INFO    ] capture.log_capture: 6 eventos publicados en el stream 'moodle_logs'. Ultimo ID: 13031
2026-08-04 13:44:55,143 [INFO    ] capture.log_capture: 3 eventos publicados en el stream 'moodle_logs'. Ultimo ID: 13034
2026-08-04 13:45:05,149 [INFO    ] capture.log_capture: 5 eventos publicados en el stream 'moodle_logs'. Ultimo ID: 13039
2026-08-04 13:45:25,157 [INFO    ] capture.log_capture: 7 eventos publicados en el stream 'moodle_logs'. Ultimo ID: 13046
2026-08-04 13:45:55,167 [INFO    ] capture.log_capture: 7 eventos publicados en el stream 'moodle_logs'. Ultimo ID: 13053
2026-08-04 13:46:25,175 [INFO    ] capture.log_capture: 3 eventos publicados en el stream 'moodle_logs'. Ultimo ID: 13056
2026-08-04 13:46:55,185 [INFO    ] capture.log_capture: 4 eventos publicados en el stream 'moodle_logs'. Ultimo ID: 13060
2026-08-04 13:47:25,196 [INFO    ] capture.log_capture: 6 eventos publicados en el stream 'moodle_logs'. Ultimo ID: 13066
2026-08-04 13:47:55,204 [INFO    ] capture.log_capture: 2 eventos publicados en el stream 'moodle_logs'. Ultimo ID: 13068
2026-08-04 13:48:05,208 [INFO    ] capture.log_capture: 2 eventos publicados en el stream 'moodle_logs'. Ultimo ID: 13070
2026-08-04 13:48:25,217 [INFO    ] capture.log_capture: 8 eventos publicados en el stream 'moodle_logs'. Ultimo ID: 13078
2026-08-04 13:48:55,227 [INFO    ] capture.log_capture: 7 eventos publicados en el stream 'moodle_logs'. Ultimo ID: 13085
2026-08-04 13:49:05,232 [INFO    ] capture.log_capture: 1 eventos publicados en el stream 'moodle_logs'. Ultimo ID: 13086
2026-08-04 13:49:35,242 [INFO    ] capture.log_capture: 4 eventos publicados en el stream 'moodle_logs'. Ultimo ID: 13090
2026-08-04 13:49:41,897 [INFO    ] main: Sinal de parada recibida. Terminando subsistemas...
2026-08-04 13:49:41,897 [INFO    ] capture.log_capture: Subsistema de captura detenido.
2026-08-04 13:58:31,214 [INFO    ] main: ============================================================
2026-08-04 13:58:31,215 [INFO    ] main: Sistema de Deteccion Temprana de Anomalias - UCI Moodle
2026-08-04 13:58:31,215 [INFO    ] main: ============================================================
2026-08-04 13:58:31,220 [INFO    ] capture.log_capture: Grupo de consumo ya existe.
2026-08-04 13:58:31,330 [INFO    ] mysql.connector: package: mysql.connector.plugins
2026-08-04 13:58:31,331 [INFO    ] mysql.connector: plugin_name: mysql_native_password
2026-08-04 13:58:31,331 [INFO    ] mysql.connector: AUTHENTICATION_PLUGIN_CLASS: MySQLNativePasswordAuthPlugin
2026-08-04 13:58:31,333 [INFO    ] capture.log_capture: Conexion a Moodle DB establecida.
2026-08-04 13:58:31,333 [INFO    ] capture.log_capture: Ultimo ID de log recuperado de Redis: 13090
2026-08-04 13:58:31,343 [INFO    ] dashboard.influx_writer: Conexion a InfluxDB establecida: http://localhost:8086 (bucket=moodle_metrics)
2026-08-04 13:58:31,344 [INFO    ] capture.log_capture: Subsistema de captura iniciado. Intervalo: 10s
2026-08-04 13:58:31,344 [INFO    ] main: Hilo 'Capture' iniciado.
2026-08-04 13:58:31,344 [INFO    ] preprocessing.preprocessor: Preprocesador iniciado. Ventana: 60s
2026-08-04 13:58:31,344 [INFO    ] main: Hilo 'Preprocessor' iniciado.
2026-08-04 13:58:31,346 [INFO    ] main: Motor de analisis iniciado.
2026-08-04 13:58:31,346 [INFO    ] main: Hilo 'Analytics' iniciado.
2026-08-04 13:58:31,348 [INFO    ] main: Sistema en ejecucion. Presione Ctrl+C para detener.
2026-08-04 13:58:51,359 [INFO    ] capture.log_capture: 40 eventos publicados en el stream 'moodle_logs'. Ultimo ID: 13130
2026-08-04 13:59:01,364 [INFO    ] capture.log_capture: 7 eventos publicados en el stream 'moodle_logs'. Ultimo ID: 13137
2026-08-04 13:59:31,373 [INFO    ] capture.log_capture: 8 eventos publicados en el stream 'moodle_logs'. Ultimo ID: 13145
2026-08-04 13:59:51,381 [INFO    ] capture.log_capture: 6 eventos publicados en el stream 'moodle_logs'. Ultimo ID: 13151
2026-08-04 14:00:31,395 [INFO    ] capture.log_capture: 7 eventos publicados en el stream 'moodle_logs'. Ultimo ID: 13158
2026-08-04 14:01:01,404 [INFO    ] capture.log_capture: 7 eventos publicados en el stream 'moodle_logs'. Ultimo ID: 13165
2026-08-04 14:01:21,411 [INFO    ] capture.log_capture: 7 eventos publicados en el stream 'moodle_logs'. Ultimo ID: 13172
2026-08-04 14:01:51,419 [INFO    ] capture.log_capture: 5 eventos publicados en el stream 'moodle_logs'. Ultimo ID: 13177
2026-08-04 14:02:21,426 [INFO    ] capture.log_capture: 1 eventos publicados en el stream 'moodle_logs'. Ultimo ID: 13178
2026-08-04 14:02:31,431 [INFO    ] capture.log_capture: 3 eventos publicados en el stream 'moodle_logs'. Ultimo ID: 13181
2026-08-04 14:03:01,441 [INFO    ] capture.log_capture: 4 eventos publicados en el stream 'moodle_logs'. Ultimo ID: 13185
2026-08-04 14:03:31,449 [INFO    ] capture.log_capture: 5 eventos publicados en el stream 'moodle_logs'. Ultimo ID: 13190
2026-08-04 14:04:01,458 [INFO    ] capture.log_capture: 4 eventos publicados en el stream 'moodle_logs'. Ultimo ID: 13194
2026-08-04 14:04:31,467 [INFO    ] capture.log_capture: 3 eventos publicados en el stream 'moodle_logs'. Ultimo ID: 13197
2026-08-04 14:04:41,472 [INFO    ] capture.log_capture: 2 eventos publicados en el stream 'moodle_logs'. Ultimo ID: 13199
2026-08-04 14:05:11,481 [INFO    ] capture.log_capture: 5 eventos publicados en el stream 'moodle_logs'. Ultimo ID: 13204
2026-08-04 14:05:41,489 [INFO    ] capture.log_capture: 3 eventos publicados en el stream 'moodle_logs'. Ultimo ID: 13207
2026-08-04 14:06:11,498 [INFO    ] capture.log_capture: 4 eventos publicados en el stream 'moodle_logs'. Ultimo ID: 13211
2026-08-04 14:06:31,506 [INFO    ] capture.log_capture: 8 eventos publicados en el stream 'moodle_logs'. Ultimo ID: 13219
2026-08-04 14:07:01,518 [INFO    ] capture.log_capture: 4 eventos publicados en el stream 'moodle_logs'. Ultimo ID: 13223
2026-08-04 14:07:31,526 [INFO    ] capture.log_capture: 5 eventos publicados en el stream 'moodle_logs'. Ultimo ID: 13228
2026-08-04 14:08:11,538 [INFO    ] capture.log_capture: 6 eventos publicados en el stream 'moodle_logs'. Ultimo ID: 13234
2026-08-04 14:08:31,548 [INFO    ] capture.log_capture: 8 eventos publicados en el stream 'moodle_logs'. Ultimo ID: 13242
2026-08-04 14:09:11,560 [INFO    ] capture.log_capture: 6 eventos publicados en el stream 'moodle_logs'. Ultimo ID: 13248
2026-08-04 14:09:41,570 [INFO    ] capture.log_capture: 8 eventos publicados en el stream 'moodle_logs'. Ultimo ID: 13256
2026-08-04 14:10:01,576 [INFO    ] capture.log_capture: 2 eventos publicados en el stream 'moodle_logs'. Ultimo ID: 13258
2026-08-04 14:10:11,581 [INFO    ] capture.log_capture: 2 eventos publicados en el stream 'moodle_logs'. Ultimo ID: 13260
2026-08-04 14:10:31,590 [INFO    ] capture.log_capture: 5 eventos publicados en el stream 'moodle_logs'. Ultimo ID: 13265
2026-08-04 14:11:01,602 [INFO    ] capture.log_capture: 4 eventos publicados en el stream 'moodle_logs'. Ultimo ID: 13269
2026-08-04 14:11:11,606 [INFO    ] capture.log_capture: 2 eventos publicados en el stream 'moodle_logs'. Ultimo ID: 13271
2026-08-04 14:11:41,617 [INFO    ] capture.log_capture: 5 eventos publicados en el stream 'moodle_logs'. Ultimo ID: 13276
2026-08-04 14:12:01,625 [INFO    ] capture.log_capture: 3 eventos publicados en el stream 'moodle_logs'. Ultimo ID: 13279
2026-08-04 14:12:31,637 [INFO    ] capture.log_capture: 7 eventos publicados en el stream 'moodle_logs'. Ultimo ID: 13286
2026-08-04 14:13:01,648 [INFO    ] capture.log_capture: 8 eventos publicados en el stream 'moodle_logs'. Ultimo ID: 13294
2026-08-04 14:13:31,658 [INFO    ] capture.log_capture: 6 eventos publicados en el stream 'moodle_logs'. Ultimo ID: 13300
2026-08-04 14:13:51,665 [INFO    ] capture.log_capture: 4 eventos publicados en el stream 'moodle_logs'. Ultimo ID: 13304
2026-08-04 14:14:31,678 [INFO    ] capture.log_capture: 8 eventos publicados en el stream 'moodle_logs'. Ultimo ID: 13312
2026-08-04 14:15:11,691 [INFO    ] capture.log_capture: 4 eventos publicados en el stream 'moodle_logs'. Ultimo ID: 13316
2026-08-04 14:15:31,700 [INFO    ] capture.log_capture: 8 eventos publicados en el stream 'moodle_logs'. Ultimo ID: 13324
2026-08-04 14:16:11,712 [INFO    ] capture.log_capture: 4 eventos publicados en el stream 'moodle_logs'. Ultimo ID: 13328
2026-08-04 14:16:41,722 [INFO    ] capture.log_capture: 4 eventos publicados en el stream 'moodle_logs'. Ultimo ID: 13332
2026-08-04 14:17:11,733 [INFO    ] capture.log_capture: 6 eventos publicados en el stream 'moodle_logs'. Ultimo ID: 13338
2026-08-04 14:17:41,742 [INFO    ] capture.log_capture: 6 eventos publicados en el stream 'moodle_logs'. Ultimo ID: 13344
2026-08-04 14:18:11,753 [INFO    ] capture.log_capture: 8 eventos publicados en el stream 'moodle_logs'. Ultimo ID: 13352
2026-08-04 14:18:41,762 [INFO    ] capture.log_capture: 6 eventos publicados en el stream 'moodle_logs'. Ultimo ID: 13358
2026-08-04 14:19:11,771 [INFO    ] capture.log_capture: 3 eventos publicados en el stream 'moodle_logs'. Ultimo ID: 13361
2026-08-04 14:19:41,781 [INFO    ] capture.log_capture: 5 eventos publicados en el stream 'moodle_logs'. Ultimo ID: 13366
2026-08-04 14:20:11,792 [INFO    ] capture.log_capture: 4 eventos publicados en el stream 'moodle_logs'. Ultimo ID: 13370
2026-08-04 14:20:41,803 [INFO    ] capture.log_capture: 8 eventos publicados en el stream 'moodle_logs'. Ultimo ID: 13378
2026-08-04 14:21:11,814 [INFO    ] capture.log_capture: 7 eventos publicados en el stream 'moodle_logs'. Ultimo ID: 13385
2026-08-04 14:21:31,820 [INFO    ] capture.log_capture: 4 eventos publicados en el stream 'moodle_logs'. Ultimo ID: 13389
2026-08-04 14:21:41,826 [INFO    ] capture.log_capture: 4 eventos publicados en el stream 'moodle_logs'. Ultimo ID: 13393
2026-08-04 14:22:01,835 [INFO    ] capture.log_capture: 8 eventos publicados en el stream 'moodle_logs'. Ultimo ID: 13401
2026-08-04 14:22:31,842 [INFO    ] capture.log_capture: 4 eventos publicados en el stream 'moodle_logs'. Ultimo ID: 13405
2026-08-04 14:22:41,849 [INFO    ] capture.log_capture: 4 eventos publicados en el stream 'moodle_logs'. Ultimo ID: 13409
2026-08-04 14:23:11,860 [INFO    ] capture.log_capture: 6 eventos publicados en el stream 'moodle_logs'. Ultimo ID: 13415
2026-08-04 14:23:41,868 [INFO    ] capture.log_capture: 4 eventos publicados en el stream 'moodle_logs'. Ultimo ID: 13419
2026-08-04 14:23:51,874 [INFO    ] capture.log_capture: 2 eventos publicados en el stream 'moodle_logs'. Ultimo ID: 13421
2026-08-04 14:24:21,882 [INFO    ] capture.log_capture: 7 eventos publicados en el stream 'moodle_logs'. Ultimo ID: 13428
2026-08-04 14:24:41,889 [INFO    ] capture.log_capture: 3 eventos publicados en el stream 'moodle_logs'. Ultimo ID: 13431
2026-08-04 14:25:11,899 [INFO    ] capture.log_capture: 4 eventos publicados en el stream 'moodle_logs'. Ultimo ID: 13435
2026-08-04 14:25:41,910 [INFO    ] capture.log_capture: 7 eventos publicados en el stream 'moodle_logs'. Ultimo ID: 13442
2026-08-04 14:26:11,919 [INFO    ] capture.log_capture: 3 eventos publicados en el stream 'moodle_logs'. Ultimo ID: 13445
2026-08-04 14:26:51,931 [INFO    ] capture.log_capture: 4 eventos publicados en el stream 'moodle_logs'. Ultimo ID: 13449
2026-08-04 14:27:11,939 [INFO    ] capture.log_capture: 5 eventos publicados en el stream 'moodle_logs'. Ultimo ID: 13454
2026-08-04 14:27:51,951 [INFO    ] capture.log_capture: 8 eventos publicados en el stream 'moodle_logs'. Ultimo ID: 13462
2026-08-04 14:28:11,958 [INFO    ] capture.log_capture: 1 eventos publicados en el stream 'moodle_logs'. Ultimo ID: 13463
2026-08-04 14:28:21,963 [INFO    ] capture.log_capture: 7 eventos publicados en el stream 'moodle_logs'. Ultimo ID: 13470
2026-08-04 14:28:51,972 [INFO    ] capture.log_capture: 7 eventos publicados en el stream 'moodle_logs'. Ultimo ID: 13477
2026-08-04 14:29:31,982 [INFO    ] capture.log_capture: 4 eventos publicados en el stream 'moodle_logs'. Ultimo ID: 13481
2026-08-04 14:30:01,992 [INFO    ] capture.log_capture: 7 eventos publicados en el stream 'moodle_logs'. Ultimo ID: 13488
2026-08-04 14:30:22,001 [INFO    ] capture.log_capture: 8 eventos publicados en el stream 'moodle_logs'. Ultimo ID: 13496
2026-08-04 14:30:52,012 [INFO    ] capture.log_capture: 7 eventos publicados en el stream 'moodle_logs'. Ultimo ID: 13503
2026-08-04 14:31:22,021 [INFO    ] capture.log_capture: 5 eventos publicados en el stream 'moodle_logs'. Ultimo ID: 13508
2026-08-04 14:31:52,032 [INFO    ] capture.log_capture: 5 eventos publicados en el stream 'moodle_logs'. Ultimo ID: 13513
2026-08-04 14:32:12,044 [INFO    ] capture.log_capture: 5 eventos publicados en el stream 'moodle_logs'. Ultimo ID: 13518
2026-08-04 14:32:42,059 [INFO    ] capture.log_capture: 6 eventos publicados en el stream 'moodle_logs'. Ultimo ID: 13524
2026-08-04 14:33:02,067 [INFO    ] capture.log_capture: 7 eventos publicados en el stream 'moodle_logs'. Ultimo ID: 13531
2026-08-04 14:33:32,087 [INFO    ] capture.log_capture: 7 eventos publicados en el stream 'moodle_logs'. Ultimo ID: 13538
2026-08-04 14:34:02,096 [INFO    ] capture.log_capture: 3 eventos publicados en el stream 'moodle_logs'. Ultimo ID: 13541
2026-08-04 14:34:22,122 [INFO    ] capture.log_capture: 8 eventos publicados en el stream 'moodle_logs'. Ultimo ID: 13549
2026-08-04 14:34:52,133 [INFO    ] capture.log_capture: 8 eventos publicados en el stream 'moodle_logs'. Ultimo ID: 13557
2026-08-04 14:35:22,144 [INFO    ] capture.log_capture: 3 eventos publicados en el stream 'moodle_logs'. Ultimo ID: 13560
2026-08-04 14:35:42,152 [INFO    ] capture.log_capture: 5 eventos publicados en el stream 'moodle_logs'. Ultimo ID: 13565
2026-08-04 14:36:12,161 [INFO    ] capture.log_capture: 3 eventos publicados en el stream 'moodle_logs'. Ultimo ID: 13568
2026-08-04 14:36:42,171 [INFO    ] capture.log_capture: 4 eventos publicados en el stream 'moodle_logs'. Ultimo ID: 13572
2026-08-04 14:37:12,181 [INFO    ] capture.log_capture: 7 eventos publicados en el stream 'moodle_logs'. Ultimo ID: 13579
2026-08-04 14:37:42,190 [INFO    ] capture.log_capture: 8 eventos publicados en el stream 'moodle_logs'. Ultimo ID: 13587
2026-08-04 14:37:52,195 [INFO    ] capture.log_capture: 2 eventos publicados en el stream 'moodle_logs'. Ultimo ID: 13589
2026-08-04 14:38:02,210 [INFO    ] capture.log_capture: 24 eventos publicados en el stream 'moodle_logs'. Ultimo ID: 13613
2026-08-04 14:38:12,216 [INFO    ] capture.log_capture: 9 eventos publicados en el stream 'moodle_logs'. Ultimo ID: 13622
2026-08-04 14:38:42,227 [INFO    ] capture.log_capture: 7 eventos publicados en el stream 'moodle_logs'. Ultimo ID: 13629
2026-08-04 14:39:02,235 [INFO    ] capture.log_capture: 5 eventos publicados en el stream 'moodle_logs'. Ultimo ID: 13634
2026-08-04 14:39:32,244 [INFO    ] capture.log_capture: 5 eventos publicados en el stream 'moodle_logs'. Ultimo ID: 13639
2026-08-04 14:40:02,254 [INFO    ] capture.log_capture: 5 eventos publicados en el stream 'moodle_logs'. Ultimo ID: 13644
2026-08-04 14:40:22,261 [INFO    ] capture.log_capture: 4 eventos publicados en el stream 'moodle_logs'. Ultimo ID: 13648
2026-08-04 14:40:52,326 [INFO    ] capture.log_capture: 408 eventos publicados en el stream 'moodle_logs'. Ultimo ID: 14056
2026-08-04 14:41:02,425 [INFO    ] capture.log_capture: 570 eventos publicados en el stream 'moodle_logs'. Ultimo ID: 14626
2026-08-04 14:41:12,434 [INFO    ] capture.log_capture: 8 eventos publicados en el stream 'moodle_logs'. Ultimo ID: 14634
2026-08-04 14:41:22,447 [INFO    ] capture.log_capture: 21 eventos publicados en el stream 'moodle_logs'. Ultimo ID: 14655
2026-08-04 14:41:52,457 [INFO    ] capture.log_capture: 7 eventos publicados en el stream 'moodle_logs'. Ultimo ID: 14662
2026-08-04 14:42:22,473 [INFO    ] capture.log_capture: 49 eventos publicados en el stream 'moodle_logs'. Ultimo ID: 14711
2026-08-04 14:42:32,499 [INFO    ] capture.log_capture: 49 eventos publicados en el stream 'moodle_logs'. Ultimo ID: 14760
2026-08-04 14:42:42,514 [INFO    ] capture.log_capture: 48 eventos publicados en el stream 'moodle_logs'. Ultimo ID: 14808
2026-08-04 14:42:52,521 [INFO    ] capture.log_capture: 13 eventos publicados en el stream 'moodle_logs'. Ultimo ID: 14821
2026-08-04 14:43:02,526 [INFO    ] capture.log_capture: 3 eventos publicados en el stream 'moodle_logs'. Ultimo ID: 14824
2026-08-04 14:43:22,533 [INFO    ] capture.log_capture: 2 eventos publicados en el stream 'moodle_logs'. Ultimo ID: 14826
2026-08-04 14:44:02,542 [INFO    ] capture.log_capture: 5 eventos publicados en el stream 'moodle_logs'. Ultimo ID: 14831
2026-08-04 14:44:22,549 [INFO    ] capture.log_capture: 2 eventos publicados en el stream 'moodle_logs'. Ultimo ID: 14833
2026-08-04 14:44:52,558 [INFO    ] capture.log_capture: 7 eventos publicados en el stream 'moodle_logs'. Ultimo ID: 14840
2026-08-04 14:45:22,566 [INFO    ] capture.log_capture: 2 eventos publicados en el stream 'moodle_logs'. Ultimo ID: 14842
2026-08-04 14:45:42,573 [INFO    ] capture.log_capture: 1 eventos publicados en el stream 'moodle_logs'. Ultimo ID: 14843
2026-08-04 14:45:52,577 [INFO    ] capture.log_capture: 2 eventos publicados en el stream 'moodle_logs'. Ultimo ID: 14845
2026-08-04 14:46:02,597 [INFO    ] capture.log_capture: 54 eventos publicados en el stream 'moodle_logs'. Ultimo ID: 14899
2026-08-04 14:46:12,614 [INFO    ] capture.log_capture: 66 eventos publicados en el stream 'moodle_logs'. Ultimo ID: 14965
2026-08-04 14:46:22,637 [INFO    ] capture.log_capture: 65 eventos publicados en el stream 'moodle_logs'. Ultimo ID: 15030
2026-08-04 14:46:32,653 [INFO    ] capture.log_capture: 68 eventos publicados en el stream 'moodle_logs'. Ultimo ID: 15098
2026-08-04 14:46:42,670 [INFO    ] capture.log_capture: 74 eventos publicados en el stream 'moodle_logs'. Ultimo ID: 15172
2026-08-04 14:46:52,689 [INFO    ] capture.log_capture: 81 eventos publicados en el stream 'moodle_logs'. Ultimo ID: 15253
2026-08-04 14:47:02,705 [INFO    ] capture.log_capture: 76 eventos publicados en el stream 'moodle_logs'. Ultimo ID: 15329
2026-08-04 14:47:12,725 [INFO    ] capture.log_capture: 82 eventos publicados en el stream 'moodle_logs'. Ultimo ID: 15411
2026-08-04 14:47:22,744 [INFO    ] capture.log_capture: 83 eventos publicados en el stream 'moodle_logs'. Ultimo ID: 15494
2026-08-04 14:47:32,766 [INFO    ] capture.log_capture: 66 eventos publicados en el stream 'moodle_logs'. Ultimo ID: 15560
2026-08-04 14:47:42,783 [INFO    ] capture.log_capture: 64 eventos publicados en el stream 'moodle_logs'. Ultimo ID: 15624
2026-08-04 14:47:52,797 [INFO    ] capture.log_capture: 64 eventos publicados en el stream 'moodle_logs'. Ultimo ID: 15688
2026-08-04 14:48:02,810 [INFO    ] capture.log_capture: 59 eventos publicados en el stream 'moodle_logs'. Ultimo ID: 15747
2026-08-04 14:48:05,065 [INFO    ] models.arima_model: ARIMA((2, 1, 2))x((1, 1, 1, 24)) entrenado con 50 muestras.
2026-08-04 14:48:05,120 [WARNING ] drift.concept_drift_detector: Concept drift detected: error_rate, confidence: 100.00%
2026-08-04 14:48:12,836 [INFO    ] capture.log_capture: 69 eventos publicados en el stream 'moodle_logs'. Ultimo ID: 15816
2026-08-04 14:48:22,852 [INFO    ] capture.log_capture: 72 eventos publicados en el stream 'moodle_logs'. Ultimo ID: 15888
2026-08-04 14:48:32,867 [INFO    ] capture.log_capture: 73 eventos publicados en el stream 'moodle_logs'. Ultimo ID: 15961
2026-08-04 14:48:42,881 [INFO    ] capture.log_capture: 56 eventos publicados en el stream 'moodle_logs'. Ultimo ID: 16017
2026-08-04 14:48:52,896 [INFO    ] capture.log_capture: 74 eventos publicados en el stream 'moodle_logs'. Ultimo ID: 16091
2026-08-04 14:49:02,914 [INFO    ] capture.log_capture: 70 eventos publicados en el stream 'moodle_logs'. Ultimo ID: 16161
2026-08-04 14:49:04,998 [WARNING ] drift.concept_drift_detector: Concept drift detected: error_rate, confidence: 100.00%
2026-08-04 14:49:12,947 [INFO    ] capture.log_capture: 64 eventos publicados en el stream 'moodle_logs'. Ultimo ID: 16225
2026-08-04 14:49:22,966 [INFO    ] capture.log_capture: 70 eventos publicados en el stream 'moodle_logs'. Ultimo ID: 16295
2026-08-04 14:49:32,985 [INFO    ] capture.log_capture: 68 eventos publicados en el stream 'moodle_logs'. Ultimo ID: 16363
2026-08-04 14:49:43,001 [INFO    ] capture.log_capture: 62 eventos publicados en el stream 'moodle_logs'. Ultimo ID: 16425
2026-08-04 14:49:53,019 [INFO    ] capture.log_capture: 72 eventos publicados en el stream 'moodle_logs'. Ultimo ID: 16497
2026-08-04 14:50:03,054 [INFO    ] capture.log_capture: 68 eventos publicados en el stream 'moodle_logs'. Ultimo ID: 16565
2026-08-04 14:50:05,089 [WARNING ] drift.concept_drift_detector: Concept drift detected: error_rate, confidence: 100.00%
2026-08-04 14:50:13,077 [INFO    ] capture.log_capture: 62 eventos publicados en el stream 'moodle_logs'. Ultimo ID: 16627
2026-08-04 14:50:23,095 [INFO    ] capture.log_capture: 65 eventos publicados en el stream 'moodle_logs'. Ultimo ID: 16692
2026-08-04 14:50:33,111 [INFO    ] capture.log_capture: 63 eventos publicados en el stream 'moodle_logs'. Ultimo ID: 16755
2026-08-04 14:50:43,128 [INFO    ] capture.log_capture: 61 eventos publicados en el stream 'moodle_logs'. Ultimo ID: 16816
2026-08-04 14:50:53,146 [INFO    ] capture.log_capture: 51 eventos publicados en el stream 'moodle_logs'. Ultimo ID: 16867
2026-08-04 14:51:03,163 [INFO    ] capture.log_capture: 52 eventos publicados en el stream 'moodle_logs'. Ultimo ID: 16919
2026-08-04 14:51:05,223 [WARNING ] drift.concept_drift_detector: Concept drift detected: error_rate, confidence: 100.00%
2026-08-04 14:51:13,180 [INFO    ] capture.log_capture: 63 eventos publicados en el stream 'moodle_logs'. Ultimo ID: 16982
2026-08-04 14:51:23,196 [INFO    ] capture.log_capture: 54 eventos publicados en el stream 'moodle_logs'. Ultimo ID: 17036
2026-08-04 14:51:33,212 [INFO    ] capture.log_capture: 59 eventos publicados en el stream 'moodle_logs'. Ultimo ID: 17095
2026-08-04 14:51:43,237 [INFO    ] capture.log_capture: 46 eventos publicados en el stream 'moodle_logs'. Ultimo ID: 17141
2026-08-04 14:51:53,327 [INFO    ] capture.log_capture: 50 eventos publicados en el stream 'moodle_logs'. Ultimo ID: 17191
2026-08-04 14:52:03,341 [INFO    ] capture.log_capture: 42 eventos publicados en el stream 'moodle_logs'. Ultimo ID: 17233
2026-08-04 14:52:05,423 [WARNING ] drift.concept_drift_detector: Concept drift detected: error_rate, confidence: 100.00%
2026-08-04 14:52:13,356 [INFO    ] capture.log_capture: 50 eventos publicados en el stream 'moodle_logs'. Ultimo ID: 17283
2026-08-04 14:52:23,371 [INFO    ] capture.log_capture: 49 eventos publicados en el stream 'moodle_logs'. Ultimo ID: 17332
2026-08-04 14:52:33,388 [INFO    ] capture.log_capture: 59 eventos publicados en el stream 'moodle_logs'. Ultimo ID: 17391
2026-08-04 14:52:43,407 [INFO    ] capture.log_capture: 61 eventos publicados en el stream 'moodle_logs'. Ultimo ID: 17452
2026-08-04 14:52:53,431 [INFO    ] capture.log_capture: 54 eventos publicados en el stream 'moodle_logs'. Ultimo ID: 17506
2026-08-04 14:53:03,460 [INFO    ] capture.log_capture: 49 eventos publicados en el stream 'moodle_logs'. Ultimo ID: 17555
2026-08-04 14:53:05,565 [WARNING ] drift.concept_drift_detector: Concept drift detected: error_rate, confidence: 100.00%
2026-08-04 14:53:13,479 [INFO    ] capture.log_capture: 51 eventos publicados en el stream 'moodle_logs'. Ultimo ID: 17606
2026-08-04 14:53:23,502 [INFO    ] capture.log_capture: 51 eventos publicados en el stream 'moodle_logs'. Ultimo ID: 17657
2026-08-04 14:53:33,523 [INFO    ] capture.log_capture: 55 eventos publicados en el stream 'moodle_logs'. Ultimo ID: 17712
2026-08-04 14:53:43,542 [INFO    ] capture.log_capture: 56 eventos publicados en el stream 'moodle_logs'. Ultimo ID: 17768
2026-08-04 14:53:53,570 [INFO    ] capture.log_capture: 55 eventos publicados en el stream 'moodle_logs'. Ultimo ID: 17823
2026-08-04 14:54:03,586 [INFO    ] capture.log_capture: 58 eventos publicados en el stream 'moodle_logs'. Ultimo ID: 17881
2026-08-04 14:54:05,658 [WARNING ] drift.concept_drift_detector: Concept drift detected: error_rate, confidence: 100.00%
2026-08-04 14:54:13,600 [INFO    ] capture.log_capture: 58 eventos publicados en el stream 'moodle_logs'. Ultimo ID: 17939
2026-08-04 14:54:23,616 [INFO    ] capture.log_capture: 65 eventos publicados en el stream 'moodle_logs'. Ultimo ID: 18004
2026-08-04 14:54:33,636 [INFO    ] capture.log_capture: 66 eventos publicados en el stream 'moodle_logs'. Ultimo ID: 18070
2026-08-04 14:54:43,651 [INFO    ] capture.log_capture: 65 eventos publicados en el stream 'moodle_logs'. Ultimo ID: 18135
2026-08-04 14:54:53,673 [INFO    ] capture.log_capture: 66 eventos publicados en el stream 'moodle_logs'. Ultimo ID: 18201
2026-08-04 14:55:03,725 [INFO    ] capture.log_capture: 63 eventos publicados en el stream 'moodle_logs'. Ultimo ID: 18264
2026-08-04 14:55:05,793 [WARNING ] drift.concept_drift_detector: Concept drift detected: error_rate, confidence: 100.00%
2026-08-04 14:55:13,743 [INFO    ] capture.log_capture: 56 eventos publicados en el stream 'moodle_logs'. Ultimo ID: 18320
2026-08-04 14:55:23,777 [INFO    ] capture.log_capture: 56 eventos publicados en el stream 'moodle_logs'. Ultimo ID: 18376
2026-08-04 14:55:33,792 [INFO    ] capture.log_capture: 54 eventos publicados en el stream 'moodle_logs'. Ultimo ID: 18430
2026-08-04 14:55:43,808 [INFO    ] capture.log_capture: 71 eventos publicados en el stream 'moodle_logs'. Ultimo ID: 18501
2026-08-04 14:55:53,826 [INFO    ] capture.log_capture: 57 eventos publicados en el stream 'moodle_logs'. Ultimo ID: 18558
2026-08-04 14:56:03,854 [INFO    ] capture.log_capture: 53 eventos publicados en el stream 'moodle_logs'. Ultimo ID: 18611
2026-08-04 14:56:05,960 [WARNING ] drift.concept_drift_detector: Concept drift detected: error_rate, confidence: 100.00%
2026-08-04 14:56:13,883 [INFO    ] capture.log_capture: 65 eventos publicados en el stream 'moodle_logs'. Ultimo ID: 18676
2026-08-04 14:56:23,901 [INFO    ] capture.log_capture: 60 eventos publicados en el stream 'moodle_logs'. Ultimo ID: 18736
2026-08-04 14:56:33,916 [INFO    ] capture.log_capture: 67 eventos publicados en el stream 'moodle_logs'. Ultimo ID: 18803
2026-08-04 14:56:43,942 [INFO    ] capture.log_capture: 72 eventos publicados en el stream 'moodle_logs'. Ultimo ID: 18875
2026-08-04 14:56:53,962 [INFO    ] capture.log_capture: 75 eventos publicados en el stream 'moodle_logs'. Ultimo ID: 18950
2026-08-04 14:57:03,981 [INFO    ] capture.log_capture: 65 eventos publicados en el stream 'moodle_logs'. Ultimo ID: 19015
2026-08-04 14:57:06,028 [WARNING ] drift.concept_drift_detector: Concept drift detected: error_rate, confidence: 100.00%
2026-08-04 14:57:13,997 [INFO    ] capture.log_capture: 69 eventos publicados en el stream 'moodle_logs'. Ultimo ID: 19084
2026-08-04 14:57:24,012 [INFO    ] capture.log_capture: 70 eventos publicados en el stream 'moodle_logs'. Ultimo ID: 19154
2026-08-04 14:57:34,029 [INFO    ] capture.log_capture: 58 eventos publicados en el stream 'moodle_logs'. Ultimo ID: 19212
2026-08-04 14:57:44,047 [INFO    ] capture.log_capture: 73 eventos publicados en el stream 'moodle_logs'. Ultimo ID: 19285
2026-08-04 14:57:54,070 [INFO    ] capture.log_capture: 73 eventos publicados en el stream 'moodle_logs'. Ultimo ID: 19358
2026-08-04 14:58:04,095 [INFO    ] capture.log_capture: 69 eventos publicados en el stream 'moodle_logs'. Ultimo ID: 19427
2026-08-04 14:58:06,155 [WARNING ] drift.concept_drift_detector: Concept drift detected: error_rate, confidence: 100.00%
2026-08-04 14:58:14,117 [INFO    ] capture.log_capture: 76 eventos publicados en el stream 'moodle_logs'. Ultimo ID: 19503
2026-08-04 14:58:24,135 [INFO    ] capture.log_capture: 71 eventos publicados en el stream 'moodle_logs'. Ultimo ID: 19574
2026-08-04 14:58:34,165 [INFO    ] capture.log_capture: 70 eventos publicados en el stream 'moodle_logs'. Ultimo ID: 19644
2026-08-04 14:58:44,190 [INFO    ] capture.log_capture: 57 eventos publicados en el stream 'moodle_logs'. Ultimo ID: 19701
2026-08-04 14:58:54,209 [INFO    ] capture.log_capture: 64 eventos publicados en el stream 'moodle_logs'. Ultimo ID: 19765
2026-08-04 14:59:04,224 [INFO    ] capture.log_capture: 61 eventos publicados en el stream 'moodle_logs'. Ultimo ID: 19826
2026-08-04 14:59:06,252 [WARNING ] drift.concept_drift_detector: Concept drift detected: error_rate, confidence: 100.00%
2026-08-04 14:59:14,239 [INFO    ] capture.log_capture: 57 eventos publicados en el stream 'moodle_logs'. Ultimo ID: 19883
2026-08-04 14:59:24,249 [INFO    ] capture.log_capture: 19 eventos publicados en el stream 'moodle_logs'. Ultimo ID: 19902
2026-08-04 14:59:44,255 [INFO    ] capture.log_capture: 2 eventos publicados en el stream 'moodle_logs'. Ultimo ID: 19904
2026-08-04 15:00:24,264 [INFO    ] capture.log_capture: 2 eventos publicados en el stream 'moodle_logs'. Ultimo ID: 19906
2026-08-04 15:00:44,271 [INFO    ] capture.log_capture: 1 eventos publicados en el stream 'moodle_logs'. Ultimo ID: 19907
2026-08-04 15:00:54,275 [INFO    ] capture.log_capture: 1 eventos publicados en el stream 'moodle_logs'. Ultimo ID: 19908
2026-08-04 15:01:08,500 [WARNING ] drift.concept_drift_detector: Concept drift detected: error_rate, confidence: 100.00%
2026-08-04 15:01:24,284 [INFO    ] capture.log_capture: 3 eventos publicados en el stream 'moodle_logs'. Ultimo ID: 19911
2026-08-04 15:01:54,295 [INFO    ] capture.log_capture: 1 eventos publicados en el stream 'moodle_logs'. Ultimo ID: 19912
2026-08-04 15:02:08,532 [WARNING ] drift.concept_drift_detector: Concept drift detected: error_rate, confidence: 100.00%
2026-08-04 15:02:24,304 [INFO    ] capture.log_capture: 3 eventos publicados en el stream 'moodle_logs'. Ultimo ID: 19915
2026-08-04 15:02:54,314 [INFO    ] capture.log_capture: 3 eventos publicados en el stream 'moodle_logs'. Ultimo ID: 19918
2026-08-04 15:03:10,515 [WARNING ] drift.concept_drift_detector: Concept drift detected: error_rate, confidence: 100.00%
2026-08-04 15:03:24,325 [INFO    ] capture.log_capture: 3 eventos publicados en el stream 'moodle_logs'. Ultimo ID: 19921
2026-08-04 15:03:54,332 [INFO    ] capture.log_capture: 2 eventos publicados en el stream 'moodle_logs'. Ultimo ID: 19923
2026-08-04 15:04:10,534 [WARNING ] drift.concept_drift_detector: Concept drift detected: error_rate, confidence: 100.00%
2026-08-04 15:04:24,340 [INFO    ] capture.log_capture: 3 eventos publicados en el stream 'moodle_logs'. Ultimo ID: 19926
2026-08-04 15:04:54,349 [INFO    ] capture.log_capture: 3 eventos publicados en el stream 'moodle_logs'. Ultimo ID: 19929
2026-08-04 15:05:10,562 [WARNING ] drift.concept_drift_detector: Concept drift detected: error_rate, confidence: 100.00%
2026-08-04 15:05:14,354 [INFO    ] capture.log_capture: 1 eventos publicados en el stream 'moodle_logs'. Ultimo ID: 19930
2026-08-04 15:05:44,363 [INFO    ] capture.log_capture: 3 eventos publicados en el stream 'moodle_logs'. Ultimo ID: 19933
2026-08-04 15:06:10,685 [WARNING ] drift.concept_drift_detector: Concept drift detected: error_rate, confidence: 100.00%
2026-08-04 15:06:44,376 [INFO    ] capture.log_capture: 3 eventos publicados en el stream 'moodle_logs'. Ultimo ID: 19936
2026-08-04 15:07:10,736 [WARNING ] drift.concept_drift_detector: Concept drift detected: error_rate, confidence: 100.00%
2026-08-04 15:07:14,384 [INFO    ] capture.log_capture: 1 eventos publicados en el stream 'moodle_logs'. Ultimo ID: 19937
2026-08-04 15:07:44,393 [INFO    ] capture.log_capture: 2 eventos publicados en el stream 'moodle_logs'. Ultimo ID: 19939
2026-08-04 15:08:14,407 [INFO    ] capture.log_capture: 1 eventos publicados en el stream 'moodle_logs'. Ultimo ID: 19940
2026-08-04 15:08:21,375 [INFO    ] models.lstm_model: LSTM entrenado con 10 secuencias. Umbral: 0.2097
2026-08-04 15:08:22,537 [WARNING ] drift.concept_drift_detector: Concept drift detected: error_rate, confidence: 100.00%
2026-08-04 15:08:34,414 [INFO    ] capture.log_capture: 2 eventos publicados en el stream 'moodle_logs'. Ultimo ID: 19942
2026-08-04 15:09:10,969 [WARNING ] drift.concept_drift_detector: Concept drift detected: error_rate, confidence: 100.00%
2026-08-04 15:09:14,425 [INFO    ] capture.log_capture: 1 eventos publicados en el stream 'moodle_logs'. Ultimo ID: 19943
2026-08-04 15:09:34,431 [INFO    ] capture.log_capture: 3 eventos publicados en el stream 'moodle_logs'. Ultimo ID: 19946
2026-08-04 15:10:04,440 [INFO    ] capture.log_capture: 2 eventos publicados en el stream 'moodle_logs'. Ultimo ID: 19948
2026-08-04 15:10:12,719 [WARNING ] drift.concept_drift_detector: Concept drift detected: error_rate, confidence: 100.00%
2026-08-04 15:10:54,451 [INFO    ] capture.log_capture: 1 eventos publicados en el stream 'moodle_logs'. Ultimo ID: 19949
2026-08-04 15:11:12,806 [WARNING ] drift.concept_drift_detector: Concept drift detected: error_rate, confidence: 100.00%
2026-08-04 15:12:04,468 [INFO    ] capture.log_capture: 2 eventos publicados en el stream 'moodle_logs'. Ultimo ID: 19951
2026-08-04 15:12:24,475 [INFO    ] capture.log_capture: 1 eventos publicados en el stream 'moodle_logs'. Ultimo ID: 19952
2026-08-04 15:12:54,484 [INFO    ] capture.log_capture: 1 eventos publicados en el stream 'moodle_logs'. Ultimo ID: 19953
2026-08-04 15:13:14,492 [INFO    ] capture.log_capture: 4 eventos publicados en el stream 'moodle_logs'. Ultimo ID: 19957
2026-08-04 15:13:16,690 [WARNING ] drift.concept_drift_detector: Concept drift detected: error_rate, confidence: 100.00%
2026-08-04 15:13:34,498 [INFO    ] capture.log_capture: 1 eventos publicados en el stream 'moodle_logs'. Ultimo ID: 19958
2026-08-04 15:13:54,504 [INFO    ] capture.log_capture: 1 eventos publicados en el stream 'moodle_logs'. Ultimo ID: 19959
2026-08-04 15:14:04,508 [INFO    ] capture.log_capture: 2 eventos publicados en el stream 'moodle_logs'. Ultimo ID: 19961
2026-08-04 15:14:16,830 [WARNING ] drift.concept_drift_detector: Concept drift detected: error_rate, confidence: 100.00%
2026-08-04 15:14:24,515 [INFO    ] capture.log_capture: 3 eventos publicados en el stream 'moodle_logs'. Ultimo ID: 19964
2026-08-04 15:15:14,529 [INFO    ] capture.log_capture: 4 eventos publicados en el stream 'moodle_logs'. Ultimo ID: 19968
2026-08-04 15:15:18,684 [WARNING ] drift.concept_drift_detector: Concept drift detected: error_rate, confidence: 100.00%
2026-08-04 15:15:44,536 [INFO    ] capture.log_capture: 2 eventos publicados en el stream 'moodle_logs'. Ultimo ID: 19970
2026-08-04 15:16:19,051 [WARNING ] drift.concept_drift_detector: Concept drift detected: error_rate, confidence: 100.00%
2026-08-04 15:16:34,548 [INFO    ] capture.log_capture: 2 eventos publicados en el stream 'moodle_logs'. Ultimo ID: 19972
2026-08-04 15:16:44,552 [INFO    ] capture.log_capture: 2 eventos publicados en el stream 'moodle_logs'. Ultimo ID: 19974
2026-08-04 15:17:14,560 [INFO    ] capture.log_capture: 2 eventos publicados en el stream 'moodle_logs'. Ultimo ID: 19976
2026-08-04 15:17:21,873 [WARNING ] drift.concept_drift_detector: Concept drift detected: error_rate, confidence: 100.00%
2026-08-04 15:17:44,568 [INFO    ] capture.log_capture: 2 eventos publicados en el stream 'moodle_logs'. Ultimo ID: 19978
2026-08-04 15:18:14,575 [INFO    ] capture.log_capture: 3 eventos publicados en el stream 'moodle_logs'. Ultimo ID: 19981
2026-08-04 15:18:22,882 [WARNING ] drift.concept_drift_detector: Concept drift detected: error_rate, confidence: 100.00%
2026-08-04 15:18:44,589 [INFO    ] capture.log_capture: 2 eventos publicados en el stream 'moodle_logs'. Ultimo ID: 19983
2026-08-04 15:19:23,241 [WARNING ] drift.concept_drift_detector: Concept drift detected: error_rate, confidence: 100.00%
2026-08-04 15:19:24,600 [INFO    ] capture.log_capture: 2 eventos publicados en el stream 'moodle_logs'. Ultimo ID: 19985
2026-08-04 15:19:44,605 [INFO    ] capture.log_capture: 2 eventos publicados en el stream 'moodle_logs'. Ultimo ID: 19987
2026-08-04 15:20:14,615 [INFO    ] capture.log_capture: 4 eventos publicados en el stream 'moodle_logs'. Ultimo ID: 19991
2026-08-04 15:20:24,811 [WARNING ] drift.concept_drift_detector: Concept drift detected: error_rate, confidence: 100.00%
2026-08-04 15:20:44,624 [INFO    ] capture.log_capture: 3 eventos publicados en el stream 'moodle_logs'. Ultimo ID: 19994
2026-08-04 15:21:04,629 [INFO    ] capture.log_capture: 3 eventos publicados en el stream 'moodle_logs'. Ultimo ID: 19997
2026-08-04 15:21:14,634 [INFO    ] capture.log_capture: 4 eventos publicados en el stream 'moodle_logs'. Ultimo ID: 20001
2026-08-04 15:21:24,825 [WARNING ] drift.concept_drift_detector: Concept drift detected: error_rate, confidence: 100.00%
2026-08-04 15:21:34,640 [INFO    ] capture.log_capture: 3 eventos publicados en el stream 'moodle_logs'. Ultimo ID: 20004
2026-08-04 15:22:04,648 [INFO    ] capture.log_capture: 2 eventos publicados en el stream 'moodle_logs'. Ultimo ID: 20006
2026-08-04 15:22:25,056 [WARNING ] drift.concept_drift_detector: Concept drift detected: error_rate, confidence: 100.00%
2026-08-04 15:22:34,656 [INFO    ] capture.log_capture: 1 eventos publicados en el stream 'moodle_logs'. Ultimo ID: 20007
2026-08-04 15:23:04,663 [INFO    ] capture.log_capture: 2 eventos publicados en el stream 'moodle_logs'. Ultimo ID: 20009
2026-08-04 15:23:24,670 [INFO    ] capture.log_capture: 2 eventos publicados en el stream 'moodle_logs'. Ultimo ID: 20011
2026-08-04 15:23:26,883 [WARNING ] drift.concept_drift_detector: Concept drift detected: error_rate, confidence: 100.00%
2026-08-04 15:24:04,680 [INFO    ] capture.log_capture: 2 eventos publicados en el stream 'moodle_logs'. Ultimo ID: 20013
2026-08-04 15:24:27,087 [WARNING ] drift.concept_drift_detector: Concept drift detected: error_rate, confidence: 100.00%
2026-08-04 15:24:34,689 [INFO    ] capture.log_capture: 3 eventos publicados en el stream 'moodle_logs'. Ultimo ID: 20016
2026-08-04 15:25:27,468 [WARNING ] drift.concept_drift_detector: Concept drift detected: error_rate, confidence: 100.00%
2026-08-04 15:25:34,704 [INFO    ] capture.log_capture: 2 eventos publicados en el stream 'moodle_logs'. Ultimo ID: 20018
2026-08-04 15:26:14,715 [INFO    ] capture.log_capture: 4 eventos publicados en el stream 'moodle_logs'. Ultimo ID: 20022
2026-08-04 15:26:29,063 [WARNING ] drift.concept_drift_detector: Concept drift detected: error_rate, confidence: 100.00%
2026-08-04 15:27:04,726 [INFO    ] capture.log_capture: 3 eventos publicados en el stream 'moodle_logs'. Ultimo ID: 20025
2026-08-04 15:27:14,731 [INFO    ] capture.log_capture: 1 eventos publicados en el stream 'moodle_logs'. Ultimo ID: 20026
2026-08-04 15:27:29,079 [WARNING ] drift.concept_drift_detector: Concept drift detected: error_rate, confidence: 100.00%
2026-08-04 15:27:44,740 [INFO    ] capture.log_capture: 2 eventos publicados en el stream 'moodle_logs'. Ultimo ID: 20028
2026-08-04 15:28:14,751 [INFO    ] capture.log_capture: 5 eventos publicados en el stream 'moodle_logs'. Ultimo ID: 20033
2026-08-04 15:28:29,101 [WARNING ] drift.concept_drift_detector: Concept drift detected: error_rate, confidence: 100.00%
2026-08-04 15:28:44,759 [INFO    ] capture.log_capture: 1 eventos publicados en el stream 'moodle_logs'. Ultimo ID: 20034
2026-08-04 15:29:29,437 [WARNING ] drift.concept_drift_detector: Concept drift detected: error_rate, confidence: 100.00%
2026-08-04 15:29:34,772 [INFO    ] capture.log_capture: 3 eventos publicados en el stream 'moodle_logs'. Ultimo ID: 20037
2026-08-04 15:30:14,784 [INFO    ] capture.log_capture: 5 eventos publicados en el stream 'moodle_logs'. Ultimo ID: 20042
2026-08-04 15:30:31,135 [WARNING ] drift.concept_drift_detector: Concept drift detected: error_rate, confidence: 100.00%
2026-08-04 15:30:44,792 [INFO    ] capture.log_capture: 2 eventos publicados en el stream 'moodle_logs'. Ultimo ID: 20044
2026-08-04 15:31:14,801 [INFO    ] capture.log_capture: 1 eventos publicados en el stream 'moodle_logs'. Ultimo ID: 20045
2026-08-04 15:31:31,175 [WARNING ] drift.concept_drift_detector: Concept drift detected: error_rate, confidence: 100.00%
2026-08-04 15:31:34,806 [INFO    ] capture.log_capture: 1 eventos publicados en el stream 'moodle_logs'. Ultimo ID: 20046
2026-08-04 15:32:04,815 [INFO    ] capture.log_capture: 2 eventos publicados en el stream 'moodle_logs'. Ultimo ID: 20048
2026-08-04 15:32:31,224 [WARNING ] drift.concept_drift_detector: Concept drift detected: error_rate, confidence: 100.00%
2026-08-04 15:32:34,822 [INFO    ] capture.log_capture: 3 eventos publicados en el stream 'moodle_logs'. Ultimo ID: 20051
2026-08-04 15:33:14,834 [INFO    ] capture.log_capture: 2 eventos publicados en el stream 'moodle_logs'. Ultimo ID: 20053
2026-08-04 15:33:33,125 [WARNING ] drift.concept_drift_detector: Concept drift detected: error_rate, confidence: 100.00%
2026-08-04 15:33:34,840 [INFO    ] capture.log_capture: 2 eventos publicados en el stream 'moodle_logs'. Ultimo ID: 20055
2026-08-04 15:34:04,849 [INFO    ] capture.log_capture: 2 eventos publicados en el stream 'moodle_logs'. Ultimo ID: 20057
2026-08-04 15:34:33,278 [WARNING ] drift.concept_drift_detector: Concept drift detected: error_rate, confidence: 100.00%
2026-08-04 15:34:54,862 [INFO    ] capture.log_capture: 2 eventos publicados en el stream 'moodle_logs'. Ultimo ID: 20059
2026-08-04 15:35:33,445 [WARNING ] drift.concept_drift_detector: Concept drift detected: error_rate, confidence: 100.00%
2026-08-04 15:35:34,873 [INFO    ] capture.log_capture: 5 eventos publicados en el stream 'moodle_logs'. Ultimo ID: 20064
2026-08-04 15:36:24,884 [INFO    ] capture.log_capture: 3 eventos publicados en el stream 'moodle_logs'. Ultimo ID: 20067
2026-08-04 15:36:35,188 [WARNING ] drift.concept_drift_detector: Concept drift detected: error_rate, confidence: 100.00%
2026-08-04 15:36:54,893 [INFO    ] capture.log_capture: 1 eventos publicados en el stream 'moodle_logs'. Ultimo ID: 20068
2026-08-04 15:37:24,900 [INFO    ] capture.log_capture: 2 eventos publicados en el stream 'moodle_logs'. Ultimo ID: 20070
2026-08-04 15:37:35,154 [WARNING ] drift.concept_drift_detector: Concept drift detected: error_rate, confidence: 100.00%
2026-08-04 15:37:44,907 [INFO    ] capture.log_capture: 1 eventos publicados en el stream 'moodle_logs'. Ultimo ID: 20071
2026-08-04 15:38:14,915 [INFO    ] capture.log_capture: 2 eventos publicados en el stream 'moodle_logs'. Ultimo ID: 20073
2026-08-04 15:38:34,921 [INFO    ] capture.log_capture: 2 eventos publicados en el stream 'moodle_logs'. Ultimo ID: 20075
2026-08-04 15:38:37,104 [WARNING ] drift.concept_drift_detector: Concept drift detected: error_rate, confidence: 100.00%
2026-08-04 15:38:54,929 [INFO    ] capture.log_capture: 2 eventos publicados en el stream 'moodle_logs'. Ultimo ID: 20077
2026-08-04 15:39:24,937 [INFO    ] capture.log_capture: 1 eventos publicados en el stream 'moodle_logs'. Ultimo ID: 20078
2026-08-04 15:39:37,450 [INFO    ] models.anomaly_detector: Isolation Forest reentrenado con 100 muestras.
2026-08-04 15:39:37,494 [WARNING ] drift.concept_drift_detector: Concept drift detected: distribution, confidence: 100.00%
2026-08-04 15:39:44,943 [INFO    ] capture.log_capture: 1 eventos publicados en el stream 'moodle_logs'. Ultimo ID: 20079
2026-08-04 15:39:54,948 [INFO    ] capture.log_capture: 1 eventos publicados en el stream 'moodle_logs'. Ultimo ID: 20080
2026-08-04 15:40:24,956 [INFO    ] capture.log_capture: 2 eventos publicados en el stream 'moodle_logs'. Ultimo ID: 20082
2026-08-04 15:40:37,290 [WARNING ] drift.concept_drift_detector: Concept drift detected: distribution, confidence: 100.00%
2026-08-04 15:40:54,965 [INFO    ] capture.log_capture: 4 eventos publicados en el stream 'moodle_logs'. Ultimo ID: 20086
2026-08-04 15:41:37,610 [WARNING ] drift.concept_drift_detector: Concept drift detected: distribution, confidence: 100.00%
2026-08-04 15:41:44,976 [INFO    ] capture.log_capture: 1 eventos publicados en el stream 'moodle_logs'. Ultimo ID: 20087
2026-08-04 15:42:14,986 [INFO    ] capture.log_capture: 2 eventos publicados en el stream 'moodle_logs'. Ultimo ID: 20089
2026-08-04 15:42:39,435 [WARNING ] drift.concept_drift_detector: Concept drift detected: distribution, confidence: 100.00%
2026-08-04 15:42:44,994 [INFO    ] capture.log_capture: 3 eventos publicados en el stream 'moodle_logs'. Ultimo ID: 20092
2026-08-04 15:43:25,005 [INFO    ] capture.log_capture: 3 eventos publicados en el stream 'moodle_logs'. Ultimo ID: 20095
2026-08-04 15:43:41,395 [WARNING ] drift.concept_drift_detector: Concept drift detected: distribution, confidence: 100.00%
2026-08-04 15:43:45,012 [INFO    ] capture.log_capture: 3 eventos publicados en el stream 'moodle_logs'. Ultimo ID: 20098
2026-08-04 15:44:05,017 [INFO    ] capture.log_capture: 2 eventos publicados en el stream 'moodle_logs'. Ultimo ID: 20100
2026-08-04 15:44:41,593 [WARNING ] drift.concept_drift_detector: Concept drift detected: distribution, confidence: 100.00%
2026-08-04 15:44:45,026 [INFO    ] capture.log_capture: 2 eventos publicados en el stream 'moodle_logs'. Ultimo ID: 20102
2026-08-04 15:45:05,031 [INFO    ] capture.log_capture: 3 eventos publicados en el stream 'moodle_logs'. Ultimo ID: 20105
2026-08-04 15:45:25,038 [INFO    ] capture.log_capture: 4 eventos publicados en el stream 'moodle_logs'. Ultimo ID: 20109
2026-08-04 15:45:43,437 [WARNING ] drift.concept_drift_detector: Concept drift detected: distribution, confidence: 100.00%
2026-08-04 15:45:55,046 [INFO    ] capture.log_capture: 3 eventos publicados en el stream 'moodle_logs'. Ultimo ID: 20112
2026-08-04 15:46:25,054 [INFO    ] capture.log_capture: 3 eventos publicados en el stream 'moodle_logs'. Ultimo ID: 20115
2026-08-04 15:46:43,494 [WARNING ] drift.concept_drift_detector: Concept drift detected: distribution, confidence: 100.00%
2026-08-04 15:47:05,063 [INFO    ] capture.log_capture: 1 eventos publicados en el stream 'moodle_logs'. Ultimo ID: 20116
2026-08-04 15:47:35,072 [INFO    ] capture.log_capture: 3 eventos publicados en el stream 'moodle_logs'. Ultimo ID: 20119
2026-08-04 15:47:45,302 [WARNING ] drift.concept_drift_detector: Concept drift detected: distribution, confidence: 100.00%
2026-08-04 15:48:05,081 [INFO    ] capture.log_capture: 1 eventos publicados en el stream 'moodle_logs'. Ultimo ID: 20120
2026-08-04 15:48:25,087 [INFO    ] capture.log_capture: 1 eventos publicados en el stream 'moodle_logs'. Ultimo ID: 20121
2026-08-04 15:48:45,447 [WARNING ] drift.concept_drift_detector: Concept drift detected: distribution, confidence: 100.00%
2026-08-04 15:48:55,095 [INFO    ] capture.log_capture: 1 eventos publicados en el stream 'moodle_logs'. Ultimo ID: 20122
2026-08-04 15:49:15,101 [INFO    ] capture.log_capture: 2 eventos publicados en el stream 'moodle_logs'. Ultimo ID: 20124
2026-08-04 15:49:25,129 [INFO    ] capture.log_capture: 90 eventos publicados en el stream 'moodle_logs'. Ultimo ID: 20214
2026-08-04 15:49:35,184 [INFO    ] capture.log_capture: 40 eventos publicados en el stream 'moodle_logs'. Ultimo ID: 20254
2026-08-04 15:49:45,202 [INFO    ] capture.log_capture: 39 eventos publicados en el stream 'moodle_logs'. Ultimo ID: 20293
2026-08-04 15:49:47,720 [WARNING ] drift.concept_drift_detector: Concept drift detected: distribution, confidence: 100.00%
2026-08-04 15:49:55,224 [INFO    ] capture.log_capture: 23 eventos publicados en el stream 'moodle_logs'. Ultimo ID: 20316
2026-08-04 15:50:05,234 [INFO    ] capture.log_capture: 31 eventos publicados en el stream 'moodle_logs'. Ultimo ID: 20347
2026-08-04 15:50:15,239 [INFO    ] capture.log_capture: 1 eventos publicados en el stream 'moodle_logs'. Ultimo ID: 20348
2026-08-04 15:50:25,244 [INFO    ] capture.log_capture: 1 eventos publicados en el stream 'moodle_logs'. Ultimo ID: 20349
2026-08-04 15:50:47,715 [WARNING ] alerts.alert_manager: [HIGH] Anomalia detectada | Score=0.733 | Votos={'isolation_forest': 1.0, 'arima': 0.0, 'lstm': 1.0} | Metricas={'request_count': 194.0, 'unique_users': 23.0, 'error_count': 60.0, 'course_count': 5.0}
2026-08-04 15:50:47,715 [INFO    ] alerts: [HIGH] Anomalia detectada | Score=0.733 | Votos={'isolation_forest': 1.0, 'arima': 0.0, 'lstm': 1.0} | Metricas={'request_count': 194.0, 'unique_users': 23.0, 'error_count': 60.0, 'course_count': 5.0}
2026-08-04 15:50:47,722 [INFO    ] dashboard.influx_writer: Alerta escrita en InfluxDB: 2026-08-04T19:49:00+00:00
2026-08-04 15:50:47,723 [WARNING ] drift.concept_drift_detector: Concept drift detected: distribution, confidence: 100.00%
2026-08-04 15:50:55,253 [INFO    ] capture.log_capture: 3 eventos publicados en el stream 'moodle_logs'. Ultimo ID: 20352
2026-08-04 15:51:25,261 [INFO    ] capture.log_capture: 2 eventos publicados en el stream 'moodle_logs'. Ultimo ID: 20354
2026-08-04 15:51:47,699 [WARNING ] drift.concept_drift_detector: Concept drift detected: distribution, confidence: 100.00%
2026-08-04 15:51:55,269 [INFO    ] capture.log_capture: 2 eventos publicados en el stream 'moodle_logs'. Ultimo ID: 20356
2026-08-04 15:52:05,276 [INFO    ] capture.log_capture: 5 eventos publicados en el stream 'moodle_logs'. Ultimo ID: 20361
2026-08-04 15:52:47,902 [WARNING ] drift.concept_drift_detector: Concept drift detected: distribution, confidence: 100.00%
2026-08-04 15:53:15,331 [INFO    ] capture.log_capture: 1 eventos publicados en el stream 'moodle_logs'. Ultimo ID: 20362
2026-08-04 15:53:45,340 [INFO    ] capture.log_capture: 3 eventos publicados en el stream 'moodle_logs'. Ultimo ID: 20365
2026-08-04 15:53:49,557 [WARNING ] drift.concept_drift_detector: Concept drift detected: distribution, confidence: 100.00%
2026-08-04 15:54:15,348 [INFO    ] capture.log_capture: 5 eventos publicados en el stream 'moodle_logs'. Ultimo ID: 20370
2026-08-04 15:54:45,357 [INFO    ] capture.log_capture: 4 eventos publicados en el stream 'moodle_logs'. Ultimo ID: 20374
2026-08-04 15:54:49,570 [WARNING ] drift.concept_drift_detector: Concept drift detected: distribution, confidence: 100.00%
2026-08-04 15:55:15,366 [INFO    ] capture.log_capture: 1 eventos publicados en el stream 'moodle_logs'. Ultimo ID: 20375
2026-08-04 15:55:49,910 [WARNING ] drift.concept_drift_detector: Concept drift detected: distribution, confidence: 100.00%
2026-08-04 15:55:55,377 [INFO    ] capture.log_capture: 4 eventos publicados en el stream 'moodle_logs'. Ultimo ID: 20379
2026-08-04 15:56:25,386 [INFO    ] capture.log_capture: 2 eventos publicados en el stream 'moodle_logs'. Ultimo ID: 20381
2026-08-04 15:56:51,849 [WARNING ] drift.concept_drift_detector: Concept drift detected: distribution, confidence: 100.00%
2026-08-04 15:56:55,396 [INFO    ] capture.log_capture: 3 eventos publicados en el stream 'moodle_logs'. Ultimo ID: 20384
2026-08-04 15:57:35,410 [INFO    ] capture.log_capture: 4 eventos publicados en el stream 'moodle_logs'. Ultimo ID: 20388
2026-08-04 15:57:53,789 [WARNING ] drift.concept_drift_detector: Concept drift detected: distribution, confidence: 100.00%
2026-08-04 15:57:55,417 [INFO    ] capture.log_capture: 1 eventos publicados en el stream 'moodle_logs'. Ultimo ID: 20389
2026-08-04 15:58:35,427 [INFO    ] capture.log_capture: 2 eventos publicados en el stream 'moodle_logs'. Ultimo ID: 20391
2026-08-04 15:58:54,011 [WARNING ] drift.concept_drift_detector: Concept drift detected: distribution, confidence: 100.00%
2026-08-04 15:58:55,436 [INFO    ] capture.log_capture: 2 eventos publicados en el stream 'moodle_logs'. Ultimo ID: 20393
2026-08-04 15:59:25,444 [INFO    ] capture.log_capture: 1 eventos publicados en el stream 'moodle_logs'. Ultimo ID: 20394
2026-08-04 15:59:53,985 [WARNING ] drift.concept_drift_detector: Concept drift detected: distribution, confidence: 100.00%
2026-08-04 16:00:54,608 [WARNING ] drift.concept_drift_detector: Concept drift detected: distribution, confidence: 97.31%
2026-08-04 16:00:55,463 [INFO    ] capture.log_capture: 3 eventos publicados en el stream 'moodle_logs'. Ultimo ID: 20397
2026-08-04 16:01:25,471 [INFO    ] capture.log_capture: 2 eventos publicados en el stream 'moodle_logs'. Ultimo ID: 20399
2026-08-04 16:01:55,482 [INFO    ] capture.log_capture: 2 eventos publicados en el stream 'moodle_logs'. Ultimo ID: 20401
2026-08-04 16:01:55,713 [WARNING ] drift.concept_drift_detector: Concept drift detected: distribution, confidence: 92.68%
2026-08-04 16:02:15,488 [INFO    ] capture.log_capture: 1 eventos publicados en el stream 'moodle_logs'. Ultimo ID: 20402
2026-08-04 16:02:55,498 [INFO    ] capture.log_capture: 2 eventos publicados en el stream 'moodle_logs'. Ultimo ID: 20404
2026-08-04 16:02:55,696 [WARNING ] drift.concept_drift_detector: Concept drift detected: distribution, confidence: 88.14%
2026-08-04 16:03:15,506 [INFO    ] capture.log_capture: 1 eventos publicados en el stream 'moodle_logs'. Ultimo ID: 20405
2026-08-04 16:03:45,514 [INFO    ] capture.log_capture: 2 eventos publicados en el stream 'moodle_logs'. Ultimo ID: 20407
2026-08-04 16:03:55,519 [INFO    ] capture.log_capture: 1 eventos publicados en el stream 'moodle_logs'. Ultimo ID: 20408
2026-08-04 16:03:55,683 [WARNING ] drift.concept_drift_detector: Concept drift detected: distribution, confidence: 83.67%
2026-08-04 16:04:25,527 [INFO    ] capture.log_capture: 2 eventos publicados en el stream 'moodle_logs'. Ultimo ID: 20410
2026-08-04 16:04:55,536 [INFO    ] capture.log_capture: 3 eventos publicados en el stream 'moodle_logs'. Ultimo ID: 20413
2026-08-04 16:04:55,700 [WARNING ] drift.concept_drift_detector: Concept drift detected: distribution, confidence: 79.22%
2026-08-04 16:05:55,550 [INFO    ] capture.log_capture: 3 eventos publicados en el stream 'moodle_logs'. Ultimo ID: 20416
2026-08-04 16:05:55,698 [WARNING ] drift.concept_drift_detector: Concept drift detected: distribution, confidence: 74.71%
2026-08-04 16:06:25,561 [INFO    ] capture.log_capture: 4 eventos publicados en el stream 'moodle_logs'. Ultimo ID: 20420
2026-08-04 16:06:56,094 [WARNING ] drift.concept_drift_detector: Concept drift detected: distribution, confidence: 70.16%
2026-08-04 16:07:05,572 [INFO    ] capture.log_capture: 1 eventos publicados en el stream 'moodle_logs'. Ultimo ID: 20421
2026-08-04 16:07:35,581 [INFO    ] capture.log_capture: 3 eventos publicados en el stream 'moodle_logs'. Ultimo ID: 20424
2026-08-04 16:07:58,052 [WARNING ] drift.concept_drift_detector: Concept drift detected: distribution, confidence: 65.59%
2026-08-04 16:08:05,590 [INFO    ] capture.log_capture: 2 eventos publicados en el stream 'moodle_logs'. Ultimo ID: 20426
2026-08-04 16:08:35,598 [INFO    ] capture.log_capture: 1 eventos publicados en el stream 'moodle_logs'. Ultimo ID: 20427
2026-08-04 16:09:00,088 [WARNING ] drift.concept_drift_detector: Concept drift detected: distribution, confidence: 60.92%
2026-08-04 16:09:05,609 [INFO    ] capture.log_capture: 2 eventos publicados en el stream 'moodle_logs'. Ultimo ID: 20429
2026-08-04 16:09:35,619 [INFO    ] capture.log_capture: 1 eventos publicados en el stream 'moodle_logs'. Ultimo ID: 20430
2026-08-04 16:10:00,072 [WARNING ] drift.concept_drift_detector: Concept drift detected: distribution, confidence: 56.30%
2026-08-04 16:10:05,628 [INFO    ] capture.log_capture: 2 eventos publicados en el stream 'moodle_logs'. Ultimo ID: 20432
2026-08-04 16:11:00,403 [WARNING ] drift.concept_drift_detector: Concept drift detected: distribution, confidence: 51.65%
2026-08-04 16:11:00,621 [WARNING ] drift.concept_drift_detector: Concept drift detected: error_rate, confidence: 83.74%
2026-08-04 16:11:05,641 [INFO    ] capture.log_capture: 1 eventos publicados en el stream 'moodle_logs'. Ultimo ID: 20433
2026-08-04 16:11:35,649 [INFO    ] capture.log_capture: 1 eventos publicados en el stream 'moodle_logs'. Ultimo ID: 20434
2026-08-04 16:11:45,654 [INFO    ] capture.log_capture: 1 eventos publicados en el stream 'moodle_logs'. Ultimo ID: 20435
2026-08-04 16:12:02,067 [WARNING ] drift.concept_drift_detector: Concept drift detected: error_rate, confidence: 81.99%
2026-08-04 16:12:05,662 [INFO    ] capture.log_capture: 3 eventos publicados en el stream 'moodle_logs'. Ultimo ID: 20438
2026-08-04 16:12:35,671 [INFO    ] capture.log_capture: 2 eventos publicados en el stream 'moodle_logs'. Ultimo ID: 20440
2026-08-04 16:12:55,678 [INFO    ] capture.log_capture: 2 eventos publicados en el stream 'moodle_logs'. Ultimo ID: 20442
2026-08-04 16:13:03,971 [WARNING ] drift.concept_drift_detector: Concept drift detected: error_rate, confidence: 77.28%
2026-08-04 16:13:05,684 [INFO    ] capture.log_capture: 2 eventos publicados en el stream 'moodle_logs'. Ultimo ID: 20444
2026-08-04 16:13:25,691 [INFO    ] capture.log_capture: 3 eventos publicados en el stream 'moodle_logs'. Ultimo ID: 20447
2026-08-04 16:13:55,700 [INFO    ] capture.log_capture: 2 eventos publicados en el stream 'moodle_logs'. Ultimo ID: 20449
2026-08-04 16:14:04,020 [WARNING ] drift.concept_drift_detector: Concept drift detected: error_rate, confidence: 76.58%
2026-08-04 16:14:35,709 [INFO    ] capture.log_capture: 2 eventos publicados en el stream 'moodle_logs'. Ultimo ID: 20451
2026-08-04 16:14:55,718 [INFO    ] capture.log_capture: 3 eventos publicados en el stream 'moodle_logs'. Ultimo ID: 20454
2026-08-04 16:15:04,083 [WARNING ] drift.concept_drift_detector: Concept drift detected: error_rate, confidence: 77.86%
2026-08-04 16:15:25,727 [INFO    ] capture.log_capture: 1 eventos publicados en el stream 'moodle_logs'. Ultimo ID: 20455
2026-08-04 16:15:55,735 [INFO    ] capture.log_capture: 2 eventos publicados en el stream 'moodle_logs'. Ultimo ID: 20457
2026-08-04 16:16:06,024 [WARNING ] drift.concept_drift_detector: Concept drift detected: error_rate, confidence: 79.14%
2026-08-04 16:16:25,743 [INFO    ] capture.log_capture: 1 eventos publicados en el stream 'moodle_logs'. Ultimo ID: 20458
2026-08-04 16:16:55,752 [INFO    ] capture.log_capture: 1 eventos publicados en el stream 'moodle_logs'. Ultimo ID: 20459
2026-08-04 16:17:06,055 [WARNING ] drift.concept_drift_detector: Concept drift detected: error_rate, confidence: 79.41%
2026-08-04 16:17:25,763 [INFO    ] capture.log_capture: 2 eventos publicados en el stream 'moodle_logs'. Ultimo ID: 20461
2026-08-04 16:18:05,773 [INFO    ] capture.log_capture: 3 eventos publicados en el stream 'moodle_logs'. Ultimo ID: 20464
2026-08-04 16:18:08,055 [WARNING ] drift.concept_drift_detector: Concept drift detected: error_rate, confidence: 78.69%
2026-08-04 16:18:35,783 [INFO    ] capture.log_capture: 3 eventos publicados en el stream 'moodle_logs'. Ultimo ID: 20467
2026-08-04 16:18:55,788 [INFO    ] capture.log_capture: 1 eventos publicados en el stream 'moodle_logs'. Ultimo ID: 20468
2026-08-04 16:19:08,075 [WARNING ] drift.concept_drift_detector: Concept drift detected: error_rate, confidence: 73.01%
2026-08-04 16:19:35,800 [INFO    ] capture.log_capture: 2 eventos publicados en el stream 'moodle_logs'. Ultimo ID: 20470
2026-08-04 16:19:55,809 [INFO    ] capture.log_capture: 5 eventos publicados en el stream 'moodle_logs'. Ultimo ID: 20475
2026-08-04 16:20:08,121 [WARNING ] drift.concept_drift_detector: Concept drift detected: error_rate, confidence: 72.34%
2026-08-04 16:20:25,818 [INFO    ] capture.log_capture: 2 eventos publicados en el stream 'moodle_logs'. Ultimo ID: 20477
2026-08-04 16:20:55,827 [INFO    ] capture.log_capture: 2 eventos publicados en el stream 'moodle_logs'. Ultimo ID: 20479
2026-08-04 16:21:08,105 [WARNING ] drift.concept_drift_detector: Concept drift detected: error_rate, confidence: 74.66%
2026-08-04 16:21:15,834 [INFO    ] capture.log_capture: 1 eventos publicados en el stream 'moodle_logs'. Ultimo ID: 20480
2026-08-04 16:21:45,843 [INFO    ] capture.log_capture: 4 eventos publicados en el stream 'moodle_logs'. Ultimo ID: 20484
2026-08-04 16:22:08,304 [WARNING ] drift.concept_drift_detector: Concept drift detected: error_rate, confidence: 72.98%
2026-08-04 16:22:15,852 [INFO    ] capture.log_capture: 2 eventos publicados en el stream 'moodle_logs'. Ultimo ID: 20486
2026-08-04 16:22:45,861 [INFO    ] capture.log_capture: 3 eventos publicados en el stream 'moodle_logs'. Ultimo ID: 20489
2026-08-04 16:23:08,285 [WARNING ] drift.concept_drift_detector: Concept drift detected: error_rate, confidence: 72.31%
2026-08-04 16:23:15,870 [INFO    ] capture.log_capture: 1 eventos publicados en el stream 'moodle_logs'. Ultimo ID: 20490
2026-08-04 16:23:25,875 [INFO    ] capture.log_capture: 5 eventos publicados en el stream 'moodle_logs'. Ultimo ID: 20495
2026-08-04 16:23:45,882 [INFO    ] capture.log_capture: 3 eventos publicados en el stream 'moodle_logs'. Ultimo ID: 20498
2026-08-04 16:24:08,337 [WARNING ] drift.concept_drift_detector: Concept drift detected: error_rate, confidence: 67.68%
2026-08-04 16:24:15,889 [INFO    ] capture.log_capture: 2 eventos publicados en el stream 'moodle_logs'. Ultimo ID: 20500
2026-08-04 16:24:45,897 [INFO    ] capture.log_capture: 1 eventos publicados en el stream 'moodle_logs'. Ultimo ID: 20501
2026-08-04 16:25:08,331 [WARNING ] drift.concept_drift_detector: Concept drift detected: error_rate, confidence: 73.01%
2026-08-04 16:25:15,906 [INFO    ] capture.log_capture: 3 eventos publicados en el stream 'moodle_logs'. Ultimo ID: 20504
2026-08-04 16:25:25,911 [INFO    ] capture.log_capture: 1 eventos publicados en el stream 'moodle_logs'. Ultimo ID: 20505
2026-08-04 16:25:55,920 [INFO    ] capture.log_capture: 3 eventos publicados en el stream 'moodle_logs'. Ultimo ID: 20508
2026-08-04 16:26:10,312 [WARNING ] drift.concept_drift_detector: Concept drift detected: error_rate, confidence: 68.37%
2026-08-04 16:26:15,925 [INFO    ] capture.log_capture: 1 eventos publicados en el stream 'moodle_logs'. Ultimo ID: 20509
2026-08-04 16:26:45,934 [INFO    ] capture.log_capture: 2 eventos publicados en el stream 'moodle_logs'. Ultimo ID: 20511
2026-08-04 16:27:10,441 [WARNING ] drift.concept_drift_detector: Concept drift detected: error_rate, confidence: 71.71%
2026-08-04 16:27:15,942 [INFO    ] capture.log_capture: 1 eventos publicados en el stream 'moodle_logs'. Ultimo ID: 20512
2026-08-04 16:27:45,949 [INFO    ] capture.log_capture: 1 eventos publicados en el stream 'moodle_logs'. Ultimo ID: 20513
2026-08-04 16:28:10,441 [WARNING ] drift.concept_drift_detector: Concept drift detected: error_rate, confidence: 72.04%
2026-08-04 16:28:15,958 [INFO    ] capture.log_capture: 1 eventos publicados en el stream 'moodle_logs'. Ultimo ID: 20514
2026-08-04 16:28:45,967 [INFO    ] capture.log_capture: 3 eventos publicados en el stream 'moodle_logs'. Ultimo ID: 20517
2026-08-04 16:29:10,459 [WARNING ] drift.concept_drift_detector: Concept drift detected: error_rate, confidence: 69.39%
2026-08-04 16:29:25,977 [INFO    ] capture.log_capture: 3 eventos publicados en el stream 'moodle_logs'. Ultimo ID: 20520
2026-08-04 16:29:55,987 [INFO    ] capture.log_capture: 3 eventos publicados en el stream 'moodle_logs'. Ultimo ID: 20523
2026-08-04 16:30:12,304 [WARNING ] drift.concept_drift_detector: Concept drift detected: error_rate, confidence: 66.77%
2026-08-04 16:30:15,992 [INFO    ] capture.log_capture: 1 eventos publicados en el stream 'moodle_logs'. Ultimo ID: 20524
2026-08-04 16:30:46,001 [INFO    ] capture.log_capture: 2 eventos publicados en el stream 'moodle_logs'. Ultimo ID: 20526
2026-08-04 16:31:12,439 [WARNING ] drift.concept_drift_detector: Concept drift detected: error_rate, confidence: 69.13%
2026-08-04 16:31:16,009 [INFO    ] capture.log_capture: 2 eventos publicados en el stream 'moodle_logs'. Ultimo ID: 20528
2026-08-04 16:31:46,018 [INFO    ] capture.log_capture: 2 eventos publicados en el stream 'moodle_logs'. Ultimo ID: 20530
2026-08-04 16:32:12,446 [WARNING ] drift.concept_drift_detector: Concept drift detected: error_rate, confidence: 67.49%
2026-08-04 16:32:16,026 [INFO    ] capture.log_capture: 1 eventos publicados en el stream 'moodle_logs'. Ultimo ID: 20531
2026-08-04 16:32:56,036 [INFO    ] capture.log_capture: 2 eventos publicados en el stream 'moodle_logs'. Ultimo ID: 20533
2026-08-04 16:33:14,408 [WARNING ] drift.concept_drift_detector: Concept drift detected: error_rate, confidence: 67.86%
2026-08-04 16:33:26,044 [INFO    ] capture.log_capture: 2 eventos publicados en el stream 'moodle_logs'. Ultimo ID: 20535
2026-08-04 16:33:46,050 [INFO    ] capture.log_capture: 2 eventos publicados en el stream 'moodle_logs'. Ultimo ID: 20537
2026-08-04 16:33:56,054 [INFO    ] capture.log_capture: 1 eventos publicados en el stream 'moodle_logs'. Ultimo ID: 20538
2026-08-04 16:34:14,424 [WARNING ] drift.concept_drift_detector: Concept drift detected: error_rate, confidence: 65.25%
2026-08-04 16:34:16,060 [INFO    ] capture.log_capture: 2 eventos publicados en el stream 'moodle_logs'. Ultimo ID: 20540
2026-08-04 16:34:56,071 [INFO    ] capture.log_capture: 4 eventos publicados en el stream 'moodle_logs'. Ultimo ID: 20544
2026-08-04 16:35:14,458 [WARNING ] drift.concept_drift_detector: Concept drift detected: error_rate, confidence: 63.65%
2026-08-04 16:35:46,084 [INFO    ] capture.log_capture: 2 eventos publicados en el stream 'moodle_logs'. Ultimo ID: 20546
2026-08-04 16:35:56,090 [INFO    ] capture.log_capture: 2 eventos publicados en el stream 'moodle_logs'. Ultimo ID: 20548
2026-08-04 16:36:14,463 [WARNING ] drift.concept_drift_detector: Concept drift detected: error_rate, confidence: 65.04%
2026-08-04 16:36:16,096 [INFO    ] capture.log_capture: 1 eventos publicados en el stream 'moodle_logs'. Ultimo ID: 20549
2026-08-04 16:36:46,105 [INFO    ] capture.log_capture: 4 eventos publicados en el stream 'moodle_logs'. Ultimo ID: 20553
2026-08-04 16:37:14,621 [WARNING ] drift.concept_drift_detector: Concept drift detected: error_rate, confidence: 63.44%
2026-08-04 16:37:16,112 [INFO    ] capture.log_capture: 1 eventos publicados en el stream 'moodle_logs'. Ultimo ID: 20554
2026-08-04 16:37:46,122 [INFO    ] capture.log_capture: 2 eventos publicados en el stream 'moodle_logs'. Ultimo ID: 20556
2026-08-04 16:38:14,679 [WARNING ] drift.concept_drift_detector: Concept drift detected: error_rate, confidence: 64.83%
2026-08-04 16:38:16,130 [INFO    ] capture.log_capture: 1 eventos publicados en el stream 'moodle_logs'. Ultimo ID: 20557
2026-08-04 16:38:46,140 [INFO    ] capture.log_capture: 2 eventos publicados en el stream 'moodle_logs'. Ultimo ID: 20559
2026-08-04 16:39:16,148 [INFO    ] capture.log_capture: 2 eventos publicados en el stream 'moodle_logs'. Ultimo ID: 20561
2026-08-04 16:39:16,285 [WARNING ] drift.concept_drift_detector: Concept drift detected: error_rate, confidence: 64.23%
2026-08-04 16:39:46,158 [INFO    ] capture.log_capture: 1 eventos publicados en el stream 'moodle_logs'. Ultimo ID: 20562
2026-08-04 16:40:16,737 [WARNING ] drift.concept_drift_detector: Concept drift detected: error_rate, confidence: 63.63%
2026-08-04 16:40:46,173 [INFO    ] capture.log_capture: 1 eventos publicados en el stream 'moodle_logs'. Ultimo ID: 20563
2026-08-04 16:41:16,181 [INFO    ] capture.log_capture: 2 eventos publicados en el stream 'moodle_logs'. Ultimo ID: 20565
2026-08-04 16:41:18,399 [WARNING ] drift.concept_drift_detector: Concept drift detected: error_rate, confidence: 65.02%
2026-08-04 16:41:56,191 [INFO    ] capture.log_capture: 3 eventos publicados en el stream 'moodle_logs'. Ultimo ID: 20568
2026-08-04 16:42:16,197 [INFO    ] capture.log_capture: 1 eventos publicados en el stream 'moodle_logs'. Ultimo ID: 20569
2026-08-04 16:42:18,431 [WARNING ] drift.concept_drift_detector: Concept drift detected: error_rate, confidence: 60.44%
2026-08-04 16:42:36,203 [INFO    ] capture.log_capture: 4 eventos publicados en el stream 'moodle_logs'. Ultimo ID: 20573
2026-08-04 16:42:46,208 [INFO    ] capture.log_capture: 1 eventos publicados en el stream 'moodle_logs'. Ultimo ID: 20574
2026-08-04 16:43:06,221 [INFO    ] capture.log_capture: 1 eventos publicados en el stream 'moodle_logs'. Ultimo ID: 20575
2026-08-04 16:43:18,533 [WARNING ] drift.concept_drift_detector: Concept drift detected: error_rate, confidence: 58.88%
2026-08-04 16:43:36,229 [INFO    ] capture.log_capture: 2 eventos publicados en el stream 'moodle_logs'. Ultimo ID: 20577
2026-08-04 16:44:06,236 [INFO    ] capture.log_capture: 1 eventos publicados en el stream 'moodle_logs'. Ultimo ID: 20578
2026-08-04 16:44:20,517 [WARNING ] drift.concept_drift_detector: Concept drift detected: error_rate, confidence: 61.30%
2026-08-04 16:45:16,253 [INFO    ] capture.log_capture: 3 eventos publicados en el stream 'moodle_logs'. Ultimo ID: 20581
2026-08-04 16:45:22,473 [WARNING ] drift.concept_drift_detector: Concept drift detected: error_rate, confidence: 62.70%
2026-08-04 16:45:46,261 [INFO    ] capture.log_capture: 5 eventos publicados en el stream 'moodle_logs'. Ultimo ID: 20586
2026-08-04 16:46:06,267 [INFO    ] capture.log_capture: 2 eventos publicados en el stream 'moodle_logs'. Ultimo ID: 20588
2026-08-04 16:46:22,606 [WARNING ] drift.concept_drift_detector: Concept drift detected: error_rate, confidence: 55.17%
2026-08-04 16:46:46,279 [INFO    ] capture.log_capture: 3 eventos publicados en el stream 'moodle_logs'. Ultimo ID: 20591
2026-08-04 16:47:16,287 [INFO    ] capture.log_capture: 1 eventos publicados en el stream 'moodle_logs'. Ultimo ID: 20592
2026-08-04 16:47:24,566 [WARNING ] drift.concept_drift_detector: Concept drift detected: error_rate, confidence: 57.62%
2026-08-04 16:47:46,295 [INFO    ] capture.log_capture: 2 eventos publicados en el stream 'moodle_logs'. Ultimo ID: 20594
2026-08-04 16:47:56,299 [INFO    ] capture.log_capture: 2 eventos publicados en el stream 'moodle_logs'. Ultimo ID: 20596
2026-08-04 16:48:16,306 [INFO    ] capture.log_capture: 2 eventos publicados en el stream 'moodle_logs'. Ultimo ID: 20598
2026-08-04 16:48:24,595 [WARNING ] drift.concept_drift_detector: Concept drift detected: error_rate, confidence: 57.07%
2026-08-04 16:48:46,314 [INFO    ] capture.log_capture: 1 eventos publicados en el stream 'moodle_logs'. Ultimo ID: 20599
2026-08-04 16:49:06,324 [INFO    ] capture.log_capture: 6 eventos publicados en el stream 'moodle_logs'. Ultimo ID: 20605
2026-08-04 16:49:24,779 [WARNING ] drift.concept_drift_detector: Concept drift detected: error_rate, confidence: 58.51%
2026-08-04 16:49:36,334 [INFO    ] capture.log_capture: 4 eventos publicados en el stream 'moodle_logs'. Ultimo ID: 20609
2026-08-04 16:50:16,343 [INFO    ] capture.log_capture: 1 eventos publicados en el stream 'moodle_logs'. Ultimo ID: 20610
2026-08-04 16:50:26,671 [WARNING ] drift.concept_drift_detector: Concept drift detected: error_rate, confidence: 51.01%
2026-08-04 16:50:36,348 [INFO    ] capture.log_capture: 1 eventos publicados en el stream 'moodle_logs'. Ultimo ID: 20611
2026-08-04 16:50:46,353 [INFO    ] capture.log_capture: 1 eventos publicados en el stream 'moodle_logs'. Ultimo ID: 20612
2026-08-04 16:51:16,360 [INFO    ] capture.log_capture: 2 eventos publicados en el stream 'moodle_logs'. Ultimo ID: 20614
2026-08-04 16:51:26,678 [WARNING ] drift.concept_drift_detector: Concept drift detected: error_rate, confidence: 57.46%
2026-08-04 16:51:46,368 [INFO    ] capture.log_capture: 2 eventos publicados en el stream 'moodle_logs'. Ultimo ID: 20616
2026-08-04 16:51:56,371 [INFO    ] capture.log_capture: 1 eventos publicados en el stream 'moodle_logs'. Ultimo ID: 20617
2026-08-04 16:52:16,380 [INFO    ] capture.log_capture: 2 eventos publicados en el stream 'moodle_logs'. Ultimo ID: 20619
2026-08-04 16:52:26,760 [WARNING ] drift.concept_drift_detector: Concept drift detected: error_rate, confidence: 54.92%
2026-08-04 16:52:36,387 [INFO    ] capture.log_capture: 1 eventos publicados en el stream 'moodle_logs'. Ultimo ID: 20620
2026-08-04 16:52:46,391 [INFO    ] capture.log_capture: 1 eventos publicados en el stream 'moodle_logs'. Ultimo ID: 20621
2026-08-04 16:53:26,404 [INFO    ] capture.log_capture: 3 eventos publicados en el stream 'moodle_logs'. Ultimo ID: 20624
2026-08-04 16:53:28,628 [WARNING ] drift.concept_drift_detector: Concept drift detected: error_rate, confidence: 55.39%
2026-08-04 16:53:56,413 [INFO    ] capture.log_capture: 1 eventos publicados en el stream 'moodle_logs'. Ultimo ID: 20625
2026-08-04 16:54:26,422 [INFO    ] capture.log_capture: 3 eventos publicados en el stream 'moodle_logs'. Ultimo ID: 20628
2026-08-04 16:54:28,728 [WARNING ] drift.concept_drift_detector: Concept drift detected: error_rate, confidence: 54.86%
2026-08-04 16:54:56,430 [INFO    ] capture.log_capture: 1 eventos publicados en el stream 'moodle_logs'. Ultimo ID: 20629
2026-08-04 16:55:28,987 [WARNING ] drift.concept_drift_detector: Concept drift detected: error_rate, confidence: 54.33%
2026-08-04 16:56:26,450 [INFO    ] capture.log_capture: 3 eventos publicados en el stream 'moodle_logs'. Ultimo ID: 20632
2026-08-04 16:56:46,456 [INFO    ] capture.log_capture: 1 eventos publicados en el stream 'moodle_logs'. Ultimo ID: 20633
2026-08-04 16:56:56,461 [INFO    ] capture.log_capture: 1 eventos publicados en el stream 'moodle_logs'. Ultimo ID: 20634
2026-08-04 16:57:26,470 [INFO    ] capture.log_capture: 6 eventos publicados en el stream 'moodle_logs'. Ultimo ID: 20640
2026-08-04 16:57:30,708 [WARNING ] drift.concept_drift_detector: Concept drift detected: error_rate, confidence: 52.81%
2026-08-04 16:57:46,543 [INFO    ] capture.log_capture: 3 eventos publicados en el stream 'moodle_logs'. Ultimo ID: 20643
2026-08-04 16:57:56,548 [INFO    ] capture.log_capture: 3 eventos publicados en el stream 'moodle_logs'. Ultimo ID: 20646
2026-08-04 16:58:26,556 [INFO    ] capture.log_capture: 1 eventos publicados en el stream 'moodle_logs'. Ultimo ID: 20647
2026-08-04 16:59:16,570 [INFO    ] capture.log_capture: 2 eventos publicados en el stream 'moodle_logs'. Ultimo ID: 20649
2026-08-04 16:59:26,574 [INFO    ] capture.log_capture: 1 eventos publicados en el stream 'moodle_logs'. Ultimo ID: 20650
2026-08-04 16:59:30,910 [WARNING ] drift.concept_drift_detector: Concept drift detected: error_rate, confidence: 100.00%
2026-08-04 16:59:56,583 [INFO    ] capture.log_capture: 2 eventos publicados en el stream 'moodle_logs'. Ultimo ID: 20652
2026-08-04 17:00:16,590 [INFO    ] capture.log_capture: 1 eventos publicados en el stream 'moodle_logs'. Ultimo ID: 20653
2026-08-04 17:00:30,917 [WARNING ] drift.concept_drift_detector: Concept drift detected: error_rate, confidence: 51.31%
2026-08-04 17:01:06,602 [INFO    ] capture.log_capture: 1 eventos publicados en el stream 'moodle_logs'. Ultimo ID: 20654
2026-08-04 17:01:31,094 [WARNING ] drift.concept_drift_detector: Concept drift detected: error_rate, confidence: 54.78%
2026-08-04 17:01:46,613 [INFO    ] capture.log_capture: 2 eventos publicados en el stream 'moodle_logs'. Ultimo ID: 20656
2026-08-04 17:02:06,619 [INFO    ] capture.log_capture: 3 eventos publicados en el stream 'moodle_logs'. Ultimo ID: 20659
2026-08-04 17:02:33,024 [WARNING ] drift.concept_drift_detector: Concept drift detected: error_rate, confidence: 52.27%
2026-08-04 17:02:46,628 [INFO    ] capture.log_capture: 2 eventos publicados en el stream 'moodle_logs'. Ultimo ID: 20661
2026-08-04 17:03:06,635 [INFO    ] capture.log_capture: 2 eventos publicados en el stream 'moodle_logs'. Ultimo ID: 20663
2026-08-04 17:03:46,647 [INFO    ] capture.log_capture: 2 eventos publicados en el stream 'moodle_logs'. Ultimo ID: 20665
2026-08-04 17:04:16,656 [INFO    ] capture.log_capture: 1 eventos publicados en el stream 'moodle_logs'. Ultimo ID: 20666
2026-08-04 17:04:35,153 [WARNING ] drift.concept_drift_detector: Concept drift detected: error_rate, confidence: 100.00%
2026-08-04 17:04:36,662 [INFO    ] capture.log_capture: 1 eventos publicados en el stream 'moodle_logs'. Ultimo ID: 20667
2026-08-04 17:05:06,670 [INFO    ] capture.log_capture: 2 eventos publicados en el stream 'moodle_logs'. Ultimo ID: 20669
2026-08-04 17:05:35,177 [WARNING ] drift.concept_drift_detector: Concept drift detected: error_rate, confidence: 51.77%
2026-08-04 17:05:36,679 [INFO    ] capture.log_capture: 3 eventos publicados en el stream 'moodle_logs'. Ultimo ID: 20672
2026-08-04 17:06:36,692 [INFO    ] capture.log_capture: 5 eventos publicados en el stream 'moodle_logs'. Ultimo ID: 20677
2026-08-04 17:07:06,701 [INFO    ] capture.log_capture: 3 eventos publicados en el stream 'moodle_logs'. Ultimo ID: 20680
2026-08-04 17:07:36,711 [INFO    ] capture.log_capture: 2 eventos publicados en el stream 'moodle_logs'. Ultimo ID: 20682
2026-08-04 17:07:36,920 [WARNING ] drift.concept_drift_detector: Concept drift detected: error_rate, confidence: 96.10%
2026-08-04 17:07:56,718 [INFO    ] capture.log_capture: 3 eventos publicados en el stream 'moodle_logs'. Ultimo ID: 20685
2026-08-04 17:08:16,727 [INFO    ] capture.log_capture: 4 eventos publicados en el stream 'moodle_logs'. Ultimo ID: 20689
2026-08-04 17:08:46,735 [INFO    ] capture.log_capture: 3 eventos publicados en el stream 'moodle_logs'. Ultimo ID: 20692
2026-08-04 17:09:16,744 [INFO    ] capture.log_capture: 2 eventos publicados en el stream 'moodle_logs'. Ultimo ID: 20694
2026-08-04 17:09:36,749 [INFO    ] capture.log_capture: 1 eventos publicados en el stream 'moodle_logs'. Ultimo ID: 20695
2026-08-04 17:09:38,956 [WARNING ] drift.concept_drift_detector: Concept drift detected: error_rate, confidence: 89.26%
2026-08-04 17:09:46,755 [INFO    ] capture.log_capture: 3 eventos publicados en el stream 'moodle_logs'. Ultimo ID: 20698
2026-08-04 17:10:16,764 [INFO    ] capture.log_capture: 2 eventos publicados en el stream 'moodle_logs'. Ultimo ID: 20700
2026-08-04 17:10:46,772 [INFO    ] capture.log_capture: 1 eventos publicados en el stream 'moodle_logs'. Ultimo ID: 20701
2026-08-04 17:11:16,781 [INFO    ] capture.log_capture: 1 eventos publicados en el stream 'moodle_logs'. Ultimo ID: 20702
2026-08-04 17:11:39,315 [WARNING ] drift.concept_drift_detector: Concept drift detected: error_rate, confidence: 93.41%
2026-08-04 17:11:46,790 [INFO    ] capture.log_capture: 2 eventos publicados en el stream 'moodle_logs'. Ultimo ID: 20704
2026-08-04 17:12:16,798 [INFO    ] capture.log_capture: 2 eventos publicados en el stream 'moodle_logs'. Ultimo ID: 20706
2026-08-04 17:12:46,807 [INFO    ] capture.log_capture: 2 eventos publicados en el stream 'moodle_logs'. Ultimo ID: 20708
2026-08-04 17:13:16,822 [INFO    ] capture.log_capture: 1 eventos publicados en el stream 'moodle_logs'. Ultimo ID: 20709
2026-08-04 17:13:41,212 [WARNING ] drift.concept_drift_detector: Concept drift detected: error_rate, confidence: 93.52%
2026-08-04 17:13:46,830 [INFO    ] capture.log_capture: 3 eventos publicados en el stream 'moodle_logs'. Ultimo ID: 20712
2026-08-04 17:13:56,834 [INFO    ] capture.log_capture: 1 eventos publicados en el stream 'moodle_logs'. Ultimo ID: 20713
2026-08-04 17:14:26,842 [INFO    ] capture.log_capture: 4 eventos publicados en el stream 'moodle_logs'. Ultimo ID: 20717
2026-08-04 17:14:56,849 [INFO    ] capture.log_capture: 1 eventos publicados en el stream 'moodle_logs'. Ultimo ID: 20718
2026-08-04 17:15:26,862 [INFO    ] capture.log_capture: 2 eventos publicados en el stream 'moodle_logs'. Ultimo ID: 20720
2026-08-04 17:15:43,225 [WARNING ] drift.concept_drift_detector: Concept drift detected: error_rate, confidence: 88.69%
2026-08-04 17:15:56,870 [INFO    ] capture.log_capture: 1 eventos publicados en el stream 'moodle_logs'. Ultimo ID: 20721
2026-08-04 17:16:26,879 [INFO    ] capture.log_capture: 4 eventos publicados en el stream 'moodle_logs'. Ultimo ID: 20725
2026-08-04 17:16:46,886 [INFO    ] capture.log_capture: 3 eventos publicados en el stream 'moodle_logs'. Ultimo ID: 20728
2026-08-04 17:17:26,896 [INFO    ] capture.log_capture: 1 eventos publicados en el stream 'moodle_logs'. Ultimo ID: 20729
2026-08-04 17:17:43,290 [WARNING ] drift.concept_drift_detector: Concept drift detected: error_rate, confidence: 86.89%
2026-08-04 17:17:46,903 [INFO    ] capture.log_capture: 3 eventos publicados en el stream 'moodle_logs'. Ultimo ID: 20732
2026-08-04 17:18:16,913 [INFO    ] capture.log_capture: 3 eventos publicados en el stream 'moodle_logs'. Ultimo ID: 20735
2026-08-04 17:18:56,923 [INFO    ] capture.log_capture: 1 eventos publicados en el stream 'moodle_logs'. Ultimo ID: 20736
2026-08-04 17:19:26,931 [INFO    ] capture.log_capture: 2 eventos publicados en el stream 'moodle_logs'. Ultimo ID: 20738
2026-08-04 17:19:45,256 [WARNING ] drift.concept_drift_detector: Concept drift detected: error_rate, confidence: 87.12%
2026-08-04 17:19:56,940 [INFO    ] capture.log_capture: 3 eventos publicados en el stream 'moodle_logs'. Ultimo ID: 20741
2026-08-04 17:20:06,945 [INFO    ] capture.log_capture: 1 eventos publicados en el stream 'moodle_logs'. Ultimo ID: 20742
2026-08-04 17:20:36,953 [INFO    ] capture.log_capture: 2 eventos publicados en el stream 'moodle_logs'. Ultimo ID: 20744
2026-08-04 17:20:56,959 [INFO    ] capture.log_capture: 2 eventos publicados en el stream 'moodle_logs'. Ultimo ID: 20746
2026-08-04 17:21:36,973 [INFO    ] capture.log_capture: 3 eventos publicados en el stream 'moodle_logs'. Ultimo ID: 20749
2026-08-04 17:21:47,247 [WARNING ] drift.concept_drift_detector: Concept drift detected: error_rate, confidence: 83.38%
2026-08-04 17:22:06,981 [INFO    ] capture.log_capture: 2 eventos publicados en el stream 'moodle_logs'. Ultimo ID: 20751
2026-08-04 17:22:36,990 [INFO    ] capture.log_capture: 1 eventos publicados en el stream 'moodle_logs'. Ultimo ID: 20752
2026-08-04 17:23:06,999 [INFO    ] capture.log_capture: 4 eventos publicados en el stream 'moodle_logs'. Ultimo ID: 20756
2026-08-04 17:23:47,641 [WARNING ] drift.concept_drift_detector: Concept drift detected: error_rate, confidence: 85.63%
2026-08-04 17:23:57,012 [INFO    ] capture.log_capture: 1 eventos publicados en el stream 'moodle_logs'. Ultimo ID: 20757
2026-08-04 17:24:27,020 [INFO    ] capture.log_capture: 1 eventos publicados en el stream 'moodle_logs'. Ultimo ID: 20758
2026-08-04 17:24:57,029 [INFO    ] capture.log_capture: 1 eventos publicados en el stream 'moodle_logs'. Ultimo ID: 20759
2026-08-04 17:25:17,036 [INFO    ] capture.log_capture: 2 eventos publicados en el stream 'moodle_logs'. Ultimo ID: 20761
2026-08-04 17:25:49,542 [WARNING ] drift.concept_drift_detector: Concept drift detected: error_rate, confidence: 82.91%
2026-08-04 17:25:57,048 [INFO    ] capture.log_capture: 1 eventos publicados en el stream 'moodle_logs'. Ultimo ID: 20762
2026-08-04 17:26:17,056 [INFO    ] capture.log_capture: 2 eventos publicados en el stream 'moodle_logs'. Ultimo ID: 20764
2026-08-04 17:26:47,065 [INFO    ] capture.log_capture: 2 eventos publicados en el stream 'moodle_logs'. Ultimo ID: 20766
2026-08-04 17:27:51,956 [WARNING ] drift.concept_drift_detector: Concept drift detected: error_rate, confidence: 81.20%
2026-08-04 17:28:57,091 [INFO    ] capture.log_capture: 1 eventos publicados en el stream 'moodle_logs'. Ultimo ID: 20767
2026-08-04 17:29:27,100 [INFO    ] capture.log_capture: 3 eventos publicados en el stream 'moodle_logs'. Ultimo ID: 20770
2026-08-04 17:29:57,109 [INFO    ] capture.log_capture: 3 eventos publicados en el stream 'moodle_logs'. Ultimo ID: 20773
2026-08-04 17:30:27,119 [INFO    ] capture.log_capture: 5 eventos publicados en el stream 'moodle_logs'. Ultimo ID: 20778
2026-08-04 17:30:53,586 [WARNING ] drift.concept_drift_detector: Concept drift detected: error_rate, confidence: 79.51%
2026-08-04 17:30:57,126 [INFO    ] capture.log_capture: 2 eventos publicados en el stream 'moodle_logs'. Ultimo ID: 20780
2026-08-04 17:31:57,141 [INFO    ] capture.log_capture: 2 eventos publicados en el stream 'moodle_logs'. Ultimo ID: 20782
2026-08-04 17:32:17,147 [INFO    ] capture.log_capture: 1 eventos publicados en el stream 'moodle_logs'. Ultimo ID: 20783
2026-08-04 17:32:47,154 [INFO    ] capture.log_capture: 3 eventos publicados en el stream 'moodle_logs'. Ultimo ID: 20786
2026-08-04 17:32:55,373 [WARNING ] drift.concept_drift_detector: Concept drift detected: error_rate, confidence: 75.91%
2026-08-04 17:33:17,163 [INFO    ] capture.log_capture: 2 eventos publicados en el stream 'moodle_logs'. Ultimo ID: 20788
2026-08-04 17:33:47,171 [INFO    ] capture.log_capture: 1 eventos publicados en el stream 'moodle_logs'. Ultimo ID: 20789
2026-08-04 21:08:22,778 [INFO    ] capture.log_capture: 2 eventos publicados en el stream 'moodle_logs'. Ultimo ID: 20791
2026-08-04 21:08:49,498 [INFO    ] models.arima_model: ARIMA((2, 1, 2))x((1, 1, 1, 24)) entrenado con 212 muestras.
2026-08-04 21:08:50,979 [WARNING ] drift.concept_drift_detector: Concept drift detected: error_rate, confidence: 100.00%
2026-08-04 21:08:51,807 [WARNING ] drift.concept_drift_detector: Concept drift detected: error_rate, confidence: 100.00%
2026-08-04 21:08:52,976 [INFO    ] capture.log_capture: 1 eventos publicados en el stream 'moodle_logs'. Ultimo ID: 20792
2026-08-04 21:09:18,984 [WARNING ] drift.concept_drift_detector: Concept drift detected: error_rate, confidence: 100.00%
2026-08-04 21:09:23,014 [INFO    ] capture.log_capture: 3 eventos publicados en el stream 'moodle_logs'. Ultimo ID: 20795
2026-08-04 21:10:13,128 [INFO    ] capture.log_capture: 1 eventos publicados en el stream 'moodle_logs'. Ultimo ID: 20796
2026-08-04 21:10:19,731 [WARNING ] drift.concept_drift_detector: Concept drift detected: distribution, confidence: 58.39%
2026-08-04 21:10:23,134 [INFO    ] capture.log_capture: 1 eventos publicados en el stream 'moodle_logs'. Ultimo ID: 20797
2026-08-04 21:10:43,139 [INFO    ] capture.log_capture: 2 eventos publicados en el stream 'moodle_logs'. Ultimo ID: 20799
2026-08-04 21:11:03,145 [INFO    ] capture.log_capture: 4 eventos publicados en el stream 'moodle_logs'. Ultimo ID: 20803
2026-08-04 21:11:21,491 [WARNING ] drift.concept_drift_detector: Concept drift detected: distribution, confidence: 68.47%
2026-08-04 21:11:33,151 [INFO    ] capture.log_capture: 1 eventos publicados en el stream 'moodle_logs'. Ultimo ID: 20804
2026-08-04 21:12:03,158 [INFO    ] capture.log_capture: 1 eventos publicados en el stream 'moodle_logs'. Ultimo ID: 20805
2026-08-04 21:12:21,517 [WARNING ] drift.concept_drift_detector: Concept drift detected: distribution, confidence: 79.06%
2026-08-04 21:12:23,164 [INFO    ] capture.log_capture: 2 eventos publicados en el stream 'moodle_logs'. Ultimo ID: 20807
2026-08-04 21:12:33,167 [INFO    ] capture.log_capture: 1 eventos publicados en el stream 'moodle_logs'. Ultimo ID: 20808
2026-08-04 21:12:53,172 [INFO    ] capture.log_capture: 2 eventos publicados en el stream 'moodle_logs'. Ultimo ID: 20810
2026-08-04 21:13:21,555 [WARNING ] drift.concept_drift_detector: Concept drift detected: distribution, confidence: 90.57%
2026-08-04 21:13:23,179 [INFO    ] capture.log_capture: 2 eventos publicados en el stream 'moodle_logs'. Ultimo ID: 20812
2026-08-04 21:13:43,186 [INFO    ] capture.log_capture: 4 eventos publicados en el stream 'moodle_logs'. Ultimo ID: 20816
2026-08-04 21:14:21,736 [WARNING ] drift.concept_drift_detector: Concept drift detected: distribution, confidence: 100.00%
2026-08-04 21:14:23,194 [INFO    ] capture.log_capture: 2 eventos publicados en el stream 'moodle_logs'. Ultimo ID: 20818
2026-08-04 21:14:53,201 [INFO    ] capture.log_capture: 1 eventos publicados en el stream 'moodle_logs'. Ultimo ID: 20819
2026-08-04 21:15:23,710 [WARNING ] drift.concept_drift_detector: Concept drift detected: distribution, confidence: 100.00%
2026-08-04 21:15:33,210 [INFO    ] capture.log_capture: 3 eventos publicados en el stream 'moodle_logs'. Ultimo ID: 20822
2026-08-04 21:16:03,218 [INFO    ] capture.log_capture: 2 eventos publicados en el stream 'moodle_logs'. Ultimo ID: 20824
2026-08-04 21:16:25,596 [WARNING ] drift.concept_drift_detector: Concept drift detected: distribution, confidence: 100.00%
2026-08-04 21:16:33,226 [INFO    ] capture.log_capture: 3 eventos publicados en el stream 'moodle_logs'. Ultimo ID: 20827
2026-08-04 21:17:23,236 [INFO    ] capture.log_capture: 1 eventos publicados en el stream 'moodle_logs'. Ultimo ID: 20828
2026-08-04 21:17:27,405 [WARNING ] drift.concept_drift_detector: Concept drift detected: distribution, confidence: 100.00%
2026-08-04 21:17:53,243 [INFO    ] capture.log_capture: 2 eventos publicados en el stream 'moodle_logs'. Ultimo ID: 20830
2026-08-04 21:18:23,249 [INFO    ] capture.log_capture: 1 eventos publicados en el stream 'moodle_logs'. Ultimo ID: 20831
2026-08-04 21:18:27,418 [WARNING ] drift.concept_drift_detector: Concept drift detected: distribution, confidence: 100.00%
2026-08-04 21:18:53,256 [INFO    ] capture.log_capture: 2 eventos publicados en el stream 'moodle_logs'. Ultimo ID: 20833
2026-08-04 21:19:23,262 [INFO    ] capture.log_capture: 2 eventos publicados en el stream 'moodle_logs'. Ultimo ID: 20835
2026-08-04 21:19:27,494 [WARNING ] drift.concept_drift_detector: Concept drift detected: distribution, confidence: 100.00%
2026-08-04 21:20:03,271 [INFO    ] capture.log_capture: 2 eventos publicados en el stream 'moodle_logs'. Ultimo ID: 20837
2026-08-04 21:20:23,277 [INFO    ] capture.log_capture: 3 eventos publicados en el stream 'moodle_logs'. Ultimo ID: 20840
2026-08-04 21:20:27,459 [WARNING ] drift.concept_drift_detector: Concept drift detected: distribution, confidence: 100.00%
2026-08-04 21:20:53,283 [INFO    ] capture.log_capture: 2 eventos publicados en el stream 'moodle_logs'. Ultimo ID: 20842
2026-08-04 21:21:13,289 [INFO    ] capture.log_capture: 1 eventos publicados en el stream 'moodle_logs'. Ultimo ID: 20843
2026-08-04 21:21:23,292 [INFO    ] capture.log_capture: 2 eventos publicados en el stream 'moodle_logs'. Ultimo ID: 20845
2026-08-04 21:21:29,479 [WARNING ] drift.concept_drift_detector: Concept drift detected: distribution, confidence: 100.00%
2026-08-04 21:21:43,297 [INFO    ] capture.log_capture: 1 eventos publicados en el stream 'moodle_logs'. Ultimo ID: 20846
2026-08-04 21:22:13,303 [INFO    ] capture.log_capture: 1 eventos publicados en el stream 'moodle_logs'. Ultimo ID: 20847
2026-08-04 21:22:29,570 [WARNING ] drift.concept_drift_detector: Concept drift detected: distribution, confidence: 100.00%
2026-08-04 21:22:43,310 [INFO    ] capture.log_capture: 2 eventos publicados en el stream 'moodle_logs'. Ultimo ID: 20849
2026-08-04 21:23:23,317 [INFO    ] capture.log_capture: 2 eventos publicados en el stream 'moodle_logs'. Ultimo ID: 20851
2026-08-04 21:23:29,592 [WARNING ] drift.concept_drift_detector: Concept drift detected: distribution, confidence: 100.00%
2026-08-04 21:23:43,322 [INFO    ] capture.log_capture: 2 eventos publicados en el stream 'moodle_logs'. Ultimo ID: 20853
2026-08-04 21:24:13,328 [INFO    ] capture.log_capture: 2 eventos publicados en el stream 'moodle_logs'. Ultimo ID: 20855
2026-08-04 21:24:29,626 [WARNING ] drift.concept_drift_detector: Concept drift detected: distribution, confidence: 100.00%
2026-08-04 21:24:43,334 [INFO    ] capture.log_capture: 2 eventos publicados en el stream 'moodle_logs'. Ultimo ID: 20857
2026-08-04 21:25:03,339 [INFO    ] capture.log_capture: 3 eventos publicados en el stream 'moodle_logs'. Ultimo ID: 20860
2026-08-04 21:25:29,727 [WARNING ] drift.concept_drift_detector: Concept drift detected: distribution, confidence: 100.00%
2026-08-04 21:25:33,346 [INFO    ] capture.log_capture: 4 eventos publicados en el stream 'moodle_logs'. Ultimo ID: 20864
2026-08-04 21:26:13,354 [INFO    ] capture.log_capture: 2 eventos publicados en el stream 'moodle_logs'. Ultimo ID: 20866
2026-08-04 21:26:31,674 [WARNING ] drift.concept_drift_detector: Concept drift detected: distribution, confidence: 100.00%
2026-08-04 21:26:33,359 [INFO    ] capture.log_capture: 3 eventos publicados en el stream 'moodle_logs'. Ultimo ID: 20869
2026-08-04 21:27:03,367 [INFO    ] capture.log_capture: 3 eventos publicados en el stream 'moodle_logs'. Ultimo ID: 20872
2026-08-04 21:27:31,753 [WARNING ] drift.concept_drift_detector: Concept drift detected: distribution, confidence: 100.00%
2026-08-04 21:27:43,377 [INFO    ] capture.log_capture: 1 eventos publicados en el stream 'moodle_logs'. Ultimo ID: 20873
2026-08-04 21:28:03,382 [INFO    ] capture.log_capture: 1 eventos publicados en el stream 'moodle_logs'. Ultimo ID: 20874
2026-08-04 21:28:31,757 [WARNING ] drift.concept_drift_detector: Concept drift detected: distribution, confidence: 100.00%
2026-08-04 21:28:33,389 [INFO    ] capture.log_capture: 1 eventos publicados en el stream 'moodle_logs'. Ultimo ID: 20875
2026-08-04 21:28:43,391 [INFO    ] capture.log_capture: 1 eventos publicados en el stream 'moodle_logs'. Ultimo ID: 20876
2026-08-04 21:29:03,397 [INFO    ] capture.log_capture: 2 eventos publicados en el stream 'moodle_logs'. Ultimo ID: 20878
2026-08-04 21:29:31,780 [WARNING ] drift.concept_drift_detector: Concept drift detected: distribution, confidence: 90.57%
2026-08-04 21:29:33,403 [INFO    ] capture.log_capture: 1 eventos publicados en el stream 'moodle_logs'. Ultimo ID: 20879
2026-08-04 21:29:53,408 [INFO    ] capture.log_capture: 1 eventos publicados en el stream 'moodle_logs'. Ultimo ID: 20880
2026-08-04 21:30:23,416 [INFO    ] capture.log_capture: 3 eventos publicados en el stream 'moodle_logs'. Ultimo ID: 20883
2026-08-04 21:30:33,679 [WARNING ] drift.concept_drift_detector: Concept drift detected: distribution, confidence: 79.06%
2026-08-04 21:30:53,423 [INFO    ] capture.log_capture: 2 eventos publicados en el stream 'moodle_logs'. Ultimo ID: 20885
2026-08-04 21:31:13,429 [INFO    ] capture.log_capture: 3 eventos publicados en el stream 'moodle_logs'. Ultimo ID: 20888
2026-08-04 21:31:23,433 [INFO    ] capture.log_capture: 1 eventos publicados en el stream 'moodle_logs'. Ultimo ID: 20889
2026-08-04 21:31:33,730 [WARNING ] drift.concept_drift_detector: Concept drift detected: distribution, confidence: 68.47%
2026-08-04 21:31:53,440 [INFO    ] capture.log_capture: 2 eventos publicados en el stream 'moodle_logs'. Ultimo ID: 20891
2026-08-04 21:32:23,446 [INFO    ] capture.log_capture: 1 eventos publicados en el stream 'moodle_logs'. Ultimo ID: 20892
2026-08-04 21:32:33,702 [WARNING ] drift.concept_drift_detector: Concept drift detected: distribution, confidence: 58.39%
2026-08-04 21:32:53,451 [INFO    ] capture.log_capture: 2 eventos publicados en el stream 'moodle_logs'. Ultimo ID: 20894
2026-08-04 21:33:23,459 [INFO    ] capture.log_capture: 2 eventos publicados en el stream 'moodle_logs'. Ultimo ID: 20896
2026-08-04 21:33:35,731 [WARNING ] drift.concept_drift_detector: Concept drift detected: distribution, confidence: 100.00%
2026-08-04 21:33:53,466 [INFO    ] capture.log_capture: 1 eventos publicados en el stream 'moodle_logs'. Ultimo ID: 20897
2026-08-04 21:34:13,471 [INFO    ] capture.log_capture: 2 eventos publicados en el stream 'moodle_logs'. Ultimo ID: 20899
2026-08-04 21:34:35,843 [WARNING ] drift.concept_drift_detector: Concept drift detected: distribution, confidence: 100.00%
2026-08-04 21:34:43,478 [INFO    ] capture.log_capture: 1 eventos publicados en el stream 'moodle_logs'. Ultimo ID: 20900
2026-08-04 21:35:03,484 [INFO    ] capture.log_capture: 6 eventos publicados en el stream 'moodle_logs'. Ultimo ID: 20906
2026-08-04 21:35:35,942 [WARNING ] drift.concept_drift_detector: Concept drift detected: distribution, confidence: 100.00%
2026-08-04 21:35:43,492 [INFO    ] capture.log_capture: 1 eventos publicados en el stream 'moodle_logs'. Ultimo ID: 20907
2026-08-04 21:36:03,498 [INFO    ] capture.log_capture: 1 eventos publicados en el stream 'moodle_logs'. Ultimo ID: 20908
2026-08-04 21:36:13,502 [INFO    ] capture.log_capture: 1 eventos publicados en el stream 'moodle_logs'. Ultimo ID: 20909
2026-08-04 21:36:33,507 [INFO    ] capture.log_capture: 5 eventos publicados en el stream 'moodle_logs'. Ultimo ID: 20914
2026-08-04 21:36:37,671 [WARNING ] drift.concept_drift_detector: Concept drift detected: distribution, confidence: 100.00%
2026-08-04 21:37:03,514 [INFO    ] capture.log_capture: 1 eventos publicados en el stream 'moodle_logs'. Ultimo ID: 20915
2026-08-04 21:37:23,518 [INFO    ] capture.log_capture: 1 eventos publicados en el stream 'moodle_logs'. Ultimo ID: 20916
2026-08-04 21:37:37,875 [WARNING ] drift.concept_drift_detector: Concept drift detected: distribution, confidence: 100.00%
2026-08-04 21:37:53,525 [INFO    ] capture.log_capture: 2 eventos publicados en el stream 'moodle_logs'. Ultimo ID: 20918
2026-08-04 21:38:38,117 [WARNING ] drift.concept_drift_detector: Concept drift detected: distribution, confidence: 100.00%
2026-08-04 21:39:03,537 [INFO    ] capture.log_capture: 1 eventos publicados en el stream 'moodle_logs'. Ultimo ID: 20919
2026-08-04 21:39:33,545 [INFO    ] capture.log_capture: 5 eventos publicados en el stream 'moodle_logs'. Ultimo ID: 20924
2026-08-04 21:40:03,553 [INFO    ] capture.log_capture: 3 eventos publicados en el stream 'moodle_logs'. Ultimo ID: 20927
2026-08-04 21:40:33,562 [INFO    ] capture.log_capture: 3 eventos publicados en el stream 'moodle_logs'. Ultimo ID: 20930
2026-08-04 21:40:39,836 [WARNING ] drift.concept_drift_detector: Concept drift detected: distribution, confidence: 100.00%
2026-08-04 21:41:03,570 [INFO    ] capture.log_capture: 1 eventos publicados en el stream 'moodle_logs'. Ultimo ID: 20931
2026-08-04 21:41:23,578 [INFO    ] capture.log_capture: 4 eventos publicados en el stream 'moodle_logs'. Ultimo ID: 20935
2026-08-04 21:41:39,978 [WARNING ] drift.concept_drift_detector: Concept drift detected: distribution, confidence: 100.00%
2026-08-04 21:42:03,588 [INFO    ] capture.log_capture: 2 eventos publicados en el stream 'moodle_logs'. Ultimo ID: 20937
2026-08-04 21:42:23,596 [INFO    ] capture.log_capture: 5 eventos publicados en el stream 'moodle_logs'. Ultimo ID: 20942
2026-08-04 21:42:40,554 [WARNING ] drift.concept_drift_detector: Concept drift detected: distribution, confidence: 100.00%
2026-08-04 21:42:54,274 [INFO    ] capture.log_capture: 4 eventos publicados en el stream 'moodle_logs'. Ultimo ID: 20946
2026-08-04 21:43:14,281 [INFO    ] capture.log_capture: 2 eventos publicados en el stream 'moodle_logs'. Ultimo ID: 20948
2026-08-04 21:43:34,288 [INFO    ] capture.log_capture: 2 eventos publicados en el stream 'moodle_logs'. Ultimo ID: 20950
2026-08-04 21:43:42,534 [WARNING ] drift.concept_drift_detector: Concept drift detected: distribution, confidence: 100.00%
2026-08-04 21:44:04,295 [INFO    ] capture.log_capture: 3 eventos publicados en el stream 'moodle_logs'. Ultimo ID: 20953
2026-08-04 21:44:24,303 [INFO    ] capture.log_capture: 1 eventos publicados en el stream 'moodle_logs'. Ultimo ID: 20954
2026-08-04 21:44:42,661 [WARNING ] drift.concept_drift_detector: Concept drift detected: distribution, confidence: 100.00%
2026-08-04 21:45:04,315 [INFO    ] capture.log_capture: 2 eventos publicados en el stream 'moodle_logs'. Ultimo ID: 20956
2026-08-04 21:45:34,324 [INFO    ] capture.log_capture: 3 eventos publicados en el stream 'moodle_logs'. Ultimo ID: 20959
2026-08-04 21:45:44,601 [WARNING ] drift.concept_drift_detector: Concept drift detected: distribution, confidence: 100.00%
2026-08-04 21:46:14,333 [INFO    ] capture.log_capture: 2 eventos publicados en el stream 'moodle_logs'. Ultimo ID: 20961
2026-08-04 21:46:34,340 [INFO    ] capture.log_capture: 3 eventos publicados en el stream 'moodle_logs'. Ultimo ID: 20964
2026-08-04 21:46:44,640 [WARNING ] drift.concept_drift_detector: Concept drift detected: distribution, confidence: 100.00%
2026-08-04 21:47:24,353 [INFO    ] capture.log_capture: 3 eventos publicados en el stream 'moodle_logs'. Ultimo ID: 20967
2026-08-04 21:47:44,360 [INFO    ] capture.log_capture: 3 eventos publicados en el stream 'moodle_logs'. Ultimo ID: 20970
2026-08-04 21:47:46,555 [WARNING ] drift.concept_drift_detector: Concept drift detected: distribution, confidence: 100.00%
2026-08-04 21:47:54,364 [INFO    ] capture.log_capture: 2 eventos publicados en el stream 'moodle_logs'. Ultimo ID: 20972
2026-08-04 21:48:24,372 [INFO    ] capture.log_capture: 1 eventos publicados en el stream 'moodle_logs'. Ultimo ID: 20973
2026-08-04 21:48:46,805 [WARNING ] drift.concept_drift_detector: Concept drift detected: distribution, confidence: 100.00%
2026-08-04 21:48:54,380 [INFO    ] capture.log_capture: 2 eventos publicados en el stream 'moodle_logs'. Ultimo ID: 20975
2026-08-04 21:49:14,386 [INFO    ] capture.log_capture: 2 eventos publicados en el stream 'moodle_logs'. Ultimo ID: 20977
2026-08-04 21:49:34,393 [INFO    ] capture.log_capture: 4 eventos publicados en el stream 'moodle_logs'. Ultimo ID: 20981
2026-08-04 21:49:48,725 [WARNING ] drift.concept_drift_detector: Concept drift detected: distribution, confidence: 100.00%
2026-08-04 21:50:04,402 [INFO    ] capture.log_capture: 3 eventos publicados en el stream 'moodle_logs'. Ultimo ID: 20984
2026-08-04 21:50:24,409 [INFO    ] capture.log_capture: 2 eventos publicados en el stream 'moodle_logs'. Ultimo ID: 20986
2026-08-04 21:50:48,831 [WARNING ] drift.concept_drift_detector: Concept drift detected: distribution, confidence: 100.00%
2026-08-04 21:51:04,418 [INFO    ] capture.log_capture: 2 eventos publicados en el stream 'moodle_logs'. Ultimo ID: 20988
2026-08-04 21:51:34,429 [INFO    ] capture.log_capture: 5 eventos publicados en el stream 'moodle_logs'. Ultimo ID: 20993
2026-08-04 21:51:50,781 [WARNING ] drift.concept_drift_detector: Concept drift detected: distribution, confidence: 100.00%
2026-08-04 21:52:04,437 [INFO    ] capture.log_capture: 1 eventos publicados en el stream 'moodle_logs'. Ultimo ID: 20994
2026-08-04 21:52:51,100 [WARNING ] drift.concept_drift_detector: Concept drift detected: distribution, confidence: 100.00%
2026-08-04 21:53:14,453 [INFO    ] capture.log_capture: 3 eventos publicados en el stream 'moodle_logs'. Ultimo ID: 20997
2026-08-04 21:53:44,462 [INFO    ] capture.log_capture: 3 eventos publicados en el stream 'moodle_logs'. Ultimo ID: 21000
2026-08-04 21:53:52,730 [WARNING ] drift.concept_drift_detector: Concept drift detected: distribution, confidence: 100.00%
2026-08-04 21:54:14,471 [INFO    ] capture.log_capture: 1 eventos publicados en el stream 'moodle_logs'. Ultimo ID: 21001
2026-08-04 21:54:44,482 [INFO    ] capture.log_capture: 3 eventos publicados en el stream 'moodle_logs'. Ultimo ID: 21004
2026-08-04 21:54:52,747 [WARNING ] drift.concept_drift_detector: Concept drift detected: distribution, confidence: 100.00%
2026-08-04 21:55:04,489 [INFO    ] capture.log_capture: 1 eventos publicados en el stream 'moodle_logs'. Ultimo ID: 21005
2026-08-04 21:55:34,498 [INFO    ] capture.log_capture: 1 eventos publicados en el stream 'moodle_logs'. Ultimo ID: 21006
2026-08-04 21:55:52,878 [WARNING ] drift.concept_drift_detector: Concept drift detected: distribution, confidence: 100.00%
2026-08-04 21:56:04,506 [INFO    ] capture.log_capture: 3 eventos publicados en el stream 'moodle_logs'. Ultimo ID: 21009
2026-08-04 21:56:34,514 [INFO    ] capture.log_capture: 3 eventos publicados en el stream 'moodle_logs'. Ultimo ID: 21012
2026-08-04 21:56:52,897 [WARNING ] drift.concept_drift_detector: Concept drift detected: distribution, confidence: 100.00%
2026-08-04 21:57:04,523 [INFO    ] capture.log_capture: 1 eventos publicados en el stream 'moodle_logs'. Ultimo ID: 21013
2026-08-04 21:57:34,532 [INFO    ] capture.log_capture: 1 eventos publicados en el stream 'moodle_logs'. Ultimo ID: 21014
2026-08-04 21:57:52,913 [WARNING ] drift.concept_drift_detector: Concept drift detected: distribution, confidence: 96.82%
2026-08-04 21:58:04,541 [INFO    ] capture.log_capture: 1 eventos publicados en el stream 'moodle_logs'. Ultimo ID: 21015
2026-08-04 21:58:34,551 [INFO    ] capture.log_capture: 2 eventos publicados en el stream 'moodle_logs'. Ultimo ID: 21017
2026-08-04 21:58:52,941 [WARNING ] drift.concept_drift_detector: Concept drift detected: distribution, confidence: 89.64%
2026-08-04 21:58:54,557 [INFO    ] capture.log_capture: 3 eventos publicados en el stream 'moodle_logs'. Ultimo ID: 21020
2026-08-04 21:59:24,566 [INFO    ] capture.log_capture: 3 eventos publicados en el stream 'moodle_logs'. Ultimo ID: 21023
2026-08-04 21:59:53,059 [WARNING ] drift.concept_drift_detector: Concept drift detected: distribution, confidence: 82.57%
2026-08-04 21:59:54,575 [INFO    ] capture.log_capture: 4 eventos publicados en el stream 'moodle_logs'. Ultimo ID: 21027
2026-08-04 22:00:24,586 [INFO    ] capture.log_capture: 1 eventos publicados en el stream 'moodle_logs'. Ultimo ID: 21028
2026-08-04 22:00:54,596 [INFO    ] capture.log_capture: 1 eventos publicados en el stream 'moodle_logs'. Ultimo ID: 21029
2026-08-04 22:00:54,796 [WARNING ] drift.concept_drift_detector: Concept drift detected: distribution, confidence: 75.54%
2026-08-04 22:01:04,608 [INFO    ] capture.log_capture: 1 eventos publicados en el stream 'moodle_logs'. Ultimo ID: 21030
2026-08-04 22:01:34,625 [INFO    ] capture.log_capture: 2 eventos publicados en el stream 'moodle_logs'. Ultimo ID: 21032
2026-08-04 22:01:55,249 [WARNING ] drift.concept_drift_detector: Concept drift detected: distribution, confidence: 68.47%
2026-08-04 22:02:04,642 [INFO    ] capture.log_capture: 1 eventos publicados en el stream 'moodle_logs'. Ultimo ID: 21033
2026-08-04 22:02:24,648 [INFO    ] capture.log_capture: 3 eventos publicados en el stream 'moodle_logs'. Ultimo ID: 21036
2026-08-04 22:02:54,737 [INFO    ] capture.log_capture: 3 eventos publicados en el stream 'moodle_logs'. Ultimo ID: 21039
2026-08-04 22:02:57,152 [WARNING ] drift.concept_drift_detector: Concept drift detected: distribution, confidence: 61.24%
2026-08-04 22:03:24,756 [INFO    ] capture.log_capture: 3 eventos publicados en el stream 'moodle_logs'. Ultimo ID: 21042
2026-08-04 22:03:54,770 [INFO    ] capture.log_capture: 1 eventos publicados en el stream 'moodle_logs'. Ultimo ID: 21043
2026-08-04 22:03:59,024 [WARNING ] drift.concept_drift_detector: Concept drift detected: distribution, confidence: 53.71%
2026-08-04 22:04:24,783 [INFO    ] capture.log_capture: 1 eventos publicados en el stream 'moodle_logs'. Ultimo ID: 21044
2026-08-04 22:04:54,790 [INFO    ] capture.log_capture: 2 eventos publicados en el stream 'moodle_logs'. Ultimo ID: 21046
2026-08-04 22:04:59,099 [WARNING ] drift.concept_drift_detector: Concept drift detected: distribution, confidence: 100.00%
2026-08-04 22:05:14,795 [INFO    ] capture.log_capture: 2 eventos publicados en el stream 'moodle_logs'. Ultimo ID: 21048
2026-08-04 22:05:24,799 [INFO    ] capture.log_capture: 1 eventos publicados en el stream 'moodle_logs'. Ultimo ID: 21049
2026-08-04 22:05:54,806 [INFO    ] capture.log_capture: 2 eventos publicados en el stream 'moodle_logs'. Ultimo ID: 21051
2026-08-04 22:06:01,034 [WARNING ] drift.concept_drift_detector: Concept drift detected: distribution, confidence: 100.00%
2026-08-04 22:06:01,173 [WARNING ] drift.concept_drift_detector: Concept drift detected: distribution, confidence: 100.00%
2026-08-04 22:06:14,812 [INFO    ] capture.log_capture: 2 eventos publicados en el stream 'moodle_logs'. Ultimo ID: 21053
2026-08-04 22:06:24,816 [INFO    ] capture.log_capture: 2 eventos publicados en el stream 'moodle_logs'. Ultimo ID: 21055
2026-08-04 22:06:44,822 [INFO    ] capture.log_capture: 1 eventos publicados en el stream 'moodle_logs'. Ultimo ID: 21056
2026-08-04 22:07:01,237 [WARNING ] drift.concept_drift_detector: Concept drift detected: distribution, confidence: 100.00%
2026-08-04 22:07:04,828 [INFO    ] capture.log_capture: 3 eventos publicados en el stream 'moodle_logs'. Ultimo ID: 21059
2026-08-04 22:08:01,604 [WARNING ] drift.concept_drift_detector: Concept drift detected: distribution, confidence: 100.00%
2026-08-04 22:08:04,839 [INFO    ] capture.log_capture: 2 eventos publicados en el stream 'moodle_logs'. Ultimo ID: 21061
2026-08-04 22:08:44,848 [INFO    ] capture.log_capture: 2 eventos publicados en el stream 'moodle_logs'. Ultimo ID: 21063
2026-08-04 22:09:03,213 [WARNING ] drift.concept_drift_detector: Concept drift detected: distribution, confidence: 100.00%
2026-08-04 22:09:04,856 [INFO    ] capture.log_capture: 3 eventos publicados en el stream 'moodle_logs'. Ultimo ID: 21066
2026-08-04 22:10:03,667 [WARNING ] drift.concept_drift_detector: Concept drift detected: distribution, confidence: 100.00%
2026-08-04 22:10:04,869 [INFO    ] capture.log_capture: 3 eventos publicados en el stream 'moodle_logs'. Ultimo ID: 21069
2026-08-04 22:10:34,877 [INFO    ] capture.log_capture: 1 eventos publicados en el stream 'moodle_logs'. Ultimo ID: 21070
2026-08-04 22:10:44,882 [INFO    ] capture.log_capture: 2 eventos publicados en el stream 'moodle_logs'. Ultimo ID: 21072
2026-08-04 22:11:04,888 [INFO    ] capture.log_capture: 1 eventos publicados en el stream 'moodle_logs'. Ultimo ID: 21073
2026-08-04 22:11:05,046 [WARNING ] drift.concept_drift_detector: Concept drift detected: distribution, confidence: 100.00%
2026-08-04 22:11:34,914 [INFO    ] capture.log_capture: 81 eventos publicados en el stream 'moodle_logs'. Ultimo ID: 21154
2026-08-04 22:12:05,377 [WARNING ] alerts.alert_manager: [HIGH] Anomalia detectada | Score=0.733 | Votos={'isolation_forest': 1.0, 'arima': 0.0, 'lstm': 1.0} | Metricas={'request_count': 82.0, 'unique_users': 32.0, 'error_count': 80.0, 'course_count': 2.0}
2026-08-04 22:12:05,378 [INFO    ] alerts: [HIGH] Anomalia detectada | Score=0.733 | Votos={'isolation_forest': 1.0, 'arima': 0.0, 'lstm': 1.0} | Metricas={'request_count': 82.0, 'unique_users': 32.0, 'error_count': 80.0, 'course_count': 2.0}
2026-08-04 22:12:05,385 [INFO    ] dashboard.influx_writer: Alerta escrita en InfluxDB: 2026-08-05T02:11:00+00:00
2026-08-04 22:12:05,385 [WARNING ] drift.concept_drift_detector: Concept drift detected: distribution, confidence: 100.00%
2026-08-04 22:12:24,929 [INFO    ] capture.log_capture: 1 eventos publicados en el stream 'moodle_logs'. Ultimo ID: 21155
2026-08-04 22:12:54,937 [INFO    ] capture.log_capture: 2 eventos publicados en el stream 'moodle_logs'. Ultimo ID: 21157
2026-08-04 22:13:07,282 [WARNING ] drift.concept_drift_detector: Concept drift detected: distribution, confidence: 100.00%
2026-08-04 22:13:14,944 [INFO    ] capture.log_capture: 8 eventos publicados en el stream 'moodle_logs'. Ultimo ID: 21165
2026-08-04 22:13:24,973 [INFO    ] capture.log_capture: 54 eventos publicados en el stream 'moodle_logs'. Ultimo ID: 21219
2026-08-04 22:14:07,665 [WARNING ] drift.concept_drift_detector: Concept drift detected: distribution, confidence: 100.00%
2026-08-04 22:14:24,987 [INFO    ] capture.log_capture: 1 eventos publicados en el stream 'moodle_logs'. Ultimo ID: 21220
2026-08-04 22:15:07,683 [WARNING ] drift.concept_drift_detector: Concept drift detected: distribution, confidence: 100.00%
2026-08-04 22:15:15,000 [INFO    ] capture.log_capture: 5 eventos publicados en el stream 'moodle_logs'. Ultimo ID: 21225
2026-08-04 22:16:07,755 [WARNING ] drift.concept_drift_detector: Concept drift detected: distribution, confidence: 100.00%
2026-08-04 22:18:35,056 [INFO    ] capture.log_capture: 43 eventos publicados en el stream 'moodle_logs'. Ultimo ID: 21268
2026-08-04 22:18:45,070 [INFO    ] capture.log_capture: 54 eventos publicados en el stream 'moodle_logs'. Ultimo ID: 21322
2026-08-04 22:18:55,087 [INFO    ] capture.log_capture: 51 eventos publicados en el stream 'moodle_logs'. Ultimo ID: 21373
2026-08-04 22:19:05,096 [INFO    ] capture.log_capture: 9 eventos publicados en el stream 'moodle_logs'. Ultimo ID: 21382
2026-08-04 22:19:09,417 [WARNING ] alerts.alert_manager: [MEDIUM] Anomalia detectada | Score=0.600 | Votos={'isolation_forest': 1.0, 'arima': 1.0, 'lstm': 0.0} | Metricas={'request_count': 148.0, 'unique_users': 50.0, 'error_count': 0.0, 'course_count': 0.0}
2026-08-04 22:19:09,417 [INFO    ] alerts: [MEDIUM] Anomalia detectada | Score=0.600 | Votos={'isolation_forest': 1.0, 'arima': 1.0, 'lstm': 0.0} | Metricas={'request_count': 148.0, 'unique_users': 50.0, 'error_count': 0.0, 'course_count': 0.0}
2026-08-04 22:19:09,422 [INFO    ] dashboard.influx_writer: Alerta escrita en InfluxDB: 2026-08-05T02:18:00+00:00
2026-08-04 22:19:09,423 [WARNING ] drift.concept_drift_detector: Concept drift detected: distribution, confidence: 100.00%
2026-08-04 22:19:35,107 [INFO    ] capture.log_capture: 4 eventos publicados en el stream 'moodle_logs'. Ultimo ID: 21386
2026-08-04 22:20:05,118 [INFO    ] capture.log_capture: 2 eventos publicados en el stream 'moodle_logs'. Ultimo ID: 21388
2026-08-04 22:20:11,363 [WARNING ] drift.concept_drift_detector: Concept drift detected: distribution, confidence: 100.00%
2026-08-04 22:20:45,129 [INFO    ] capture.log_capture: 2 eventos publicados en el stream 'moodle_logs'. Ultimo ID: 21390
2026-08-04 22:21:11,681 [WARNING ] drift.concept_drift_detector: Concept drift detected: distribution, confidence: 100.00%
2026-08-04 22:21:15,137 [INFO    ] capture.log_capture: 1 eventos publicados en el stream 'moodle_logs'. Ultimo ID: 21391
2026-08-04 22:21:45,147 [INFO    ] capture.log_capture: 2 eventos publicados en el stream 'moodle_logs'. Ultimo ID: 21393
2026-08-04 22:22:05,154 [INFO    ] capture.log_capture: 2 eventos publicados en el stream 'moodle_logs'. Ultimo ID: 21395
2026-08-04 22:22:13,446 [WARNING ] drift.concept_drift_detector: Concept drift detected: distribution, confidence: 100.00%
2026-08-04 22:22:15,159 [INFO    ] capture.log_capture: 1 eventos publicados en el stream 'moodle_logs'. Ultimo ID: 21396
2026-08-04 22:23:05,173 [INFO    ] capture.log_capture: 1 eventos publicados en el stream 'moodle_logs'. Ultimo ID: 21397
2026-08-04 22:23:13,481 [WARNING ] drift.concept_drift_detector: Concept drift detected: distribution, confidence: 100.00%
2026-08-04 22:23:15,178 [INFO    ] capture.log_capture: 2 eventos publicados en el stream 'moodle_logs'. Ultimo ID: 21399
2026-08-04 22:23:35,190 [INFO    ] capture.log_capture: 4 eventos publicados en el stream 'moodle_logs'. Ultimo ID: 21403
2026-08-04 22:24:05,198 [INFO    ] capture.log_capture: 3 eventos publicados en el stream 'moodle_logs'. Ultimo ID: 21406
2026-08-04 22:24:15,469 [WARNING ] drift.concept_drift_detector: Concept drift detected: distribution, confidence: 100.00%
2026-08-04 22:24:35,208 [INFO    ] capture.log_capture: 1 eventos publicados en el stream 'moodle_logs'. Ultimo ID: 21407
2026-08-04 22:25:05,218 [INFO    ] capture.log_capture: 2 eventos publicados en el stream 'moodle_logs'. Ultimo ID: 21409
2026-08-04 22:25:15,533 [WARNING ] drift.concept_drift_detector: Concept drift detected: distribution, confidence: 100.00%
2026-08-04 22:25:35,225 [INFO    ] capture.log_capture: 1 eventos publicados en el stream 'moodle_logs'. Ultimo ID: 21410
2026-08-04 22:25:55,233 [INFO    ] capture.log_capture: 1 eventos publicados en el stream 'moodle_logs'. Ultimo ID: 21411
2026-08-04 22:26:15,696 [WARNING ] drift.concept_drift_detector: Concept drift detected: distribution, confidence: 100.00%
2026-08-04 22:26:35,246 [INFO    ] capture.log_capture: 4 eventos publicados en el stream 'moodle_logs'. Ultimo ID: 21415
2026-08-04 22:27:05,256 [INFO    ] capture.log_capture: 2 eventos publicados en el stream 'moodle_logs'. Ultimo ID: 21417
2026-08-04 22:27:17,579 [WARNING ] drift.concept_drift_detector: Concept drift detected: distribution, confidence: 100.00%
2026-08-04 22:27:25,262 [INFO    ] capture.log_capture: 3 eventos publicados en el stream 'moodle_logs'. Ultimo ID: 21420
2026-08-04 22:27:35,266 [INFO    ] capture.log_capture: 1 eventos publicados en el stream 'moodle_logs'. Ultimo ID: 21421
2026-08-04 22:27:55,272 [INFO    ] capture.log_capture: 2 eventos publicados en el stream 'moodle_logs'. Ultimo ID: 21423
2026-08-04 22:28:15,279 [INFO    ] capture.log_capture: 1 eventos publicados en el stream 'moodle_logs'. Ultimo ID: 21424
2026-08-04 22:28:19,486 [WARNING ] drift.concept_drift_detector: Concept drift detected: distribution, confidence: 100.00%
2026-08-04 22:28:45,286 [INFO    ] capture.log_capture: 2 eventos publicados en el stream 'moodle_logs'. Ultimo ID: 21426
2026-08-04 22:29:15,295 [INFO    ] capture.log_capture: 2 eventos publicados en el stream 'moodle_logs'. Ultimo ID: 21428
2026-08-04 22:29:19,505 [WARNING ] drift.concept_drift_detector: Concept drift detected: distribution, confidence: 100.00%
2026-08-04 22:29:45,305 [INFO    ] capture.log_capture: 1 eventos publicados en el stream 'moodle_logs'. Ultimo ID: 21429
2026-08-04 22:30:05,312 [INFO    ] capture.log_capture: 2 eventos publicados en el stream 'moodle_logs'. Ultimo ID: 21431
2026-08-04 22:30:19,628 [WARNING ] drift.concept_drift_detector: Concept drift detected: distribution, confidence: 100.00%
2026-08-04 22:30:25,318 [INFO    ] capture.log_capture: 1 eventos publicados en el stream 'moodle_logs'. Ultimo ID: 21432
2026-08-04 22:30:55,328 [INFO    ] capture.log_capture: 1 eventos publicados en el stream 'moodle_logs'. Ultimo ID: 21433
2026-08-04 22:31:19,849 [WARNING ] drift.concept_drift_detector: Concept drift detected: distribution, confidence: 100.00%
2026-08-04 22:31:25,337 [INFO    ] capture.log_capture: 4 eventos publicados en el stream 'moodle_logs'. Ultimo ID: 21437
2026-08-04 22:31:59,613 [INFO    ] main: Sinal de parada recibida. Terminando subsistemas...
2026-08-04 22:31:59,613 [INFO    ] capture.log_capture: Subsistema de captura detenido.
2026-08-04 22:32:20,424 [INFO    ] main: ============================================================
2026-08-04 22:32:20,425 [INFO    ] main: Sistema de Deteccion Temprana de Anomalias - UCI Moodle
2026-08-04 22:32:20,425 [INFO    ] main: ============================================================
2026-08-04 22:32:20,434 [INFO    ] capture.log_capture: Grupo de consumo ya existe.
2026-08-04 22:32:20,583 [INFO    ] mysql.connector: package: mysql.connector.plugins
2026-08-04 22:32:20,583 [INFO    ] mysql.connector: plugin_name: mysql_native_password
2026-08-04 22:32:20,585 [INFO    ] mysql.connector: AUTHENTICATION_PLUGIN_CLASS: MySQLNativePasswordAuthPlugin
2026-08-04 22:32:20,587 [INFO    ] capture.log_capture: Conexion a Moodle DB establecida.
2026-08-04 22:32:20,588 [INFO    ] capture.log_capture: Ultimo ID de log recuperado de Redis: 21437
2026-08-04 22:32:20,606 [INFO    ] dashboard.influx_writer: Conexion a InfluxDB establecida: http://localhost:8086 (bucket=moodle_metrics)
2026-08-04 22:32:20,606 [INFO    ] models.arima_model: Historial ARIMA recuperado de disco: 293 muestras.
2026-08-04 22:32:20,796 [INFO    ] models.arima_model: Modelo ARIMA cargado desde disco.
2026-08-04 22:32:20,797 [INFO    ] models.lstm_model: Buffer LSTM recuperado de disco: 293 muestras.
2026-08-04 22:32:21,255 [INFO    ] models.lstm_model: Modelo LSTM cargado desde disco.
2026-08-04 22:32:21,256 [INFO    ] models.anomaly_detector: Buffer Isolation Forest recuperado de disco: 293 muestras (contador: 293).
2026-08-04 22:32:21,261 [INFO    ] models.anomaly_detector: Isolation Forest cargado desde disco.
2026-08-04 22:32:21,261 [INFO    ] capture.log_capture: Subsistema de captura iniciado. Intervalo: 10s
2026-08-04 22:32:21,261 [INFO    ] main: Hilo 'Capture' iniciado.
2026-08-04 22:32:21,262 [INFO    ] preprocessing.preprocessor: Preprocesador iniciado. Ventana: 60s
2026-08-04 22:32:21,262 [INFO    ] main: Hilo 'Preprocessor' iniciado.
2026-08-04 22:32:21,263 [INFO    ] main: Motor de analisis iniciado.
2026-08-04 22:32:21,263 [INFO    ] main: Hilo 'Analytics' iniciado.
2026-08-04 22:32:21,264 [INFO    ] main: Sistema en ejecucion. Presione Ctrl+C para detener.
2026-08-04 22:32:21,267 [INFO    ] capture.log_capture: 2 eventos publicados en el stream 'moodle_logs'. Ultimo ID: 21439
2026-08-04 22:32:31,272 [INFO    ] capture.log_capture: 3 eventos publicados en el stream 'moodle_logs'. Ultimo ID: 21442
2026-08-04 22:32:51,279 [INFO    ] capture.log_capture: 2 eventos publicados en el stream 'moodle_logs'. Ultimo ID: 21444
2026-08-04 22:33:21,290 [INFO    ] capture.log_capture: 4 eventos publicados en el stream 'moodle_logs'. Ultimo ID: 21448
2026-08-04 22:33:28,189 [INFO    ] models.arima_model: ARIMA((2, 1, 2))x((1, 1, 1, 24)) entrenado con 294 muestras.
2026-08-04 22:33:49,160 [INFO    ] models.lstm_model: LSTM entrenado con 234 secuencias. Umbral: 0.1772
2026-08-04 22:33:51,299 [INFO    ] capture.log_capture: 3 eventos publicados en el stream 'moodle_logs'. Ultimo ID: 21451
2026-08-04 22:34:31,310 [INFO    ] capture.log_capture: 2 eventos publicados en el stream 'moodle_logs'. Ultimo ID: 21453
2026-08-04 22:34:51,318 [INFO    ] capture.log_capture: 2 eventos publicados en el stream 'moodle_logs'. Ultimo ID: 21455
2026-08-04 22:35:21,326 [INFO    ] capture.log_capture: 2 eventos publicados en el stream 'moodle_logs'. Ultimo ID: 21457
2026-08-04 22:35:41,332 [INFO    ] capture.log_capture: 1 eventos publicados en el stream 'moodle_logs'. Ultimo ID: 21458
2026-08-04 22:36:11,343 [INFO    ] capture.log_capture: 2 eventos publicados en el stream 'moodle_logs'. Ultimo ID: 21460
2026-08-04 22:36:31,354 [INFO    ] capture.log_capture: 2 eventos publicados en el stream 'moodle_logs'. Ultimo ID: 21462
2026-08-04 22:37:31,367 [INFO    ] capture.log_capture: 2 eventos publicados en el stream 'moodle_logs'. Ultimo ID: 21464
2026-08-04 22:38:01,379 [INFO    ] capture.log_capture: 3 eventos publicados en el stream 'moodle_logs'. Ultimo ID: 21467
2026-08-04 22:38:21,386 [INFO    ] capture.log_capture: 1 eventos publicados en el stream 'moodle_logs'. Ultimo ID: 21468
2026-08-04 22:38:51,394 [INFO    ] capture.log_capture: 1 eventos publicados en el stream 'moodle_logs'. Ultimo ID: 21469
2026-08-04 22:39:21,403 [INFO    ] capture.log_capture: 3 eventos publicados en el stream 'moodle_logs'. Ultimo ID: 21472
2026-08-04 22:39:51,412 [INFO    ] capture.log_capture: 2 eventos publicados en el stream 'moodle_logs'. Ultimo ID: 21474
2026-08-04 22:40:21,420 [INFO    ] capture.log_capture: 1 eventos publicados en el stream 'moodle_logs'. Ultimo ID: 21475
2026-08-04 22:40:41,427 [INFO    ] capture.log_capture: 3 eventos publicados en el stream 'moodle_logs'. Ultimo ID: 21478
2026-08-04 22:41:01,435 [INFO    ] capture.log_capture: 5 eventos publicados en el stream 'moodle_logs'. Ultimo ID: 21483
2026-08-04 22:41:41,445 [INFO    ] capture.log_capture: 4 eventos publicados en el stream 'moodle_logs'. Ultimo ID: 21487
2026-08-04 22:42:01,452 [INFO    ] capture.log_capture: 3 eventos publicados en el stream 'moodle_logs'. Ultimo ID: 21490
2026-08-04 22:42:31,461 [INFO    ] capture.log_capture: 5 eventos publicados en el stream 'moodle_logs'. Ultimo ID: 21495
2026-08-04 22:43:21,472 [INFO    ] capture.log_capture: 2 eventos publicados en el stream 'moodle_logs'. Ultimo ID: 21497
2026-08-04 22:43:51,481 [INFO    ] capture.log_capture: 3 eventos publicados en el stream 'moodle_logs'. Ultimo ID: 21500
2026-08-04 22:44:21,489 [INFO    ] capture.log_capture: 1 eventos publicados en el stream 'moodle_logs'. Ultimo ID: 21501
2026-08-04 22:44:51,499 [INFO    ] capture.log_capture: 2 eventos publicados en el stream 'moodle_logs'. Ultimo ID: 21503
2026-08-04 22:45:11,507 [INFO    ] capture.log_capture: 4 eventos publicados en el stream 'moodle_logs'. Ultimo ID: 21507
2026-08-04 22:45:31,513 [INFO    ] capture.log_capture: 2 eventos publicados en el stream 'moodle_logs'. Ultimo ID: 21509
2026-08-04 22:45:41,517 [INFO    ] capture.log_capture: 1 eventos publicados en el stream 'moodle_logs'. Ultimo ID: 21510
2026-08-04 22:46:11,526 [INFO    ] capture.log_capture: 4 eventos publicados en el stream 'moodle_logs'. Ultimo ID: 21514
2026-08-04 22:46:41,534 [INFO    ] capture.log_capture: 1 eventos publicados en el stream 'moodle_logs'. Ultimo ID: 21515
2026-08-04 22:47:01,541 [INFO    ] capture.log_capture: 2 eventos publicados en el stream 'moodle_logs'. Ultimo ID: 21517
2026-08-04 22:47:31,552 [INFO    ] capture.log_capture: 4 eventos publicados en el stream 'moodle_logs'. Ultimo ID: 21521
2026-08-04 22:48:21,563 [INFO    ] capture.log_capture: 1 eventos publicados en el stream 'moodle_logs'. Ultimo ID: 21522
2026-08-04 22:48:51,571 [INFO    ] capture.log_capture: 1 eventos publicados en el stream 'moodle_logs'. Ultimo ID: 21523
2026-08-04 22:49:21,580 [INFO    ] capture.log_capture: 3 eventos publicados en el stream 'moodle_logs'. Ultimo ID: 21526
2026-08-04 22:49:51,588 [INFO    ] capture.log_capture: 1 eventos publicados en el stream 'moodle_logs'. Ultimo ID: 21527
2026-08-04 22:51:01,603 [INFO    ] capture.log_capture: 2 eventos publicados en el stream 'moodle_logs'. Ultimo ID: 21529
2026-08-04 22:51:31,613 [INFO    ] capture.log_capture: 1 eventos publicados en el stream 'moodle_logs'. Ultimo ID: 21530
2026-08-04 22:52:41,629 [INFO    ] capture.log_capture: 1 eventos publicados en el stream 'moodle_logs'. Ultimo ID: 21531
2026-08-04 22:53:01,636 [INFO    ] capture.log_capture: 1 eventos publicados en el stream 'moodle_logs'. Ultimo ID: 21532
2026-08-04 22:53:31,646 [INFO    ] capture.log_capture: 4 eventos publicados en el stream 'moodle_logs'. Ultimo ID: 21536
2026-08-04 22:54:01,655 [INFO    ] capture.log_capture: 1 eventos publicados en el stream 'moodle_logs'. Ultimo ID: 21537
2026-08-04 22:54:51,668 [INFO    ] capture.log_capture: 1 eventos publicados en el stream 'moodle_logs'. Ultimo ID: 21538
2026-08-04 22:55:51,682 [INFO    ] capture.log_capture: 6 eventos publicados en el stream 'moodle_logs'. Ultimo ID: 21544
2026-08-04 22:56:21,691 [INFO    ] capture.log_capture: 6 eventos publicados en el stream 'moodle_logs'. Ultimo ID: 21550
2026-08-04 22:56:51,700 [INFO    ] capture.log_capture: 3 eventos publicados en el stream 'moodle_logs'. Ultimo ID: 21553
2026-08-04 22:57:21,709 [INFO    ] capture.log_capture: 2 eventos publicados en el stream 'moodle_logs'. Ultimo ID: 21555
2026-08-04 22:57:51,718 [INFO    ] capture.log_capture: 3 eventos publicados en el stream 'moodle_logs'. Ultimo ID: 21558
2026-08-04 22:58:21,726 [INFO    ] capture.log_capture: 3 eventos publicados en el stream 'moodle_logs'. Ultimo ID: 21561
2026-08-04 22:59:01,738 [INFO    ] capture.log_capture: 1 eventos publicados en el stream 'moodle_logs'. Ultimo ID: 21562
2026-08-04 22:59:31,748 [INFO    ] capture.log_capture: 1 eventos publicados en el stream 'moodle_logs'. Ultimo ID: 21563
2026-08-04 22:59:51,754 [INFO    ] capture.log_capture: 1 eventos publicados en el stream 'moodle_logs'. Ultimo ID: 21564
2026-08-04 23:00:31,764 [INFO    ] capture.log_capture: 3 eventos publicados en el stream 'moodle_logs'. Ultimo ID: 21567
2026-08-04 23:01:01,775 [INFO    ] capture.log_capture: 3 eventos publicados en el stream 'moodle_logs'. Ultimo ID: 21570
2026-08-04 23:01:21,782 [INFO    ] capture.log_capture: 3 eventos publicados en el stream 'moodle_logs'. Ultimo ID: 21573
2026-08-04 23:01:42,215 [WARNING ] drift.concept_drift_detector: Concept drift detected: error_rate, confidence: 52.19%
2026-08-04 23:01:51,792 [INFO    ] capture.log_capture: 3 eventos publicados en el stream 'moodle_logs'. Ultimo ID: 21576
2026-08-04 23:02:11,799 [INFO    ] capture.log_capture: 4 eventos publicados en el stream 'moodle_logs'. Ultimo ID: 21580
2026-08-04 23:02:51,809 [INFO    ] capture.log_capture: 1 eventos publicados en el stream 'moodle_logs'. Ultimo ID: 21581
2026-08-04 23:03:21,819 [INFO    ] capture.log_capture: 2 eventos publicados en el stream 'moodle_logs'. Ultimo ID: 21583
2026-08-04 23:03:51,829 [INFO    ] capture.log_capture: 3 eventos publicados en el stream 'moodle_logs'. Ultimo ID: 21586
2026-08-04 23:04:21,838 [INFO    ] capture.log_capture: 1 eventos publicados en el stream 'moodle_logs'. Ultimo ID: 21587
2026-08-04 23:05:21,856 [INFO    ] capture.log_capture: 1 eventos publicados en el stream 'moodle_logs'. Ultimo ID: 21588
2026-08-04 23:05:41,863 [INFO    ] capture.log_capture: 2 eventos publicados en el stream 'moodle_logs'. Ultimo ID: 21590
2026-08-04 23:06:21,874 [INFO    ] capture.log_capture: 5 eventos publicados en el stream 'moodle_logs'. Ultimo ID: 21595
2026-08-04 23:06:51,883 [INFO    ] capture.log_capture: 3 eventos publicados en el stream 'moodle_logs'. Ultimo ID: 21598
2026-08-04 23:07:21,891 [INFO    ] capture.log_capture: 1 eventos publicados en el stream 'moodle_logs'. Ultimo ID: 21599
2026-08-04 23:07:51,900 [INFO    ] capture.log_capture: 3 eventos publicados en el stream 'moodle_logs'. Ultimo ID: 21602
2026-08-04 23:08:21,909 [INFO    ] capture.log_capture: 1 eventos publicados en el stream 'moodle_logs'. Ultimo ID: 21603
2026-08-04 23:08:41,915 [INFO    ] capture.log_capture: 3 eventos publicados en el stream 'moodle_logs'. Ultimo ID: 21606
2026-08-04 23:09:01,922 [INFO    ] capture.log_capture: 3 eventos publicados en el stream 'moodle_logs'. Ultimo ID: 21609
2026-08-04 23:09:41,932 [INFO    ] capture.log_capture: 1 eventos publicados en el stream 'moodle_logs'. Ultimo ID: 21610
2026-08-04 23:10:11,940 [INFO    ] capture.log_capture: 2 eventos publicados en el stream 'moodle_logs'. Ultimo ID: 21612
2026-08-04 23:10:31,947 [INFO    ] capture.log_capture: 1 eventos publicados en el stream 'moodle_logs'. Ultimo ID: 21613
2026-08-04 23:10:41,952 [INFO    ] capture.log_capture: 1 eventos publicados en el stream 'moodle_logs'. Ultimo ID: 21614
2026-08-04 23:11:11,961 [INFO    ] capture.log_capture: 4 eventos publicados en el stream 'moodle_logs'. Ultimo ID: 21618
2026-08-04 23:11:31,967 [INFO    ] capture.log_capture: 1 eventos publicados en el stream 'moodle_logs'. Ultimo ID: 21619
2026-08-04 23:11:41,971 [INFO    ] capture.log_capture: 1 eventos publicados en el stream 'moodle_logs'. Ultimo ID: 21620
2026-08-04 23:12:01,978 [INFO    ] capture.log_capture: 2 eventos publicados en el stream 'moodle_logs'. Ultimo ID: 21622
2026-08-04 23:12:31,987 [INFO    ] capture.log_capture: 2 eventos publicados en el stream 'moodle_logs'. Ultimo ID: 21624
2026-08-04 23:13:01,997 [INFO    ] capture.log_capture: 4 eventos publicados en el stream 'moodle_logs'. Ultimo ID: 21628
2026-08-04 23:13:32,006 [INFO    ] capture.log_capture: 3 eventos publicados en el stream 'moodle_logs'. Ultimo ID: 21631
2026-08-04 23:14:02,015 [INFO    ] capture.log_capture: 2 eventos publicados en el stream 'moodle_logs'. Ultimo ID: 21633
2026-08-04 23:14:12,019 [INFO    ] capture.log_capture: 1 eventos publicados en el stream 'moodle_logs'. Ultimo ID: 21634
2026-08-04 23:14:32,025 [INFO    ] capture.log_capture: 1 eventos publicados en el stream 'moodle_logs'. Ultimo ID: 21635
2026-08-04 23:14:52,033 [INFO    ] capture.log_capture: 2 eventos publicados en el stream 'moodle_logs'. Ultimo ID: 21637
2026-08-04 23:15:22,041 [INFO    ] capture.log_capture: 3 eventos publicados en el stream 'moodle_logs'. Ultimo ID: 21640
2026-08-04 23:15:52,052 [INFO    ] capture.log_capture: 5 eventos publicados en el stream 'moodle_logs'. Ultimo ID: 21645
2026-08-04 23:16:22,060 [INFO    ] capture.log_capture: 2 eventos publicados en el stream 'moodle_logs'. Ultimo ID: 21647
2026-08-04 23:16:52,068 [INFO    ] capture.log_capture: 1 eventos publicados en el stream 'moodle_logs'. Ultimo ID: 21648
2026-08-04 23:17:12,075 [INFO    ] capture.log_capture: 1 eventos publicados en el stream 'moodle_logs'. Ultimo ID: 21649
2026-08-04 23:17:42,084 [INFO    ] capture.log_capture: 3 eventos publicados en el stream 'moodle_logs'. Ultimo ID: 21652
2026-08-04 23:18:12,093 [INFO    ] capture.log_capture: 2 eventos publicados en el stream 'moodle_logs'. Ultimo ID: 21654
2026-08-04 23:18:32,100 [INFO    ] capture.log_capture: 2 eventos publicados en el stream 'moodle_logs'. Ultimo ID: 21656
2026-08-04 23:19:02,107 [INFO    ] capture.log_capture: 2 eventos publicados en el stream 'moodle_logs'. Ultimo ID: 21658
2026-08-04 23:19:12,113 [INFO    ] capture.log_capture: 1 eventos publicados en el stream 'moodle_logs'. Ultimo ID: 21659
2026-08-04 23:19:42,121 [INFO    ] capture.log_capture: 3 eventos publicados en el stream 'moodle_logs'. Ultimo ID: 21662
2026-08-04 23:20:12,130 [INFO    ] capture.log_capture: 2 eventos publicados en el stream 'moodle_logs'. Ultimo ID: 21664
2026-08-04 23:20:42,138 [INFO    ] capture.log_capture: 2 eventos publicados en el stream 'moodle_logs'. Ultimo ID: 21666
2026-08-04 23:21:12,146 [INFO    ] capture.log_capture: 1 eventos publicados en el stream 'moodle_logs'. Ultimo ID: 21667
2026-08-04 23:21:22,151 [INFO    ] capture.log_capture: 1 eventos publicados en el stream 'moodle_logs'. Ultimo ID: 21668
2026-08-04 23:21:42,158 [INFO    ] capture.log_capture: 2 eventos publicados en el stream 'moodle_logs'. Ultimo ID: 21670
2026-08-04 23:22:42,172 [INFO    ] capture.log_capture: 1 eventos publicados en el stream 'moodle_logs'. Ultimo ID: 21671
2026-08-04 23:23:02,180 [INFO    ] capture.log_capture: 4 eventos publicados en el stream 'moodle_logs'. Ultimo ID: 21675
2026-08-04 23:23:32,189 [INFO    ] capture.log_capture: 1 eventos publicados en el stream 'moodle_logs'. Ultimo ID: 21676
2026-08-04 23:23:52,196 [INFO    ] capture.log_capture: 3 eventos publicados en el stream 'moodle_logs'. Ultimo ID: 21679
2026-08-04 23:24:32,208 [INFO    ] capture.log_capture: 2 eventos publicados en el stream 'moodle_logs'. Ultimo ID: 21681
2026-08-04 23:25:02,216 [INFO    ] capture.log_capture: 2 eventos publicados en el stream 'moodle_logs'. Ultimo ID: 21683
2026-08-04 23:25:32,224 [INFO    ] capture.log_capture: 2 eventos publicados en el stream 'moodle_logs'. Ultimo ID: 21685
2026-08-04 23:26:02,232 [INFO    ] capture.log_capture: 1 eventos publicados en el stream 'moodle_logs'. Ultimo ID: 21686
2026-08-04 23:26:12,253 [INFO    ] capture.log_capture: 1 eventos publicados en el stream 'moodle_logs'. Ultimo ID: 21687
2026-08-04 23:26:32,259 [INFO    ] capture.log_capture: 3 eventos publicados en el stream 'moodle_logs'. Ultimo ID: 21690
2026-08-04 23:27:12,269 [INFO    ] capture.log_capture: 5 eventos publicados en el stream 'moodle_logs'. Ultimo ID: 21695
2026-08-04 23:27:42,279 [INFO    ] capture.log_capture: 2 eventos publicados en el stream 'moodle_logs'. Ultimo ID: 21697
2026-08-04 23:28:12,288 [INFO    ] capture.log_capture: 3 eventos publicados en el stream 'moodle_logs'. Ultimo ID: 21700
2026-08-04 23:28:42,299 [INFO    ] capture.log_capture: 2 eventos publicados en el stream 'moodle_logs'. Ultimo ID: 21702
2026-08-04 23:29:12,308 [INFO    ] capture.log_capture: 1 eventos publicados en el stream 'moodle_logs'. Ultimo ID: 21703
2026-08-04 23:29:32,316 [INFO    ] capture.log_capture: 5 eventos publicados en el stream 'moodle_logs'. Ultimo ID: 21708
2026-08-04 23:30:02,325 [INFO    ] capture.log_capture: 1 eventos publicados en el stream 'moodle_logs'. Ultimo ID: 21709
2026-08-04 23:30:32,334 [INFO    ] capture.log_capture: 1 eventos publicados en el stream 'moodle_logs'. Ultimo ID: 21710
2026-08-04 23:31:02,341 [INFO    ] capture.log_capture: 1 eventos publicados en el stream 'moodle_logs'. Ultimo ID: 21711
2026-08-04 23:31:32,349 [INFO    ] capture.log_capture: 1 eventos publicados en el stream 'moodle_logs'. Ultimo ID: 21712
2026-08-04 23:31:42,354 [INFO    ] capture.log_capture: 3 eventos publicados en el stream 'moodle_logs'. Ultimo ID: 21715
2026-08-04 23:32:02,361 [INFO    ] capture.log_capture: 3 eventos publicados en el stream 'moodle_logs'. Ultimo ID: 21718
2026-08-04 23:32:32,368 [INFO    ] capture.log_capture: 1 eventos publicados en el stream 'moodle_logs'. Ultimo ID: 21719
2026-08-04 23:33:32,382 [INFO    ] capture.log_capture: 7 eventos publicados en el stream 'moodle_logs'. Ultimo ID: 21726
2026-08-04 23:33:52,389 [INFO    ] capture.log_capture: 1 eventos publicados en el stream 'moodle_logs'. Ultimo ID: 21727
2026-08-04 23:34:32,401 [INFO    ] capture.log_capture: 2 eventos publicados en el stream 'moodle_logs'. Ultimo ID: 21729
2026-08-04 23:35:22,417 [INFO    ] capture.log_capture: 2 eventos publicados en el stream 'moodle_logs'. Ultimo ID: 21731
2026-08-04 23:35:42,424 [INFO    ] capture.log_capture: 1 eventos publicados en el stream 'moodle_logs'. Ultimo ID: 21732
2026-08-04 23:35:52,429 [INFO    ] capture.log_capture: 1 eventos publicados en el stream 'moodle_logs'. Ultimo ID: 21733
2026-08-04 23:36:22,440 [INFO    ] capture.log_capture: 2 eventos publicados en el stream 'moodle_logs'. Ultimo ID: 21735
2026-08-04 23:36:52,449 [INFO    ] capture.log_capture: 2 eventos publicados en el stream 'moodle_logs'. Ultimo ID: 21737
2026-08-04 23:37:22,458 [INFO    ] capture.log_capture: 3 eventos publicados en el stream 'moodle_logs'. Ultimo ID: 21740
2026-08-04 23:37:52,469 [INFO    ] capture.log_capture: 3 eventos publicados en el stream 'moodle_logs'. Ultimo ID: 21743
2026-08-04 23:38:12,477 [INFO    ] capture.log_capture: 3 eventos publicados en el stream 'moodle_logs'. Ultimo ID: 21746
2026-08-04 23:38:42,486 [INFO    ] capture.log_capture: 2 eventos publicados en el stream 'moodle_logs'. Ultimo ID: 21748
2026-08-04 23:39:22,497 [INFO    ] capture.log_capture: 3 eventos publicados en el stream 'moodle_logs'. Ultimo ID: 21751
2026-08-04 23:39:52,506 [INFO    ] capture.log_capture: 1 eventos publicados en el stream 'moodle_logs'. Ultimo ID: 21752
2026-08-04 23:40:22,514 [INFO    ] capture.log_capture: 2 eventos publicados en el stream 'moodle_logs'. Ultimo ID: 21754
2026-08-04 23:40:52,524 [INFO    ] capture.log_capture: 3 eventos publicados en el stream 'moodle_logs'. Ultimo ID: 21757
2026-08-04 23:41:12,532 [INFO    ] capture.log_capture: 1 eventos publicados en el stream 'moodle_logs'. Ultimo ID: 21758
2026-08-04 23:42:22,548 [INFO    ] capture.log_capture: 3 eventos publicados en el stream 'moodle_logs'. Ultimo ID: 21761
2026-08-04 23:43:02,560 [INFO    ] capture.log_capture: 2 eventos publicados en el stream 'moodle_logs'. Ultimo ID: 21763
2026-08-04 23:43:08,893 [WARNING ] drift.concept_drift_detector: Concept drift detected: error_rate, confidence: 50.92%
2026-08-04 23:43:32,568 [INFO    ] capture.log_capture: 2 eventos publicados en el stream 'moodle_logs'. Ultimo ID: 21765
2026-08-04 23:44:02,577 [INFO    ] capture.log_capture: 3 eventos publicados en el stream 'moodle_logs'. Ultimo ID: 21768
2026-08-04 23:44:32,587 [INFO    ] capture.log_capture: 6 eventos publicados en el stream 'moodle_logs'. Ultimo ID: 21774
2026-08-04 23:45:02,597 [INFO    ] capture.log_capture: 1 eventos publicados en el stream 'moodle_logs'. Ultimo ID: 21775
2026-08-04 23:45:32,605 [INFO    ] capture.log_capture: 3 eventos publicados en el stream 'moodle_logs'. Ultimo ID: 21778
2026-08-04 23:46:02,614 [INFO    ] capture.log_capture: 1 eventos publicados en el stream 'moodle_logs'. Ultimo ID: 21779
2026-08-04 23:46:32,622 [INFO    ] capture.log_capture: 1 eventos publicados en el stream 'moodle_logs'. Ultimo ID: 21780
2026-08-04 23:46:52,629 [INFO    ] capture.log_capture: 4 eventos publicados en el stream 'moodle_logs'. Ultimo ID: 21784
2026-08-04 23:47:32,641 [INFO    ] capture.log_capture: 1 eventos publicados en el stream 'moodle_logs'. Ultimo ID: 21785
2026-08-04 23:48:02,654 [INFO    ] capture.log_capture: 2 eventos publicados en el stream 'moodle_logs'. Ultimo ID: 21787
2026-08-04 23:48:22,661 [INFO    ] capture.log_capture: 2 eventos publicados en el stream 'moodle_logs'. Ultimo ID: 21789
2026-08-04 23:48:52,669 [INFO    ] capture.log_capture: 1 eventos publicados en el stream 'moodle_logs'. Ultimo ID: 21790
2026-08-04 23:49:22,677 [INFO    ] capture.log_capture: 1 eventos publicados en el stream 'moodle_logs'. Ultimo ID: 21791
2026-08-04 23:49:42,685 [INFO    ] capture.log_capture: 1 eventos publicados en el stream 'moodle_logs'. Ultimo ID: 21792
2026-08-04 23:50:12,694 [INFO    ] capture.log_capture: 2 eventos publicados en el stream 'moodle_logs'. Ultimo ID: 21794
2026-08-04 23:51:12,708 [INFO    ] capture.log_capture: 1 eventos publicados en el stream 'moodle_logs'. Ultimo ID: 21795
2026-08-04 23:51:32,715 [INFO    ] capture.log_capture: 2 eventos publicados en el stream 'moodle_logs'. Ultimo ID: 21797
2026-08-04 23:51:52,720 [INFO    ] capture.log_capture: 1 eventos publicados en el stream 'moodle_logs'. Ultimo ID: 21798
2026-08-04 23:52:32,730 [INFO    ] capture.log_capture: 1 eventos publicados en el stream 'moodle_logs'. Ultimo ID: 21799
2026-08-04 23:52:52,736 [INFO    ] capture.log_capture: 2 eventos publicados en el stream 'moodle_logs'. Ultimo ID: 21801
2026-08-04 23:53:22,744 [INFO    ] capture.log_capture: 1 eventos publicados en el stream 'moodle_logs'. Ultimo ID: 21802
2026-08-04 23:53:52,753 [INFO    ] capture.log_capture: 3 eventos publicados en el stream 'moodle_logs'. Ultimo ID: 21805
2026-08-04 23:54:32,764 [INFO    ] capture.log_capture: 2 eventos publicados en el stream 'moodle_logs'. Ultimo ID: 21807
2026-08-04 23:55:02,774 [INFO    ] capture.log_capture: 3 eventos publicados en el stream 'moodle_logs'. Ultimo ID: 21810
2026-08-04 23:55:22,779 [INFO    ] capture.log_capture: 1 eventos publicados en el stream 'moodle_logs'. Ultimo ID: 21811
2026-08-04 23:55:42,787 [INFO    ] capture.log_capture: 2 eventos publicados en el stream 'moodle_logs'. Ultimo ID: 21813
2026-08-04 23:55:52,791 [INFO    ] capture.log_capture: 1 eventos publicados en el stream 'moodle_logs'. Ultimo ID: 21814
2026-08-04 23:56:12,797 [INFO    ] capture.log_capture: 2 eventos publicados en el stream 'moodle_logs'. Ultimo ID: 21816
2026-08-04 23:56:42,805 [INFO    ] capture.log_capture: 1 eventos publicados en el stream 'moodle_logs'. Ultimo ID: 21817
2026-08-04 23:57:12,814 [INFO    ] capture.log_capture: 1 eventos publicados en el stream 'moodle_logs'. Ultimo ID: 21818
2026-08-04 23:57:42,823 [INFO    ] capture.log_capture: 2 eventos publicados en el stream 'moodle_logs'. Ultimo ID: 21820
2026-08-04 23:58:12,830 [INFO    ] capture.log_capture: 4 eventos publicados en el stream 'moodle_logs'. Ultimo ID: 21824
2026-08-04 23:58:42,839 [INFO    ] capture.log_capture: 3 eventos publicados en el stream 'moodle_logs'. Ultimo ID: 21827
2026-08-04 23:59:02,847 [INFO    ] capture.log_capture: 2 eventos publicados en el stream 'moodle_logs'. Ultimo ID: 21829
2026-08-04 23:59:12,851 [INFO    ] capture.log_capture: 1 eventos publicados en el stream 'moodle_logs'. Ultimo ID: 21830
2026-08-04 23:59:32,859 [INFO    ] capture.log_capture: 4 eventos publicados en el stream 'moodle_logs'. Ultimo ID: 21834
2026-08-05 00:00:02,870 [INFO    ] capture.log_capture: 3 eventos publicados en el stream 'moodle_logs'. Ultimo ID: 21837
2026-08-05 00:00:42,880 [INFO    ] capture.log_capture: 1 eventos publicados en el stream 'moodle_logs'. Ultimo ID: 21838
2026-08-05 00:01:02,886 [INFO    ] capture.log_capture: 3 eventos publicados en el stream 'moodle_logs'. Ultimo ID: 21841
2026-08-05 00:01:12,890 [INFO    ] capture.log_capture: 1 eventos publicados en el stream 'moodle_logs'. Ultimo ID: 21842
2026-08-05 00:01:32,898 [INFO    ] capture.log_capture: 2 eventos publicados en el stream 'moodle_logs'. Ultimo ID: 21844
2026-08-05 00:02:32,915 [INFO    ] capture.log_capture: 5 eventos publicados en el stream 'moodle_logs'. Ultimo ID: 21849
2026-08-05 00:03:02,923 [INFO    ] capture.log_capture: 2 eventos publicados en el stream 'moodle_logs'. Ultimo ID: 21851
2026-08-05 00:04:12,940 [INFO    ] capture.log_capture: 1 eventos publicados en el stream 'moodle_logs'. Ultimo ID: 21852
2026-08-05 00:04:42,948 [INFO    ] capture.log_capture: 2 eventos publicados en el stream 'moodle_logs'. Ultimo ID: 21854
2026-08-05 00:05:12,957 [INFO    ] capture.log_capture: 1 eventos publicados en el stream 'moodle_logs'. Ultimo ID: 21855
2026-08-05 00:05:32,963 [INFO    ] capture.log_capture: 2 eventos publicados en el stream 'moodle_logs'. Ultimo ID: 21857
2026-08-05 00:06:02,973 [INFO    ] capture.log_capture: 3 eventos publicados en el stream 'moodle_logs'. Ultimo ID: 21860
2026-08-05 00:06:32,981 [INFO    ] capture.log_capture: 3 eventos publicados en el stream 'moodle_logs'. Ultimo ID: 21863
2026-08-05 00:06:52,989 [INFO    ] capture.log_capture: 5 eventos publicados en el stream 'moodle_logs'. Ultimo ID: 21868
2026-08-05 00:07:22,997 [INFO    ] capture.log_capture: 3 eventos publicados en el stream 'moodle_logs'. Ultimo ID: 21871
2026-08-05 00:07:43,003 [INFO    ] capture.log_capture: 2 eventos publicados en el stream 'moodle_logs'. Ultimo ID: 21873
2026-08-05 00:08:33,014 [INFO    ] capture.log_capture: 3 eventos publicados en el stream 'moodle_logs'. Ultimo ID: 21876
2026-08-05 00:09:03,022 [INFO    ] capture.log_capture: 1 eventos publicados en el stream 'moodle_logs'. Ultimo ID: 21877
2026-08-05 00:09:33,030 [INFO    ] capture.log_capture: 1 eventos publicados en el stream 'moodle_logs'. Ultimo ID: 21878
2026-08-05 00:10:03,039 [INFO    ] capture.log_capture: 1 eventos publicados en el stream 'moodle_logs'. Ultimo ID: 21879
2026-08-05 00:10:23,045 [INFO    ] capture.log_capture: 1 eventos publicados en el stream 'moodle_logs'. Ultimo ID: 21880
2026-08-05 00:10:53,055 [INFO    ] capture.log_capture: 1 eventos publicados en el stream 'moodle_logs'. Ultimo ID: 21881
2026-08-05 00:11:23,063 [INFO    ] capture.log_capture: 2 eventos publicados en el stream 'moodle_logs'. Ultimo ID: 21883
2026-08-05 00:12:03,075 [INFO    ] capture.log_capture: 4 eventos publicados en el stream 'moodle_logs'. Ultimo ID: 21887
2026-08-05 00:12:33,083 [INFO    ] capture.log_capture: 1 eventos publicados en el stream 'moodle_logs'. Ultimo ID: 21888
2026-08-05 00:13:03,092 [INFO    ] capture.log_capture: 2 eventos publicados en el stream 'moodle_logs'. Ultimo ID: 21890
2026-08-05 00:13:23,099 [INFO    ] capture.log_capture: 1 eventos publicados en el stream 'moodle_logs'. Ultimo ID: 21891
2026-08-05 00:14:03,111 [INFO    ] capture.log_capture: 2 eventos publicados en el stream 'moodle_logs'. Ultimo ID: 21893
2026-08-05 00:14:33,119 [INFO    ] capture.log_capture: 1 eventos publicados en el stream 'moodle_logs'. Ultimo ID: 21894
2026-08-05 00:15:03,128 [INFO    ] capture.log_capture: 2 eventos publicados en el stream 'moodle_logs'. Ultimo ID: 21896
2026-08-05 00:15:33,136 [INFO    ] capture.log_capture: 1 eventos publicados en el stream 'moodle_logs'. Ultimo ID: 21897
2026-08-05 00:16:03,145 [INFO    ] capture.log_capture: 1 eventos publicados en el stream 'moodle_logs'. Ultimo ID: 21898
2026-08-05 00:16:23,152 [INFO    ] capture.log_capture: 3 eventos publicados en el stream 'moodle_logs'. Ultimo ID: 21901
2026-08-05 00:16:53,161 [INFO    ] capture.log_capture: 1 eventos publicados en el stream 'moodle_logs'. Ultimo ID: 21902
2026-08-05 00:17:13,167 [INFO    ] capture.log_capture: 2 eventos publicados en el stream 'moodle_logs'. Ultimo ID: 21904
2026-08-05 00:17:53,178 [INFO    ] capture.log_capture: 1 eventos publicados en el stream 'moodle_logs'. Ultimo ID: 21905
2026-08-05 00:18:13,185 [INFO    ] capture.log_capture: 3 eventos publicados en el stream 'moodle_logs'. Ultimo ID: 21908
2026-08-05 00:18:43,194 [INFO    ] capture.log_capture: 2 eventos publicados en el stream 'moodle_logs'. Ultimo ID: 21910
2026-08-05 00:19:13,202 [INFO    ] capture.log_capture: 4 eventos publicados en el stream 'moodle_logs'. Ultimo ID: 21914
2026-08-05 00:19:43,210 [INFO    ] capture.log_capture: 2 eventos publicados en el stream 'moodle_logs'. Ultimo ID: 21916
2026-08-05 00:20:13,219 [INFO    ] capture.log_capture: 3 eventos publicados en el stream 'moodle_logs'. Ultimo ID: 21919
2026-08-05 00:20:53,230 [INFO    ] capture.log_capture: 1 eventos publicados en el stream 'moodle_logs'. Ultimo ID: 21920
2026-08-05 00:21:13,236 [INFO    ] capture.log_capture: 3 eventos publicados en el stream 'moodle_logs'. Ultimo ID: 21923
2026-08-05 00:22:13,252 [INFO    ] capture.log_capture: 1 eventos publicados en el stream 'moodle_logs'. Ultimo ID: 21924
2026-08-05 00:22:43,260 [INFO    ] capture.log_capture: 1 eventos publicados en el stream 'moodle_logs'. Ultimo ID: 21925
2026-08-05 00:22:53,265 [INFO    ] capture.log_capture: 1 eventos publicados en el stream 'moodle_logs'. Ultimo ID: 21926
2026-08-05 00:23:23,275 [INFO    ] capture.log_capture: 2 eventos publicados en el stream 'moodle_logs'. Ultimo ID: 21928
2026-08-05 00:24:03,286 [INFO    ] capture.log_capture: 1 eventos publicados en el stream 'moodle_logs'. Ultimo ID: 21929
2026-08-05 00:24:23,292 [INFO    ] capture.log_capture: 2 eventos publicados en el stream 'moodle_logs'. Ultimo ID: 21931
2026-08-05 00:25:53,312 [INFO    ] capture.log_capture: 3 eventos publicados en el stream 'moodle_logs'. Ultimo ID: 21934
2026-08-05 00:26:23,321 [INFO    ] capture.log_capture: 1 eventos publicados en el stream 'moodle_logs'. Ultimo ID: 21935
2026-08-05 00:26:47,874 [WARNING ] drift.concept_drift_detector: Concept drift detected: error_rate, confidence: 51.29%
2026-08-05 00:26:53,330 [INFO    ] capture.log_capture: 2 eventos publicados en el stream 'moodle_logs'. Ultimo ID: 21937
2026-08-05 00:27:23,339 [INFO    ] capture.log_capture: 1 eventos publicados en el stream 'moodle_logs'. Ultimo ID: 21938
2026-08-05 00:27:53,349 [INFO    ] capture.log_capture: 4 eventos publicados en el stream 'moodle_logs'. Ultimo ID: 21942
2026-08-05 00:28:13,357 [INFO    ] capture.log_capture: 3 eventos publicados en el stream 'moodle_logs'. Ultimo ID: 21945
2026-08-05 00:28:43,365 [INFO    ] capture.log_capture: 1 eventos publicados en el stream 'moodle_logs'. Ultimo ID: 21946
2026-08-05 00:29:03,371 [INFO    ] capture.log_capture: 1 eventos publicados en el stream 'moodle_logs'. Ultimo ID: 21947
2026-08-05 00:29:33,380 [INFO    ] capture.log_capture: 2 eventos publicados en el stream 'moodle_logs'. Ultimo ID: 21949
2026-08-05 00:30:03,390 [INFO    ] capture.log_capture: 3 eventos publicados en el stream 'moodle_logs'. Ultimo ID: 21952
2026-08-05 00:30:33,399 [INFO    ] capture.log_capture: 2 eventos publicados en el stream 'moodle_logs'. Ultimo ID: 21954
2026-08-05 00:31:03,407 [INFO    ] capture.log_capture: 1 eventos publicados en el stream 'moodle_logs'. Ultimo ID: 21955
2026-08-05 00:31:33,416 [INFO    ] capture.log_capture: 3 eventos publicados en el stream 'moodle_logs'. Ultimo ID: 21958
2026-08-05 00:31:53,424 [INFO    ] capture.log_capture: 4 eventos publicados en el stream 'moodle_logs'. Ultimo ID: 21962
2026-08-05 00:32:13,430 [INFO    ] capture.log_capture: 4 eventos publicados en el stream 'moodle_logs'. Ultimo ID: 21966
2026-08-05 00:32:23,435 [INFO    ] capture.log_capture: 2 eventos publicados en el stream 'moodle_logs'. Ultimo ID: 21968
2026-08-05 00:32:53,443 [INFO    ] capture.log_capture: 2 eventos publicados en el stream 'moodle_logs'. Ultimo ID: 21970
2026-08-05 00:33:13,452 [INFO    ] capture.log_capture: 1 eventos publicados en el stream 'moodle_logs'. Ultimo ID: 21971
2026-08-05 00:33:43,460 [INFO    ] capture.log_capture: 2 eventos publicados en el stream 'moodle_logs'. Ultimo ID: 21973
2026-08-05 00:34:03,466 [INFO    ] capture.log_capture: 1 eventos publicados en el stream 'moodle_logs'. Ultimo ID: 21974
2026-08-05 00:34:43,477 [INFO    ] capture.log_capture: 3 eventos publicados en el stream 'moodle_logs'. Ultimo ID: 21977
2026-08-05 00:35:03,484 [INFO    ] capture.log_capture: 2 eventos publicados en el stream 'moodle_logs'. Ultimo ID: 21979
2026-08-05 00:35:43,497 [INFO    ] capture.log_capture: 1 eventos publicados en el stream 'moodle_logs'. Ultimo ID: 21980
2026-08-05 00:36:13,506 [INFO    ] capture.log_capture: 2 eventos publicados en el stream 'moodle_logs'. Ultimo ID: 21982
2026-08-05 00:36:43,515 [INFO    ] capture.log_capture: 2 eventos publicados en el stream 'moodle_logs'. Ultimo ID: 21984
2026-08-05 00:37:03,521 [INFO    ] capture.log_capture: 3 eventos publicados en el stream 'moodle_logs'. Ultimo ID: 21987
2026-08-05 00:38:03,536 [INFO    ] capture.log_capture: 2 eventos publicados en el stream 'moodle_logs'. Ultimo ID: 21989
2026-08-05 00:38:33,545 [INFO    ] capture.log_capture: 4 eventos publicados en el stream 'moodle_logs'. Ultimo ID: 21993
2026-08-05 00:39:03,553 [INFO    ] capture.log_capture: 3 eventos publicados en el stream 'moodle_logs'. Ultimo ID: 21996
2026-08-05 00:39:23,558 [INFO    ] capture.log_capture: 1 eventos publicados en el stream 'moodle_logs'. Ultimo ID: 21997
2026-08-05 00:39:33,563 [INFO    ] capture.log_capture: 2 eventos publicados en el stream 'moodle_logs'. Ultimo ID: 21999
2026-08-05 00:40:03,572 [INFO    ] capture.log_capture: 1 eventos publicados en el stream 'moodle_logs'. Ultimo ID: 22000
2026-08-05 00:40:33,582 [INFO    ] capture.log_capture: 2 eventos publicados en el stream 'moodle_logs'. Ultimo ID: 22002
2026-08-05 00:41:03,589 [INFO    ] capture.log_capture: 2 eventos publicados en el stream 'moodle_logs'. Ultimo ID: 22004
2026-08-05 00:41:13,594 [INFO    ] capture.log_capture: 2 eventos publicados en el stream 'moodle_logs'. Ultimo ID: 22006
2026-08-05 00:41:43,604 [INFO    ] capture.log_capture: 2 eventos publicados en el stream 'moodle_logs'. Ultimo ID: 22008
2026-08-05 00:42:03,612 [INFO    ] capture.log_capture: 2 eventos publicados en el stream 'moodle_logs'. Ultimo ID: 22010
2026-08-05 00:42:23,618 [INFO    ] capture.log_capture: 1 eventos publicados en el stream 'moodle_logs'. Ultimo ID: 22011
2026-08-05 00:42:53,626 [INFO    ] capture.log_capture: 4 eventos publicados en el stream 'moodle_logs'. Ultimo ID: 22015
2026-08-05 00:43:23,635 [INFO    ] capture.log_capture: 4 eventos publicados en el stream 'moodle_logs'. Ultimo ID: 22019
2026-08-05 00:43:43,642 [INFO    ] capture.log_capture: 6 eventos publicados en el stream 'moodle_logs'. Ultimo ID: 22025
2026-08-05 00:44:43,656 [INFO    ] capture.log_capture: 2 eventos publicados en el stream 'moodle_logs'. Ultimo ID: 22027
2026-08-05 00:45:13,665 [INFO    ] capture.log_capture: 3 eventos publicados en el stream 'moodle_logs'. Ultimo ID: 22030
2026-08-05 00:45:43,673 [INFO    ] capture.log_capture: 1 eventos publicados en el stream 'moodle_logs'. Ultimo ID: 22031
2026-08-05 00:46:13,682 [INFO    ] capture.log_capture: 2 eventos publicados en el stream 'moodle_logs'. Ultimo ID: 22033
2026-08-05 00:47:03,694 [INFO    ] capture.log_capture: 2 eventos publicados en el stream 'moodle_logs'. Ultimo ID: 22035
2026-08-05 00:47:23,699 [INFO    ] capture.log_capture: 1 eventos publicados en el stream 'moodle_logs'. Ultimo ID: 22036
2026-08-05 00:47:53,708 [INFO    ] capture.log_capture: 1 eventos publicados en el stream 'moodle_logs'. Ultimo ID: 22037
2026-08-05 00:48:03,712 [INFO    ] capture.log_capture: 1 eventos publicados en el stream 'moodle_logs'. Ultimo ID: 22038
2026-08-05 00:48:23,719 [INFO    ] capture.log_capture: 1 eventos publicados en el stream 'moodle_logs'. Ultimo ID: 22039
2026-08-05 00:48:43,727 [INFO    ] capture.log_capture: 3 eventos publicados en el stream 'moodle_logs'. Ultimo ID: 22042
2026-08-05 00:49:43,742 [INFO    ] capture.log_capture: 2 eventos publicados en el stream 'moodle_logs'. Ultimo ID: 22044
2026-08-05 00:50:13,751 [INFO    ] capture.log_capture: 2 eventos publicados en el stream 'moodle_logs'. Ultimo ID: 22046
2026-08-05 00:50:43,759 [INFO    ] capture.log_capture: 2 eventos publicados en el stream 'moodle_logs'. Ultimo ID: 22048
2026-08-05 00:51:13,767 [INFO    ] capture.log_capture: 1 eventos publicados en el stream 'moodle_logs'. Ultimo ID: 22049
2026-08-05 00:51:33,773 [INFO    ] capture.log_capture: 2 eventos publicados en el stream 'moodle_logs'. Ultimo ID: 22051
2026-08-05 00:52:03,783 [INFO    ] capture.log_capture: 2 eventos publicados en el stream 'moodle_logs'. Ultimo ID: 22053
2026-08-05 00:52:43,793 [INFO    ] capture.log_capture: 2 eventos publicados en el stream 'moodle_logs'. Ultimo ID: 22055
2026-08-05 00:53:13,803 [INFO    ] capture.log_capture: 1 eventos publicados en el stream 'moodle_logs'. Ultimo ID: 22056
2026-08-05 00:53:33,811 [INFO    ] capture.log_capture: 3 eventos publicados en el stream 'moodle_logs'. Ultimo ID: 22059
2026-08-05 00:54:13,822 [INFO    ] capture.log_capture: 2 eventos publicados en el stream 'moodle_logs'. Ultimo ID: 22061
2026-08-05 00:55:03,833 [INFO    ] capture.log_capture: 1 eventos publicados en el stream 'moodle_logs'. Ultimo ID: 22062
2026-08-05 00:55:33,840 [INFO    ] capture.log_capture: 1 eventos publicados en el stream 'moodle_logs'. Ultimo ID: 22063
2026-08-05 00:55:43,844 [INFO    ] capture.log_capture: 1 eventos publicados en el stream 'moodle_logs'. Ultimo ID: 22064
2026-08-05 00:56:03,851 [INFO    ] capture.log_capture: 1 eventos publicados en el stream 'moodle_logs'. Ultimo ID: 22065
2026-08-05 00:56:33,858 [INFO    ] capture.log_capture: 1 eventos publicados en el stream 'moodle_logs'. Ultimo ID: 22066
2026-08-05 00:57:03,865 [INFO    ] capture.log_capture: 2 eventos publicados en el stream 'moodle_logs'. Ultimo ID: 22068
2026-08-05 00:57:23,872 [INFO    ] capture.log_capture: 3 eventos publicados en el stream 'moodle_logs'. Ultimo ID: 22071
2026-08-05 00:58:03,883 [INFO    ] capture.log_capture: 2 eventos publicados en el stream 'moodle_logs'. Ultimo ID: 22073
2026-08-05 00:58:33,892 [INFO    ] capture.log_capture: 2 eventos publicados en el stream 'moodle_logs'. Ultimo ID: 22075
2026-08-05 00:59:03,900 [INFO    ] capture.log_capture: 2 eventos publicados en el stream 'moodle_logs'. Ultimo ID: 22077
2026-08-05 00:59:33,909 [INFO    ] capture.log_capture: 2 eventos publicados en el stream 'moodle_logs'. Ultimo ID: 22079
2026-08-05 01:00:03,916 [INFO    ] capture.log_capture: 1 eventos publicados en el stream 'moodle_logs'. Ultimo ID: 22080
2026-08-05 01:00:43,929 [INFO    ] capture.log_capture: 2 eventos publicados en el stream 'moodle_logs'. Ultimo ID: 22082
2026-08-05 01:01:03,936 [INFO    ] capture.log_capture: 3 eventos publicados en el stream 'moodle_logs'. Ultimo ID: 22085
2026-08-05 01:01:33,943 [INFO    ] capture.log_capture: 1 eventos publicados en el stream 'moodle_logs'. Ultimo ID: 22086
2026-08-05 01:01:43,948 [INFO    ] capture.log_capture: 1 eventos publicados en el stream 'moodle_logs'. Ultimo ID: 22087
2026-08-05 01:02:13,958 [INFO    ] capture.log_capture: 3 eventos publicados en el stream 'moodle_logs'. Ultimo ID: 22090
2026-08-05 01:02:43,966 [INFO    ] capture.log_capture: 1 eventos publicados en el stream 'moodle_logs'. Ultimo ID: 22091
2026-08-05 01:02:53,972 [INFO    ] capture.log_capture: 1 eventos publicados en el stream 'moodle_logs'. Ultimo ID: 22092
2026-08-05 01:03:23,981 [INFO    ] capture.log_capture: 3 eventos publicados en el stream 'moodle_logs'. Ultimo ID: 22095
2026-08-05 01:03:43,988 [INFO    ] capture.log_capture: 2 eventos publicados en el stream 'moodle_logs'. Ultimo ID: 22097
2026-08-05 01:04:44,001 [INFO    ] capture.log_capture: 2 eventos publicados en el stream 'moodle_logs'. Ultimo ID: 22099
2026-08-05 01:05:04,009 [INFO    ] capture.log_capture: 1 eventos publicados en el stream 'moodle_logs'. Ultimo ID: 22100
2026-08-05 01:05:34,017 [INFO    ] capture.log_capture: 1 eventos publicados en el stream 'moodle_logs'. Ultimo ID: 22101
2026-08-05 01:05:44,022 [INFO    ] capture.log_capture: 1 eventos publicados en el stream 'moodle_logs'. Ultimo ID: 22102
2026-08-05 01:06:04,028 [INFO    ] capture.log_capture: 1 eventos publicados en el stream 'moodle_logs'. Ultimo ID: 22103
2026-08-05 01:06:34,035 [INFO    ] capture.log_capture: 2 eventos publicados en el stream 'moodle_logs'. Ultimo ID: 22105
2026-08-05 01:07:04,045 [INFO    ] capture.log_capture: 2 eventos publicados en el stream 'moodle_logs'. Ultimo ID: 22107
2026-08-05 01:07:24,052 [INFO    ] capture.log_capture: 1 eventos publicados en el stream 'moodle_logs'. Ultimo ID: 22108
2026-08-05 01:08:24,066 [INFO    ] capture.log_capture: 1 eventos publicados en el stream 'moodle_logs'. Ultimo ID: 22109
2026-08-05 01:08:54,074 [INFO    ] capture.log_capture: 3 eventos publicados en el stream 'moodle_logs'. Ultimo ID: 22112
2026-08-05 01:09:24,083 [INFO    ] capture.log_capture: 3 eventos publicados en el stream 'moodle_logs'. Ultimo ID: 22115
2026-08-05 01:09:54,093 [INFO    ] capture.log_capture: 1 eventos publicados en el stream 'moodle_logs'. Ultimo ID: 22116
2026-08-05 01:10:24,102 [INFO    ] capture.log_capture: 4 eventos publicados en el stream 'moodle_logs'. Ultimo ID: 22120
2026-08-05 01:10:44,108 [INFO    ] capture.log_capture: 1 eventos publicados en el stream 'moodle_logs'. Ultimo ID: 22121
2026-08-05 01:11:24,121 [INFO    ] capture.log_capture: 2 eventos publicados en el stream 'moodle_logs'. Ultimo ID: 22123
2026-08-05 01:11:44,127 [INFO    ] capture.log_capture: 1 eventos publicados en el stream 'moodle_logs'. Ultimo ID: 22124
2026-08-05 01:11:54,133 [INFO    ] capture.log_capture: 3 eventos publicados en el stream 'moodle_logs'. Ultimo ID: 22127
2026-08-05 01:12:14,140 [INFO    ] capture.log_capture: 2 eventos publicados en el stream 'moodle_logs'. Ultimo ID: 22129
2026-08-05 01:12:44,149 [INFO    ] capture.log_capture: 2 eventos publicados en el stream 'moodle_logs'. Ultimo ID: 22131
2026-08-05 01:13:14,158 [INFO    ] capture.log_capture: 2 eventos publicados en el stream 'moodle_logs'. Ultimo ID: 22133
2026-08-05 01:13:34,165 [INFO    ] capture.log_capture: 4 eventos publicados en el stream 'moodle_logs'. Ultimo ID: 22137
2026-08-05 01:14:04,173 [INFO    ] capture.log_capture: 2 eventos publicados en el stream 'moodle_logs'. Ultimo ID: 22139
2026-08-05 01:14:24,180 [INFO    ] capture.log_capture: 3 eventos publicados en el stream 'moodle_logs'. Ultimo ID: 22142
2026-08-05 01:14:54,189 [INFO    ] capture.log_capture: 3 eventos publicados en el stream 'moodle_logs'. Ultimo ID: 22145
2026-08-05 01:15:14,195 [INFO    ] capture.log_capture: 1 eventos publicados en el stream 'moodle_logs'. Ultimo ID: 22146
2026-08-05 01:15:44,203 [INFO    ] capture.log_capture: 2 eventos publicados en el stream 'moodle_logs'. Ultimo ID: 22148
2026-08-05 01:16:14,213 [INFO    ] capture.log_capture: 2 eventos publicados en el stream 'moodle_logs'. Ultimo ID: 22150
2026-08-05 01:17:14,228 [INFO    ] capture.log_capture: 2 eventos publicados en el stream 'moodle_logs'. Ultimo ID: 22152
2026-08-05 01:17:34,234 [INFO    ] capture.log_capture: 1 eventos publicados en el stream 'moodle_logs'. Ultimo ID: 22153
2026-08-05 01:18:14,245 [INFO    ] capture.log_capture: 2 eventos publicados en el stream 'moodle_logs'. Ultimo ID: 22155
2026-08-05 01:18:44,253 [INFO    ] capture.log_capture: 1 eventos publicados en el stream 'moodle_logs'. Ultimo ID: 22156
2026-08-05 01:19:14,262 [INFO    ] capture.log_capture: 1 eventos publicados en el stream 'moodle_logs'. Ultimo ID: 22157
2026-08-05 01:19:44,271 [INFO    ] capture.log_capture: 1 eventos publicados en el stream 'moodle_logs'. Ultimo ID: 22158
2026-08-05 01:20:14,282 [INFO    ] capture.log_capture: 2 eventos publicados en el stream 'moodle_logs'. Ultimo ID: 22160
2026-08-05 01:20:44,292 [INFO    ] capture.log_capture: 3 eventos publicados en el stream 'moodle_logs'. Ultimo ID: 22163
2026-08-05 01:21:04,302 [INFO    ] capture.log_capture: 2 eventos publicados en el stream 'moodle_logs'. Ultimo ID: 22165
2026-08-05 01:21:24,308 [INFO    ] capture.log_capture: 4 eventos publicados en el stream 'moodle_logs'. Ultimo ID: 22169
2026-08-05 01:21:54,317 [INFO    ] capture.log_capture: 2 eventos publicados en el stream 'moodle_logs'. Ultimo ID: 22171
2026-08-05 01:22:14,326 [INFO    ] capture.log_capture: 5 eventos publicados en el stream 'moodle_logs'. Ultimo ID: 22176
2026-08-05 01:22:44,334 [INFO    ] capture.log_capture: 2 eventos publicados en el stream 'moodle_logs'. Ultimo ID: 22178
2026-08-05 01:22:54,339 [INFO    ] capture.log_capture: 1 eventos publicados en el stream 'moodle_logs'. Ultimo ID: 22179
2026-08-05 01:23:14,346 [INFO    ] capture.log_capture: 2 eventos publicados en el stream 'moodle_logs'. Ultimo ID: 22181
2026-08-05 01:23:44,355 [INFO    ] capture.log_capture: 2 eventos publicados en el stream 'moodle_logs'. Ultimo ID: 22183
2026-08-05 01:24:14,363 [INFO    ] capture.log_capture: 1 eventos publicados en el stream 'moodle_logs'. Ultimo ID: 22184
2026-08-05 01:24:44,372 [INFO    ] capture.log_capture: 3 eventos publicados en el stream 'moodle_logs'. Ultimo ID: 22187
2026-08-05 01:25:14,382 [INFO    ] capture.log_capture: 1 eventos publicados en el stream 'moodle_logs'. Ultimo ID: 22188
2026-08-05 01:25:44,390 [INFO    ] capture.log_capture: 2 eventos publicados en el stream 'moodle_logs'. Ultimo ID: 22190
2026-08-05 01:25:54,395 [INFO    ] capture.log_capture: 2 eventos publicados en el stream 'moodle_logs'. Ultimo ID: 22192
2026-08-05 01:26:14,402 [INFO    ] capture.log_capture: 3 eventos publicados en el stream 'moodle_logs'. Ultimo ID: 22195
2026-08-05 01:26:44,411 [INFO    ] capture.log_capture: 2 eventos publicados en el stream 'moodle_logs'. Ultimo ID: 22197
2026-08-05 01:27:14,419 [INFO    ] capture.log_capture: 1 eventos publicados en el stream 'moodle_logs'. Ultimo ID: 22198
2026-08-05 01:27:44,428 [INFO    ] capture.log_capture: 3 eventos publicados en el stream 'moodle_logs'. Ultimo ID: 22201
2026-08-05 01:28:04,433 [INFO    ] capture.log_capture: 1 eventos publicados en el stream 'moodle_logs'. Ultimo ID: 22202
2026-08-05 01:28:44,443 [INFO    ] capture.log_capture: 1 eventos publicados en el stream 'moodle_logs'. Ultimo ID: 22203
2026-08-05 01:29:14,450 [INFO    ] capture.log_capture: 3 eventos publicados en el stream 'moodle_logs'. Ultimo ID: 22206
2026-08-05 01:29:24,468 [INFO    ] capture.log_capture: 1 eventos publicados en el stream 'moodle_logs'. Ultimo ID: 22207
2026-08-05 01:29:44,482 [INFO    ] capture.log_capture: 2 eventos publicados en el stream 'moodle_logs'. Ultimo ID: 22209
2026-08-05 01:30:14,498 [INFO    ] capture.log_capture: 4 eventos publicados en el stream 'moodle_logs'. Ultimo ID: 22213
2026-08-05 01:30:44,511 [INFO    ] capture.log_capture: 1 eventos publicados en el stream 'moodle_logs'. Ultimo ID: 22214
2026-08-05 01:31:24,522 [INFO    ] capture.log_capture: 1 eventos publicados en el stream 'moodle_logs'. Ultimo ID: 22215
2026-08-05 01:31:54,534 [INFO    ] capture.log_capture: 1 eventos publicados en el stream 'moodle_logs'. Ultimo ID: 22216
2026-08-05 01:32:24,543 [INFO    ] capture.log_capture: 2 eventos publicados en el stream 'moodle_logs'. Ultimo ID: 22218
2026-08-05 01:32:54,551 [INFO    ] capture.log_capture: 3 eventos publicados en el stream 'moodle_logs'. Ultimo ID: 22221
2026-08-05 01:33:24,561 [INFO    ] capture.log_capture: 1 eventos publicados en el stream 'moodle_logs'. Ultimo ID: 22222
2026-08-05 01:33:34,566 [INFO    ] capture.log_capture: 1 eventos publicados en el stream 'moodle_logs'. Ultimo ID: 22223
2026-08-05 01:34:04,575 [INFO    ] capture.log_capture: 3 eventos publicados en el stream 'moodle_logs'. Ultimo ID: 22226
2026-08-05 01:34:24,582 [INFO    ] capture.log_capture: 2 eventos publicados en el stream 'moodle_logs'. Ultimo ID: 22228
2026-08-05 01:34:34,586 [INFO    ] capture.log_capture: 1 eventos publicados en el stream 'moodle_logs'. Ultimo ID: 22229
2026-08-05 01:34:54,592 [INFO    ] capture.log_capture: 1 eventos publicados en el stream 'moodle_logs'. Ultimo ID: 22230
2026-08-05 01:35:24,603 [INFO    ] capture.log_capture: 3 eventos publicados en el stream 'moodle_logs'. Ultimo ID: 22233
2026-08-05 01:36:24,617 [INFO    ] capture.log_capture: 3 eventos publicados en el stream 'moodle_logs'. Ultimo ID: 22236
2026-08-05 01:37:24,632 [INFO    ] capture.log_capture: 2 eventos publicados en el stream 'moodle_logs'. Ultimo ID: 22238
2026-08-05 01:37:54,641 [INFO    ] capture.log_capture: 1 eventos publicados en el stream 'moodle_logs'. Ultimo ID: 22239
2026-08-05 01:38:24,651 [INFO    ] capture.log_capture: 5 eventos publicados en el stream 'moodle_logs'. Ultimo ID: 22244
2026-08-05 01:38:54,659 [INFO    ] capture.log_capture: 2 eventos publicados en el stream 'moodle_logs'. Ultimo ID: 22246
2026-08-05 01:39:24,667 [INFO    ] capture.log_capture: 4 eventos publicados en el stream 'moodle_logs'. Ultimo ID: 22250
2026-08-05 01:39:54,676 [INFO    ] capture.log_capture: 3 eventos publicados en el stream 'moodle_logs'. Ultimo ID: 22253
2026-08-05 01:40:14,683 [INFO    ] capture.log_capture: 1 eventos publicados en el stream 'moodle_logs'. Ultimo ID: 22254
2026-08-05 01:40:44,693 [INFO    ] capture.log_capture: 4 eventos publicados en el stream 'moodle_logs'. Ultimo ID: 22258
2026-08-05 01:41:14,702 [INFO    ] capture.log_capture: 3 eventos publicados en el stream 'moodle_logs'. Ultimo ID: 22261
2026-08-05 01:41:44,711 [INFO    ] capture.log_capture: 3 eventos publicados en el stream 'moodle_logs'. Ultimo ID: 22264
2026-08-05 01:42:14,719 [INFO    ] capture.log_capture: 2 eventos publicados en el stream 'moodle_logs'. Ultimo ID: 22266
2026-08-05 01:42:34,727 [INFO    ] capture.log_capture: 1 eventos publicados en el stream 'moodle_logs'. Ultimo ID: 22267
2026-08-05 01:43:04,735 [INFO    ] capture.log_capture: 2 eventos publicados en el stream 'moodle_logs'. Ultimo ID: 22269
2026-08-05 01:43:24,741 [INFO    ] capture.log_capture: 3 eventos publicados en el stream 'moodle_logs'. Ultimo ID: 22272
2026-08-05 01:43:54,750 [INFO    ] capture.log_capture: 1 eventos publicados en el stream 'moodle_logs'. Ultimo ID: 22273
2026-08-05 01:44:24,759 [INFO    ] capture.log_capture: 5 eventos publicados en el stream 'moodle_logs'. Ultimo ID: 22278
2026-08-05 01:44:44,765 [INFO    ] capture.log_capture: 1 eventos publicados en el stream 'moodle_logs'. Ultimo ID: 22279
2026-08-05 01:45:14,776 [INFO    ] capture.log_capture: 2 eventos publicados en el stream 'moodle_logs'. Ultimo ID: 22281
2026-08-05 01:45:44,785 [INFO    ] capture.log_capture: 1 eventos publicados en el stream 'moodle_logs'. Ultimo ID: 22282
2026-08-05 01:46:04,792 [INFO    ] capture.log_capture: 1 eventos publicados en el stream 'moodle_logs'. Ultimo ID: 22283
2026-08-05 01:46:34,801 [INFO    ] capture.log_capture: 1 eventos publicados en el stream 'moodle_logs'. Ultimo ID: 22284
2026-08-05 01:47:04,812 [INFO    ] capture.log_capture: 5 eventos publicados en el stream 'moodle_logs'. Ultimo ID: 22289
2026-08-05 01:47:44,823 [INFO    ] capture.log_capture: 2 eventos publicados en el stream 'moodle_logs'. Ultimo ID: 22291
2026-08-05 01:48:14,831 [INFO    ] capture.log_capture: 1 eventos publicados en el stream 'moodle_logs'. Ultimo ID: 22292
2026-08-05 01:48:34,838 [INFO    ] capture.log_capture: 2 eventos publicados en el stream 'moodle_logs'. Ultimo ID: 22294
2026-08-05 01:48:54,844 [INFO    ] capture.log_capture: 1 eventos publicados en el stream 'moodle_logs'. Ultimo ID: 22295
2026-08-05 01:49:14,851 [INFO    ] capture.log_capture: 2 eventos publicados en el stream 'moodle_logs'. Ultimo ID: 22297
2026-08-05 01:49:44,860 [INFO    ] capture.log_capture: 3 eventos publicados en el stream 'moodle_logs'. Ultimo ID: 22300
2026-08-05 01:50:14,869 [INFO    ] capture.log_capture: 1 eventos publicados en el stream 'moodle_logs'. Ultimo ID: 22301
2026-08-05 01:50:34,876 [INFO    ] capture.log_capture: 4 eventos publicados en el stream 'moodle_logs'. Ultimo ID: 22305
2026-08-05 01:50:54,884 [INFO    ] capture.log_capture: 1 eventos publicados en el stream 'moodle_logs'. Ultimo ID: 22306
2026-08-05 01:51:24,893 [INFO    ] capture.log_capture: 2 eventos publicados en el stream 'moodle_logs'. Ultimo ID: 22308
2026-08-05 01:51:54,901 [INFO    ] capture.log_capture: 1 eventos publicados en el stream 'moodle_logs'. Ultimo ID: 22309
2026-08-05 01:52:34,912 [INFO    ] capture.log_capture: 3 eventos publicados en el stream 'moodle_logs'. Ultimo ID: 22312
2026-08-05 01:52:54,917 [INFO    ] capture.log_capture: 2 eventos publicados en el stream 'moodle_logs'. Ultimo ID: 22314
2026-08-05 01:53:24,925 [INFO    ] capture.log_capture: 3 eventos publicados en el stream 'moodle_logs'. Ultimo ID: 22317
2026-08-05 01:54:04,935 [INFO    ] capture.log_capture: 1 eventos publicados en el stream 'moodle_logs'. Ultimo ID: 22318
2026-08-05 01:54:34,943 [INFO    ] capture.log_capture: 1 eventos publicados en el stream 'moodle_logs'. Ultimo ID: 22319
2026-08-05 01:55:04,952 [INFO    ] capture.log_capture: 3 eventos publicados en el stream 'moodle_logs'. Ultimo ID: 22322
2026-08-05 01:55:24,960 [INFO    ] capture.log_capture: 1 eventos publicados en el stream 'moodle_logs'. Ultimo ID: 22323
2026-08-05 01:55:34,963 [INFO    ] capture.log_capture: 1 eventos publicados en el stream 'moodle_logs'. Ultimo ID: 22324
2026-08-05 01:55:54,970 [INFO    ] capture.log_capture: 3 eventos publicados en el stream 'moodle_logs'. Ultimo ID: 22327
2026-08-05 01:56:24,977 [INFO    ] capture.log_capture: 1 eventos publicados en el stream 'moodle_logs'. Ultimo ID: 22328
2026-08-05 01:56:54,985 [INFO    ] capture.log_capture: 1 eventos publicados en el stream 'moodle_logs'. Ultimo ID: 22329
2026-08-05 01:57:14,991 [INFO    ] capture.log_capture: 1 eventos publicados en el stream 'moodle_logs'. Ultimo ID: 22330
2026-08-05 01:57:24,996 [INFO    ] capture.log_capture: 1 eventos publicados en el stream 'moodle_logs'. Ultimo ID: 22331
2026-08-05 01:57:55,089 [INFO    ] capture.log_capture: 2 eventos publicados en el stream 'moodle_logs'. Ultimo ID: 22333
2026-08-05 01:58:35,099 [INFO    ] capture.log_capture: 2 eventos publicados en el stream 'moodle_logs'. Ultimo ID: 22335
2026-08-05 01:58:55,107 [INFO    ] capture.log_capture: 3 eventos publicados en el stream 'moodle_logs'. Ultimo ID: 22338
2026-08-05 01:59:15,113 [INFO    ] capture.log_capture: 1 eventos publicados en el stream 'moodle_logs'. Ultimo ID: 22339
2026-08-05 01:59:25,118 [INFO    ] capture.log_capture: 2 eventos publicados en el stream 'moodle_logs'. Ultimo ID: 22341
2026-08-05 01:59:45,126 [INFO    ] capture.log_capture: 1 eventos publicados en el stream 'moodle_logs'. Ultimo ID: 22342
2026-08-05 02:00:15,135 [INFO    ] capture.log_capture: 1 eventos publicados en el stream 'moodle_logs'. Ultimo ID: 22343
2026-08-05 02:00:45,145 [INFO    ] capture.log_capture: 1 eventos publicados en el stream 'moodle_logs'. Ultimo ID: 22344
2026-08-05 02:00:55,626 [INFO    ] models.anomaly_detector: Isolation Forest reentrenado con 500 muestras.
2026-08-05 02:01:35,156 [INFO    ] capture.log_capture: 2 eventos publicados en el stream 'moodle_logs'. Ultimo ID: 22346
2026-08-05 02:02:05,164 [INFO    ] capture.log_capture: 1 eventos publicados en el stream 'moodle_logs'. Ultimo ID: 22347
2026-08-05 02:02:55,176 [INFO    ] capture.log_capture: 1 eventos publicados en el stream 'moodle_logs'. Ultimo ID: 22348
2026-08-05 02:03:15,183 [INFO    ] capture.log_capture: 1 eventos publicados en el stream 'moodle_logs'. Ultimo ID: 22349
2026-08-05 02:03:45,193 [INFO    ] capture.log_capture: 3 eventos publicados en el stream 'moodle_logs'. Ultimo ID: 22352
2026-08-05 02:04:05,198 [INFO    ] capture.log_capture: 1 eventos publicados en el stream 'moodle_logs'. Ultimo ID: 22353
2026-08-05 02:04:15,204 [INFO    ] capture.log_capture: 1 eventos publicados en el stream 'moodle_logs'. Ultimo ID: 22354
2026-08-05 02:04:45,212 [INFO    ] capture.log_capture: 1 eventos publicados en el stream 'moodle_logs'. Ultimo ID: 22355
2026-08-05 02:05:15,220 [INFO    ] capture.log_capture: 3 eventos publicados en el stream 'moodle_logs'. Ultimo ID: 22358
2026-08-05 02:05:35,227 [INFO    ] capture.log_capture: 4 eventos publicados en el stream 'moodle_logs'. Ultimo ID: 22362
2026-08-05 02:06:05,236 [INFO    ] capture.log_capture: 2 eventos publicados en el stream 'moodle_logs'. Ultimo ID: 22364
2026-08-05 02:06:35,245 [INFO    ] capture.log_capture: 7 eventos publicados en el stream 'moodle_logs'. Ultimo ID: 22371
2026-08-05 02:07:05,253 [INFO    ] capture.log_capture: 4 eventos publicados en el stream 'moodle_logs'. Ultimo ID: 22375
2026-08-05 02:07:55,265 [INFO    ] capture.log_capture: 2 eventos publicados en el stream 'moodle_logs'. Ultimo ID: 22377
2026-08-05 02:08:25,274 [INFO    ] capture.log_capture: 1 eventos publicados en el stream 'moodle_logs'. Ultimo ID: 22378
2026-08-05 02:08:45,280 [INFO    ] capture.log_capture: 1 eventos publicados en el stream 'moodle_logs'. Ultimo ID: 22379
2026-08-05 02:09:15,289 [INFO    ] capture.log_capture: 1 eventos publicados en el stream 'moodle_logs'. Ultimo ID: 22380
2026-08-05 02:09:35,295 [INFO    ] capture.log_capture: 1 eventos publicados en el stream 'moodle_logs'. Ultimo ID: 22381
2026-08-05 02:10:05,303 [INFO    ] capture.log_capture: 2 eventos publicados en el stream 'moodle_logs'. Ultimo ID: 22383
2026-08-05 02:10:35,313 [INFO    ] capture.log_capture: 3 eventos publicados en el stream 'moodle_logs'. Ultimo ID: 22386
2026-08-05 02:11:05,321 [INFO    ] capture.log_capture: 1 eventos publicados en el stream 'moodle_logs'. Ultimo ID: 22387
2026-08-05 02:11:35,330 [INFO    ] capture.log_capture: 1 eventos publicados en el stream 'moodle_logs'. Ultimo ID: 22388
2026-08-05 02:12:15,341 [INFO    ] capture.log_capture: 2 eventos publicados en el stream 'moodle_logs'. Ultimo ID: 22390
2026-08-05 02:12:45,350 [INFO    ] capture.log_capture: 2 eventos publicados en el stream 'moodle_logs'. Ultimo ID: 22392
2026-08-05 02:13:25,360 [INFO    ] capture.log_capture: 3 eventos publicados en el stream 'moodle_logs'. Ultimo ID: 22395
2026-08-05 02:13:55,370 [INFO    ] capture.log_capture: 2 eventos publicados en el stream 'moodle_logs'. Ultimo ID: 22397
2026-08-05 02:14:15,378 [INFO    ] capture.log_capture: 3 eventos publicados en el stream 'moodle_logs'. Ultimo ID: 22400
2026-08-05 02:14:45,387 [INFO    ] capture.log_capture: 3 eventos publicados en el stream 'moodle_logs'. Ultimo ID: 22403
2026-08-05 02:15:05,394 [INFO    ] capture.log_capture: 2 eventos publicados en el stream 'moodle_logs'. Ultimo ID: 22405
2026-08-05 02:15:35,403 [INFO    ] capture.log_capture: 1 eventos publicados en el stream 'moodle_logs'. Ultimo ID: 22406
2026-08-05 02:15:55,411 [INFO    ] capture.log_capture: 2 eventos publicados en el stream 'moodle_logs'. Ultimo ID: 22408
2026-08-05 02:16:55,427 [INFO    ] capture.log_capture: 1 eventos publicados en el stream 'moodle_logs'. Ultimo ID: 22409
2026-08-05 02:17:15,434 [INFO    ] capture.log_capture: 1 eventos publicados en el stream 'moodle_logs'. Ultimo ID: 22410
2026-08-05 02:17:45,442 [INFO    ] capture.log_capture: 2 eventos publicados en el stream 'moodle_logs'. Ultimo ID: 22412
2026-08-05 02:18:15,450 [INFO    ] capture.log_capture: 1 eventos publicados en el stream 'moodle_logs'. Ultimo ID: 22413
2026-08-05 02:18:35,457 [INFO    ] capture.log_capture: 1 eventos publicados en el stream 'moodle_logs'. Ultimo ID: 22414
2026-08-05 02:19:05,466 [INFO    ] capture.log_capture: 4 eventos publicados en el stream 'moodle_logs'. Ultimo ID: 22418
2026-08-05 02:19:35,475 [INFO    ] capture.log_capture: 2 eventos publicados en el stream 'moodle_logs'. Ultimo ID: 22420
2026-08-05 02:20:05,484 [INFO    ] capture.log_capture: 2 eventos publicados en el stream 'moodle_logs'. Ultimo ID: 22422
2026-08-05 02:20:35,493 [INFO    ] capture.log_capture: 4 eventos publicados en el stream 'moodle_logs'. Ultimo ID: 22426
2026-08-05 02:21:05,504 [INFO    ] capture.log_capture: 2 eventos publicados en el stream 'moodle_logs'. Ultimo ID: 22428
2026-08-05 02:21:35,513 [INFO    ] capture.log_capture: 3 eventos publicados en el stream 'moodle_logs'. Ultimo ID: 22431
2026-08-05 02:22:35,526 [INFO    ] capture.log_capture: 1 eventos publicados en el stream 'moodle_logs'. Ultimo ID: 22432
2026-08-05 02:24:15,545 [INFO    ] capture.log_capture: 1 eventos publicados en el stream 'moodle_logs'. Ultimo ID: 22433
2026-08-05 02:24:55,554 [INFO    ] capture.log_capture: 3 eventos publicados en el stream 'moodle_logs'. Ultimo ID: 22436
2026-08-05 02:25:15,565 [INFO    ] capture.log_capture: 5 eventos publicados en el stream 'moodle_logs'. Ultimo ID: 22441
2026-08-05 02:25:55,576 [INFO    ] capture.log_capture: 3 eventos publicados en el stream 'moodle_logs'. Ultimo ID: 22444
2026-08-05 02:26:55,591 [INFO    ] capture.log_capture: 1 eventos publicados en el stream 'moodle_logs'. Ultimo ID: 22445
2026-08-05 02:27:05,595 [INFO    ] capture.log_capture: 1 eventos publicados en el stream 'moodle_logs'. Ultimo ID: 22446
2026-08-05 02:27:35,605 [INFO    ] capture.log_capture: 1 eventos publicados en el stream 'moodle_logs'. Ultimo ID: 22447
2026-08-05 02:28:05,616 [INFO    ] capture.log_capture: 1 eventos publicados en el stream 'moodle_logs'. Ultimo ID: 22448
2026-08-05 02:28:25,621 [INFO    ] capture.log_capture: 1 eventos publicados en el stream 'moodle_logs'. Ultimo ID: 22449
2026-08-05 02:28:45,628 [INFO    ] capture.log_capture: 3 eventos publicados en el stream 'moodle_logs'. Ultimo ID: 22452
2026-08-05 02:29:25,641 [INFO    ] capture.log_capture: 3 eventos publicados en el stream 'moodle_logs'. Ultimo ID: 22455
2026-08-05 02:29:55,651 [INFO    ] capture.log_capture: 1 eventos publicados en el stream 'moodle_logs'. Ultimo ID: 22456
2026-08-05 02:30:25,661 [INFO    ] capture.log_capture: 1 eventos publicados en el stream 'moodle_logs'. Ultimo ID: 22457
2026-08-05 02:30:55,668 [INFO    ] capture.log_capture: 2 eventos publicados en el stream 'moodle_logs'. Ultimo ID: 22459
2026-08-05 02:31:55,683 [INFO    ] capture.log_capture: 3 eventos publicados en el stream 'moodle_logs'. Ultimo ID: 22462
2026-08-05 02:32:25,693 [INFO    ] capture.log_capture: 4 eventos publicados en el stream 'moodle_logs'. Ultimo ID: 22466
2026-08-05 02:32:55,702 [INFO    ] capture.log_capture: 2 eventos publicados en el stream 'moodle_logs'. Ultimo ID: 22468
2026-08-05 02:34:05,720 [INFO    ] capture.log_capture: 2 eventos publicados en el stream 'moodle_logs'. Ultimo ID: 22470
2026-08-05 02:34:25,726 [INFO    ] capture.log_capture: 1 eventos publicados en el stream 'moodle_logs'. Ultimo ID: 22471
2026-08-05 02:34:45,733 [INFO    ] capture.log_capture: 1 eventos publicados en el stream 'moodle_logs'. Ultimo ID: 22472
2026-08-05 02:35:05,740 [INFO    ] capture.log_capture: 2 eventos publicados en el stream 'moodle_logs'. Ultimo ID: 22474
2026-08-05 02:35:35,748 [INFO    ] capture.log_capture: 2 eventos publicados en el stream 'moodle_logs'. Ultimo ID: 22476
2026-08-05 02:35:45,753 [INFO    ] capture.log_capture: 4 eventos publicados en el stream 'moodle_logs'. Ultimo ID: 22480
2026-08-05 02:36:15,760 [INFO    ] capture.log_capture: 1 eventos publicados en el stream 'moodle_logs'. Ultimo ID: 22481
2026-08-05 02:36:45,768 [INFO    ] capture.log_capture: 1 eventos publicados en el stream 'moodle_logs'. Ultimo ID: 22482
2026-08-05 02:36:55,774 [INFO    ] capture.log_capture: 2 eventos publicados en el stream 'moodle_logs'. Ultimo ID: 22484
2026-08-05 02:37:25,784 [INFO    ] capture.log_capture: 2 eventos publicados en el stream 'moodle_logs'. Ultimo ID: 22486
2026-08-05 02:38:15,796 [INFO    ] capture.log_capture: 1 eventos publicados en el stream 'moodle_logs'. Ultimo ID: 22487
2026-08-05 02:38:35,804 [INFO    ] capture.log_capture: 4 eventos publicados en el stream 'moodle_logs'. Ultimo ID: 22491
2026-08-05 02:39:05,813 [INFO    ] capture.log_capture: 1 eventos publicados en el stream 'moodle_logs'. Ultimo ID: 22492
2026-08-05 02:39:35,822 [INFO    ] capture.log_capture: 2 eventos publicados en el stream 'moodle_logs'. Ultimo ID: 22494
2026-08-05 02:40:05,829 [INFO    ] capture.log_capture: 1 eventos publicados en el stream 'moodle_logs'. Ultimo ID: 22495
2026-08-05 02:40:35,838 [INFO    ] capture.log_capture: 1 eventos publicados en el stream 'moodle_logs'. Ultimo ID: 22496
2026-08-05 02:41:05,847 [INFO    ] capture.log_capture: 2 eventos publicados en el stream 'moodle_logs'. Ultimo ID: 22498
2026-08-05 02:41:35,856 [INFO    ] capture.log_capture: 5 eventos publicados en el stream 'moodle_logs'. Ultimo ID: 22503
2026-08-05 02:42:05,864 [INFO    ] capture.log_capture: 3 eventos publicados en el stream 'moodle_logs'. Ultimo ID: 22506
2026-08-05 02:42:35,874 [INFO    ] capture.log_capture: 1 eventos publicados en el stream 'moodle_logs'. Ultimo ID: 22507
2026-08-05 02:43:05,882 [INFO    ] capture.log_capture: 2 eventos publicados en el stream 'moodle_logs'. Ultimo ID: 22509
2026-08-05 02:43:35,891 [INFO    ] capture.log_capture: 5 eventos publicados en el stream 'moodle_logs'. Ultimo ID: 22514
2026-08-05 02:44:05,901 [INFO    ] capture.log_capture: 2 eventos publicados en el stream 'moodle_logs'. Ultimo ID: 22516
2026-08-05 02:44:35,912 [INFO    ] capture.log_capture: 3 eventos publicados en el stream 'moodle_logs'. Ultimo ID: 22519
2026-08-05 02:45:05,922 [INFO    ] capture.log_capture: 2 eventos publicados en el stream 'moodle_logs'. Ultimo ID: 22521
2026-08-05 02:45:45,931 [INFO    ] capture.log_capture: 4 eventos publicados en el stream 'moodle_logs'. Ultimo ID: 22525
2026-08-05 02:46:15,940 [INFO    ] capture.log_capture: 2 eventos publicados en el stream 'moodle_logs'. Ultimo ID: 22527
2026-08-05 02:47:15,953 [INFO    ] capture.log_capture: 2 eventos publicados en el stream 'moodle_logs'. Ultimo ID: 22529
2026-08-05 02:47:35,959 [INFO    ] capture.log_capture: 3 eventos publicados en el stream 'moodle_logs'. Ultimo ID: 22532
2026-08-05 02:48:15,969 [INFO    ] capture.log_capture: 1 eventos publicados en el stream 'moodle_logs'. Ultimo ID: 22533
2026-08-05 02:48:45,979 [INFO    ] capture.log_capture: 2 eventos publicados en el stream 'moodle_logs'. Ultimo ID: 22535
2026-08-05 02:49:15,988 [INFO    ] capture.log_capture: 1 eventos publicados en el stream 'moodle_logs'. Ultimo ID: 22536
2026-08-05 02:49:45,998 [INFO    ] capture.log_capture: 2 eventos publicados en el stream 'moodle_logs'. Ultimo ID: 22538
2026-08-05 02:50:26,011 [INFO    ] capture.log_capture: 3 eventos publicados en el stream 'moodle_logs'. Ultimo ID: 22541
2026-08-05 02:50:56,021 [INFO    ] capture.log_capture: 2 eventos publicados en el stream 'moodle_logs'. Ultimo ID: 22543
2026-08-05 02:51:26,031 [INFO    ] capture.log_capture: 2 eventos publicados en el stream 'moodle_logs'. Ultimo ID: 22545
2026-08-05 02:52:36,048 [INFO    ] capture.log_capture: 4 eventos publicados en el stream 'moodle_logs'. Ultimo ID: 22549
2026-08-05 02:52:56,055 [INFO    ] capture.log_capture: 4 eventos publicados en el stream 'moodle_logs'. Ultimo ID: 22553
2026-08-05 02:53:26,063 [INFO    ] capture.log_capture: 1 eventos publicados en el stream 'moodle_logs'. Ultimo ID: 22554
2026-08-05 02:54:06,073 [INFO    ] capture.log_capture: 3 eventos publicados en el stream 'moodle_logs'. Ultimo ID: 22557
2026-08-05 02:54:36,082 [INFO    ] capture.log_capture: 2 eventos publicados en el stream 'moodle_logs'. Ultimo ID: 22559
2026-08-05 02:55:06,091 [INFO    ] capture.log_capture: 2 eventos publicados en el stream 'moodle_logs'. Ultimo ID: 22561
2026-08-05 02:55:36,098 [INFO    ] capture.log_capture: 1 eventos publicados en el stream 'moodle_logs'. Ultimo ID: 22562
2026-08-05 02:56:16,110 [INFO    ] capture.log_capture: 2 eventos publicados en el stream 'moodle_logs'. Ultimo ID: 22564
2026-08-05 02:56:46,118 [INFO    ] capture.log_capture: 3 eventos publicados en el stream 'moodle_logs'. Ultimo ID: 22567
2026-08-05 02:57:06,126 [INFO    ] capture.log_capture: 2 eventos publicados en el stream 'moodle_logs'. Ultimo ID: 22569
2026-08-05 02:57:36,135 [INFO    ] capture.log_capture: 2 eventos publicados en el stream 'moodle_logs'. Ultimo ID: 22571
2026-08-05 02:57:56,142 [INFO    ] capture.log_capture: 3 eventos publicados en el stream 'moodle_logs'. Ultimo ID: 22574
2026-08-05 02:58:16,150 [INFO    ] capture.log_capture: 2 eventos publicados en el stream 'moodle_logs'. Ultimo ID: 22576
2026-08-05 02:58:26,155 [INFO    ] capture.log_capture: 1 eventos publicados en el stream 'moodle_logs'. Ultimo ID: 22577
2026-08-05 02:58:46,163 [INFO    ] capture.log_capture: 2 eventos publicados en el stream 'moodle_logs'. Ultimo ID: 22579
2026-08-05 02:59:26,175 [INFO    ] capture.log_capture: 2 eventos publicados en el stream 'moodle_logs'. Ultimo ID: 22581
2026-08-05 02:59:56,185 [INFO    ] capture.log_capture: 1 eventos publicados en el stream 'moodle_logs'. Ultimo ID: 22582
2026-08-05 03:00:26,194 [INFO    ] capture.log_capture: 3 eventos publicados en el stream 'moodle_logs'. Ultimo ID: 22585
2026-08-05 03:00:56,203 [INFO    ] capture.log_capture: 2 eventos publicados en el stream 'moodle_logs'. Ultimo ID: 22587
2026-08-05 03:01:16,212 [INFO    ] capture.log_capture: 1 eventos publicados en el stream 'moodle_logs'. Ultimo ID: 22588
2026-08-05 03:01:36,217 [INFO    ] capture.log_capture: 1 eventos publicados en el stream 'moodle_logs'. Ultimo ID: 22589
2026-08-05 03:01:46,222 [INFO    ] capture.log_capture: 1 eventos publicados en el stream 'moodle_logs'. Ultimo ID: 22590
2026-08-05 03:02:06,229 [INFO    ] capture.log_capture: 3 eventos publicados en el stream 'moodle_logs'. Ultimo ID: 22593
2026-08-05 03:02:36,239 [INFO    ] capture.log_capture: 1 eventos publicados en el stream 'moodle_logs'. Ultimo ID: 22594
2026-08-05 03:03:06,250 [INFO    ] capture.log_capture: 2 eventos publicados en el stream 'moodle_logs'. Ultimo ID: 22596
2026-08-05 03:03:36,261 [INFO    ] capture.log_capture: 1 eventos publicados en el stream 'moodle_logs'. Ultimo ID: 22597
2026-08-05 03:04:06,270 [INFO    ] capture.log_capture: 2 eventos publicados en el stream 'moodle_logs'. Ultimo ID: 22599
2026-08-05 03:04:46,281 [INFO    ] capture.log_capture: 4 eventos publicados en el stream 'moodle_logs'. Ultimo ID: 22603
2026-08-05 03:05:06,290 [INFO    ] capture.log_capture: 2 eventos publicados en el stream 'moodle_logs'. Ultimo ID: 22605
2026-08-05 03:06:06,305 [INFO    ] capture.log_capture: 4 eventos publicados en el stream 'moodle_logs'. Ultimo ID: 22609
2026-08-05 03:06:36,315 [INFO    ] capture.log_capture: 5 eventos publicados en el stream 'moodle_logs'. Ultimo ID: 22614
2026-08-05 03:07:06,324 [INFO    ] capture.log_capture: 1 eventos publicados en el stream 'moodle_logs'. Ultimo ID: 22615
2026-08-05 03:07:36,334 [INFO    ] capture.log_capture: 2 eventos publicados en el stream 'moodle_logs'. Ultimo ID: 22617
2026-08-05 03:08:06,341 [INFO    ] capture.log_capture: 1 eventos publicados en el stream 'moodle_logs'. Ultimo ID: 22618
2026-08-05 03:08:36,352 [INFO    ] capture.log_capture: 3 eventos publicados en el stream 'moodle_logs'. Ultimo ID: 22621
2026-08-05 03:09:06,363 [INFO    ] capture.log_capture: 3 eventos publicados en el stream 'moodle_logs'. Ultimo ID: 22624
2026-08-05 03:09:26,370 [INFO    ] capture.log_capture: 1 eventos publicados en el stream 'moodle_logs'. Ultimo ID: 22625
2026-08-05 03:09:36,375 [INFO    ] capture.log_capture: 1 eventos publicados en el stream 'moodle_logs'. Ultimo ID: 22626
2026-08-05 03:09:56,384 [INFO    ] capture.log_capture: 4 eventos publicados en el stream 'moodle_logs'. Ultimo ID: 22630
2026-08-05 03:10:26,394 [INFO    ] capture.log_capture: 5 eventos publicados en el stream 'moodle_logs'. Ultimo ID: 22635
2026-08-05 03:10:56,402 [INFO    ] capture.log_capture: 4 eventos publicados en el stream 'moodle_logs'. Ultimo ID: 22639
2026-08-05 03:11:26,411 [INFO    ] capture.log_capture: 2 eventos publicados en el stream 'moodle_logs'. Ultimo ID: 22641
2026-08-05 03:12:06,425 [INFO    ] capture.log_capture: 5 eventos publicados en el stream 'moodle_logs'. Ultimo ID: 22646
2026-08-05 03:12:46,435 [INFO    ] capture.log_capture: 1 eventos publicados en el stream 'moodle_logs'. Ultimo ID: 22647
2026-08-05 03:13:16,443 [INFO    ] capture.log_capture: 3 eventos publicados en el stream 'moodle_logs'. Ultimo ID: 22650
2026-08-05 03:13:46,451 [INFO    ] capture.log_capture: 1 eventos publicados en el stream 'moodle_logs'. Ultimo ID: 22651
2026-08-05 03:14:16,460 [INFO    ] capture.log_capture: 1 eventos publicados en el stream 'moodle_logs'. Ultimo ID: 22652
2026-08-05 03:14:46,469 [INFO    ] capture.log_capture: 1 eventos publicados en el stream 'moodle_logs'. Ultimo ID: 22653
2026-08-05 03:15:06,475 [INFO    ] capture.log_capture: 2 eventos publicados en el stream 'moodle_logs'. Ultimo ID: 22655
2026-08-05 03:15:16,479 [INFO    ] capture.log_capture: 1 eventos publicados en el stream 'moodle_logs'. Ultimo ID: 22656
2026-08-05 03:15:36,487 [INFO    ] capture.log_capture: 3 eventos publicados en el stream 'moodle_logs'. Ultimo ID: 22659
2026-08-05 03:16:06,496 [INFO    ] capture.log_capture: 3 eventos publicados en el stream 'moodle_logs'. Ultimo ID: 22662
2026-08-05 03:16:26,503 [INFO    ] capture.log_capture: 2 eventos publicados en el stream 'moodle_logs'. Ultimo ID: 22664
2026-08-05 03:16:56,513 [INFO    ] capture.log_capture: 1 eventos publicados en el stream 'moodle_logs'. Ultimo ID: 22665
2026-08-05 03:17:16,520 [INFO    ] capture.log_capture: 1 eventos publicados en el stream 'moodle_logs'. Ultimo ID: 22666
2026-08-05 03:17:26,525 [INFO    ] capture.log_capture: 5 eventos publicados en el stream 'moodle_logs'. Ultimo ID: 22671
2026-08-05 03:17:56,534 [INFO    ] capture.log_capture: 4 eventos publicados en el stream 'moodle_logs'. Ultimo ID: 22675
2026-08-05 03:18:36,546 [INFO    ] capture.log_capture: 1 eventos publicados en el stream 'moodle_logs'. Ultimo ID: 22676
2026-08-05 03:19:06,555 [INFO    ] capture.log_capture: 2 eventos publicados en el stream 'moodle_logs'. Ultimo ID: 22678
2026-08-05 03:19:26,560 [INFO    ] capture.log_capture: 2 eventos publicados en el stream 'moodle_logs'. Ultimo ID: 22680
2026-08-05 03:19:46,567 [INFO    ] capture.log_capture: 2 eventos publicados en el stream 'moodle_logs'. Ultimo ID: 22682
2026-08-05 03:19:56,572 [INFO    ] capture.log_capture: 1 eventos publicados en el stream 'moodle_logs'. Ultimo ID: 22683
2026-08-05 03:20:16,577 [INFO    ] capture.log_capture: 1 eventos publicados en el stream 'moodle_logs'. Ultimo ID: 22684
2026-08-05 03:20:56,588 [INFO    ] capture.log_capture: 4 eventos publicados en el stream 'moodle_logs'. Ultimo ID: 22688
2026-08-05 03:21:16,595 [INFO    ] capture.log_capture: 1 eventos publicados en el stream 'moodle_logs'. Ultimo ID: 22689
2026-08-05 03:21:56,606 [INFO    ] capture.log_capture: 4 eventos publicados en el stream 'moodle_logs'. Ultimo ID: 22693
2026-08-05 03:22:26,615 [INFO    ] capture.log_capture: 3 eventos publicados en el stream 'moodle_logs'. Ultimo ID: 22696
2026-08-05 03:22:46,620 [INFO    ] capture.log_capture: 1 eventos publicados en el stream 'moodle_logs'. Ultimo ID: 22697
2026-08-05 03:23:16,628 [INFO    ] capture.log_capture: 1 eventos publicados en el stream 'moodle_logs'. Ultimo ID: 22698
2026-08-05 03:23:46,638 [INFO    ] capture.log_capture: 3 eventos publicados en el stream 'moodle_logs'. Ultimo ID: 22701
2026-08-05 03:24:06,644 [INFO    ] capture.log_capture: 2 eventos publicados en el stream 'moodle_logs'. Ultimo ID: 22703
2026-08-05 03:24:46,655 [INFO    ] capture.log_capture: 3 eventos publicados en el stream 'moodle_logs'. Ultimo ID: 22706
2026-08-05 03:25:16,664 [INFO    ] capture.log_capture: 1 eventos publicados en el stream 'moodle_logs'. Ultimo ID: 22707
2026-08-05 03:25:46,673 [INFO    ] capture.log_capture: 2 eventos publicados en el stream 'moodle_logs'. Ultimo ID: 22709
2026-08-05 03:26:26,685 [INFO    ] capture.log_capture: 5 eventos publicados en el stream 'moodle_logs'. Ultimo ID: 22714
2026-08-05 03:26:56,695 [INFO    ] capture.log_capture: 3 eventos publicados en el stream 'moodle_logs'. Ultimo ID: 22717
2026-08-05 03:27:26,703 [INFO    ] capture.log_capture: 2 eventos publicados en el stream 'moodle_logs'. Ultimo ID: 22719
2026-08-05 03:27:46,711 [INFO    ] capture.log_capture: 4 eventos publicados en el stream 'moodle_logs'. Ultimo ID: 22723
2026-08-05 03:28:16,720 [INFO    ] capture.log_capture: 4 eventos publicados en el stream 'moodle_logs'. Ultimo ID: 22727
2026-08-05 03:28:46,729 [INFO    ] capture.log_capture: 3 eventos publicados en el stream 'moodle_logs'. Ultimo ID: 22730
2026-08-05 03:29:16,736 [INFO    ] capture.log_capture: 1 eventos publicados en el stream 'moodle_logs'. Ultimo ID: 22731
2026-08-05 03:29:36,744 [INFO    ] capture.log_capture: 4 eventos publicados en el stream 'moodle_logs'. Ultimo ID: 22735
2026-08-05 03:30:06,753 [INFO    ] capture.log_capture: 1 eventos publicados en el stream 'moodle_logs'. Ultimo ID: 22736
2026-08-05 03:30:36,761 [INFO    ] capture.log_capture: 1 eventos publicados en el stream 'moodle_logs'. Ultimo ID: 22737
2026-08-05 03:31:16,772 [INFO    ] capture.log_capture: 2 eventos publicados en el stream 'moodle_logs'. Ultimo ID: 22739
2026-08-05 03:31:36,777 [INFO    ] capture.log_capture: 3 eventos publicados en el stream 'moodle_logs'. Ultimo ID: 22742
2026-08-05 03:31:46,782 [INFO    ] capture.log_capture: 3 eventos publicados en el stream 'moodle_logs'. Ultimo ID: 22745
2026-08-05 03:32:16,790 [INFO    ] capture.log_capture: 3 eventos publicados en el stream 'moodle_logs'. Ultimo ID: 22748
2026-08-05 03:33:26,807 [INFO    ] capture.log_capture: 1 eventos publicados en el stream 'moodle_logs'. Ultimo ID: 22749
2026-08-05 03:33:56,816 [INFO    ] capture.log_capture: 4 eventos publicados en el stream 'moodle_logs'. Ultimo ID: 22753
2026-08-05 03:34:26,824 [INFO    ] capture.log_capture: 1 eventos publicados en el stream 'moodle_logs'. Ultimo ID: 22754
2026-08-05 03:34:36,827 [INFO    ] capture.log_capture: 2 eventos publicados en el stream 'moodle_logs'. Ultimo ID: 22756
2026-08-05 03:34:56,835 [INFO    ] capture.log_capture: 3 eventos publicados en el stream 'moodle_logs'. Ultimo ID: 22759
2026-08-05 03:35:26,843 [INFO    ] capture.log_capture: 1 eventos publicados en el stream 'moodle_logs'. Ultimo ID: 22760
2026-08-05 03:35:36,848 [INFO    ] capture.log_capture: 1 eventos publicados en el stream 'moodle_logs'. Ultimo ID: 22761
2026-08-05 03:35:56,855 [INFO    ] capture.log_capture: 1 eventos publicados en el stream 'moodle_logs'. Ultimo ID: 22762
2026-08-05 03:36:16,864 [INFO    ] capture.log_capture: 3 eventos publicados en el stream 'moodle_logs'. Ultimo ID: 22765
2026-08-05 03:36:56,875 [INFO    ] capture.log_capture: 3 eventos publicados en el stream 'moodle_logs'. Ultimo ID: 22768
2026-08-05 03:37:16,881 [INFO    ] capture.log_capture: 3 eventos publicados en el stream 'moodle_logs'. Ultimo ID: 22771
2026-08-05 03:37:26,885 [INFO    ] capture.log_capture: 1 eventos publicados en el stream 'moodle_logs'. Ultimo ID: 22772
2026-08-05 03:37:56,894 [INFO    ] capture.log_capture: 4 eventos publicados en el stream 'moodle_logs'. Ultimo ID: 22776
2026-08-05 03:38:16,900 [INFO    ] capture.log_capture: 1 eventos publicados en el stream 'moodle_logs'. Ultimo ID: 22777
2026-08-05 03:39:16,916 [INFO    ] capture.log_capture: 4 eventos publicados en el stream 'moodle_logs'. Ultimo ID: 22781
2026-08-05 03:39:46,925 [INFO    ] capture.log_capture: 3 eventos publicados en el stream 'moodle_logs'. Ultimo ID: 22784
2026-08-05 03:40:16,932 [INFO    ] capture.log_capture: 5 eventos publicados en el stream 'moodle_logs'. Ultimo ID: 22789
2026-08-05 03:40:46,941 [INFO    ] capture.log_capture: 2 eventos publicados en el stream 'moodle_logs'. Ultimo ID: 22791
2026-08-05 03:41:16,950 [INFO    ] capture.log_capture: 2 eventos publicados en el stream 'moodle_logs'. Ultimo ID: 22793
2026-08-05 03:41:46,958 [INFO    ] capture.log_capture: 3 eventos publicados en el stream 'moodle_logs'. Ultimo ID: 22796
2026-08-05 03:42:26,968 [INFO    ] capture.log_capture: 4 eventos publicados en el stream 'moodle_logs'. Ultimo ID: 22800
2026-08-05 03:42:56,977 [INFO    ] capture.log_capture: 3 eventos publicados en el stream 'moodle_logs'. Ultimo ID: 22803
2026-08-05 03:43:36,988 [INFO    ] capture.log_capture: 2 eventos publicados en el stream 'moodle_logs'. Ultimo ID: 22805
2026-08-05 03:44:06,998 [INFO    ] capture.log_capture: 2 eventos publicados en el stream 'moodle_logs'. Ultimo ID: 22807
2026-08-05 03:44:37,006 [INFO    ] capture.log_capture: 1 eventos publicados en el stream 'moodle_logs'. Ultimo ID: 22808
2026-08-05 03:44:57,013 [INFO    ] capture.log_capture: 1 eventos publicados en el stream 'moodle_logs'. Ultimo ID: 22809
2026-08-05 03:45:27,023 [INFO    ] capture.log_capture: 6 eventos publicados en el stream 'moodle_logs'. Ultimo ID: 22815
2026-08-05 03:45:57,031 [INFO    ] capture.log_capture: 3 eventos publicados en el stream 'moodle_logs'. Ultimo ID: 22818
2026-08-05 03:46:27,042 [INFO    ] capture.log_capture: 5 eventos publicados en el stream 'moodle_logs'. Ultimo ID: 22823
2026-08-05 03:47:17,054 [INFO    ] capture.log_capture: 2 eventos publicados en el stream 'moodle_logs'. Ultimo ID: 22825
2026-08-05 03:47:47,061 [INFO    ] capture.log_capture: 2 eventos publicados en el stream 'moodle_logs'. Ultimo ID: 22827
2026-08-05 03:48:07,067 [INFO    ] capture.log_capture: 2 eventos publicados en el stream 'moodle_logs'. Ultimo ID: 22829
2026-08-05 03:48:27,072 [INFO    ] capture.log_capture: 2 eventos publicados en el stream 'moodle_logs'. Ultimo ID: 22831
2026-08-05 03:48:37,076 [INFO    ] capture.log_capture: 2 eventos publicados en el stream 'moodle_logs'. Ultimo ID: 22833
2026-08-05 03:49:07,083 [INFO    ] capture.log_capture: 3 eventos publicados en el stream 'moodle_logs'. Ultimo ID: 22836
2026-08-05 03:49:37,090 [INFO    ] capture.log_capture: 2 eventos publicados en el stream 'moodle_logs'. Ultimo ID: 22838
2026-08-05 03:50:07,097 [INFO    ] capture.log_capture: 2 eventos publicados en el stream 'moodle_logs'. Ultimo ID: 22840
2026-08-05 03:50:57,110 [INFO    ] capture.log_capture: 3 eventos publicados en el stream 'moodle_logs'. Ultimo ID: 22843
2026-08-05 03:51:27,119 [INFO    ] capture.log_capture: 1 eventos publicados en el stream 'moodle_logs'. Ultimo ID: 22844
2026-08-05 03:51:37,124 [INFO    ] capture.log_capture: 2 eventos publicados en el stream 'moodle_logs'. Ultimo ID: 22846
2026-08-05 03:51:57,131 [INFO    ] capture.log_capture: 2 eventos publicados en el stream 'moodle_logs'. Ultimo ID: 22848
2026-08-05 03:52:27,141 [INFO    ] capture.log_capture: 4 eventos publicados en el stream 'moodle_logs'. Ultimo ID: 22852
2026-08-05 03:52:57,150 [INFO    ] capture.log_capture: 4 eventos publicados en el stream 'moodle_logs'. Ultimo ID: 22856
2026-08-05 03:53:27,157 [INFO    ] capture.log_capture: 2 eventos publicados en el stream 'moodle_logs'. Ultimo ID: 22858
2026-08-05 03:53:57,167 [INFO    ] capture.log_capture: 3 eventos publicados en el stream 'moodle_logs'. Ultimo ID: 22861
2026-08-05 03:54:27,176 [INFO    ] capture.log_capture: 4 eventos publicados en el stream 'moodle_logs'. Ultimo ID: 22865
2026-08-05 03:54:47,182 [INFO    ] capture.log_capture: 3 eventos publicados en el stream 'moodle_logs'. Ultimo ID: 22868
2026-08-05 03:55:17,191 [INFO    ] capture.log_capture: 1 eventos publicados en el stream 'moodle_logs'. Ultimo ID: 22869
2026-08-05 03:55:47,199 [INFO    ] capture.log_capture: 1 eventos publicados en el stream 'moodle_logs'. Ultimo ID: 22870
2026-08-05 03:56:27,211 [INFO    ] capture.log_capture: 2 eventos publicados en el stream 'moodle_logs'. Ultimo ID: 22872
2026-08-05 03:56:57,218 [INFO    ] capture.log_capture: 2 eventos publicados en el stream 'moodle_logs'. Ultimo ID: 22874
2026-08-05 03:57:37,228 [INFO    ] capture.log_capture: 4 eventos publicados en el stream 'moodle_logs'. Ultimo ID: 22878
2026-08-05 03:58:07,237 [INFO    ] capture.log_capture: 1 eventos publicados en el stream 'moodle_logs'. Ultimo ID: 22879
2026-08-05 03:58:37,244 [INFO    ] capture.log_capture: 1 eventos publicados en el stream 'moodle_logs'. Ultimo ID: 22880
2026-08-05 03:59:07,251 [INFO    ] capture.log_capture: 3 eventos publicados en el stream 'moodle_logs'. Ultimo ID: 22883
2026-08-05 03:59:27,259 [INFO    ] capture.log_capture: 4 eventos publicados en el stream 'moodle_logs'. Ultimo ID: 22887
2026-08-05 03:59:57,268 [INFO    ] capture.log_capture: 2 eventos publicados en el stream 'moodle_logs'. Ultimo ID: 22889
2026-08-05 04:00:27,278 [INFO    ] capture.log_capture: 4 eventos publicados en el stream 'moodle_logs'. Ultimo ID: 22893
2026-08-05 04:00:57,288 [INFO    ] capture.log_capture: 2 eventos publicados en el stream 'moodle_logs'. Ultimo ID: 22895
2026-08-05 04:01:27,298 [INFO    ] capture.log_capture: 3 eventos publicados en el stream 'moodle_logs'. Ultimo ID: 22898
2026-08-05 04:01:35,560 [WARNING ] drift.concept_drift_detector: Concept drift detected: error_rate, confidence: 51.94%
2026-08-05 04:01:57,306 [INFO    ] capture.log_capture: 1 eventos publicados en el stream 'moodle_logs'. Ultimo ID: 22899
2026-08-05 04:02:17,313 [INFO    ] capture.log_capture: 4 eventos publicados en el stream 'moodle_logs'. Ultimo ID: 22903
2026-08-05 04:02:47,323 [INFO    ] capture.log_capture: 3 eventos publicados en el stream 'moodle_logs'. Ultimo ID: 22906
2026-08-05 04:03:17,331 [INFO    ] capture.log_capture: 1 eventos publicados en el stream 'moodle_logs'. Ultimo ID: 22907
2026-08-05 04:03:27,336 [INFO    ] capture.log_capture: 1 eventos publicados en el stream 'moodle_logs'. Ultimo ID: 22908
2026-08-05 04:03:47,344 [INFO    ] capture.log_capture: 1 eventos publicados en el stream 'moodle_logs'. Ultimo ID: 22909
2026-08-05 04:04:17,354 [INFO    ] capture.log_capture: 1 eventos publicados en el stream 'moodle_logs'. Ultimo ID: 22910
2026-08-05 04:04:47,362 [INFO    ] capture.log_capture: 1 eventos publicados en el stream 'moodle_logs'. Ultimo ID: 22911
2026-08-05 04:05:07,370 [INFO    ] capture.log_capture: 2 eventos publicados en el stream 'moodle_logs'. Ultimo ID: 22913
2026-08-05 04:05:37,378 [INFO    ] capture.log_capture: 1 eventos publicados en el stream 'moodle_logs'. Ultimo ID: 22914
2026-08-05 04:05:47,384 [INFO    ] capture.log_capture: 4 eventos publicados en el stream 'moodle_logs'. Ultimo ID: 22918
2026-08-05 04:06:07,391 [INFO    ] capture.log_capture: 1 eventos publicados en el stream 'moodle_logs'. Ultimo ID: 22919
2026-08-05 04:06:17,396 [INFO    ] capture.log_capture: 1 eventos publicados en el stream 'moodle_logs'. Ultimo ID: 22920
2026-08-05 04:06:37,403 [INFO    ] capture.log_capture: 4 eventos publicados en el stream 'moodle_logs'. Ultimo ID: 22924
2026-08-05 04:07:07,412 [INFO    ] capture.log_capture: 2 eventos publicados en el stream 'moodle_logs'. Ultimo ID: 22926
2026-08-05 04:07:27,418 [INFO    ] capture.log_capture: 4 eventos publicados en el stream 'moodle_logs'. Ultimo ID: 22930
2026-08-05 04:08:17,432 [INFO    ] capture.log_capture: 2 eventos publicados en el stream 'moodle_logs'. Ultimo ID: 22932
2026-08-05 04:08:47,443 [INFO    ] capture.log_capture: 1 eventos publicados en el stream 'moodle_logs'. Ultimo ID: 22933
2026-08-05 04:09:07,451 [INFO    ] capture.log_capture: 1 eventos publicados en el stream 'moodle_logs'. Ultimo ID: 22934
2026-08-05 04:09:47,463 [INFO    ] capture.log_capture: 3 eventos publicados en el stream 'moodle_logs'. Ultimo ID: 22937
2026-08-05 04:10:17,473 [INFO    ] capture.log_capture: 1 eventos publicados en el stream 'moodle_logs'. Ultimo ID: 22938
2026-08-05 04:10:37,479 [INFO    ] capture.log_capture: 1 eventos publicados en el stream 'moodle_logs'. Ultimo ID: 22939
2026-08-05 04:10:47,485 [INFO    ] capture.log_capture: 3 eventos publicados en el stream 'moodle_logs'. Ultimo ID: 22942
2026-08-05 04:11:07,490 [INFO    ] capture.log_capture: 1 eventos publicados en el stream 'moodle_logs'. Ultimo ID: 22943
2026-08-05 04:11:47,504 [INFO    ] capture.log_capture: 3 eventos publicados en el stream 'moodle_logs'. Ultimo ID: 22946
2026-08-05 04:12:37,519 [INFO    ] capture.log_capture: 1 eventos publicados en el stream 'moodle_logs'. Ultimo ID: 22947
2026-08-05 04:13:07,531 [INFO    ] capture.log_capture: 3 eventos publicados en el stream 'moodle_logs'. Ultimo ID: 22950
2026-08-05 04:13:47,543 [INFO    ] capture.log_capture: 1 eventos publicados en el stream 'moodle_logs'. Ultimo ID: 22951
2026-08-05 04:14:07,551 [INFO    ] capture.log_capture: 1 eventos publicados en el stream 'moodle_logs'. Ultimo ID: 22952
2026-08-05 04:14:37,562 [INFO    ] capture.log_capture: 4 eventos publicados en el stream 'moodle_logs'. Ultimo ID: 22956
2026-08-05 04:15:17,573 [INFO    ] capture.log_capture: 2 eventos publicados en el stream 'moodle_logs'. Ultimo ID: 22958
2026-08-05 04:15:37,578 [INFO    ] capture.log_capture: 1 eventos publicados en el stream 'moodle_logs'. Ultimo ID: 22959
2026-08-05 04:15:47,583 [INFO    ] capture.log_capture: 1 eventos publicados en el stream 'moodle_logs'. Ultimo ID: 22960
2026-08-05 04:16:07,590 [INFO    ] capture.log_capture: 3 eventos publicados en el stream 'moodle_logs'. Ultimo ID: 22963
2026-08-05 04:16:37,601 [INFO    ] capture.log_capture: 2 eventos publicados en el stream 'moodle_logs'. Ultimo ID: 22965
2026-08-05 04:17:07,609 [INFO    ] capture.log_capture: 2 eventos publicados en el stream 'moodle_logs'. Ultimo ID: 22967
2026-08-05 04:17:47,621 [INFO    ] capture.log_capture: 1 eventos publicados en el stream 'moodle_logs'. Ultimo ID: 22968
2026-08-05 04:18:17,631 [INFO    ] capture.log_capture: 2 eventos publicados en el stream 'moodle_logs'. Ultimo ID: 22970
2026-08-05 04:18:37,638 [INFO    ] capture.log_capture: 2 eventos publicados en el stream 'moodle_logs'. Ultimo ID: 22972
2026-08-05 04:18:57,645 [INFO    ] capture.log_capture: 2 eventos publicados en el stream 'moodle_logs'. Ultimo ID: 22974
2026-08-05 04:19:17,656 [INFO    ] capture.log_capture: 4 eventos publicados en el stream 'moodle_logs'. Ultimo ID: 22978
2026-08-05 04:19:47,664 [INFO    ] capture.log_capture: 1 eventos publicados en el stream 'moodle_logs'. Ultimo ID: 22979
2026-08-05 04:20:07,671 [INFO    ] capture.log_capture: 2 eventos publicados en el stream 'moodle_logs'. Ultimo ID: 22981
2026-08-05 04:20:37,679 [INFO    ] capture.log_capture: 3 eventos publicados en el stream 'moodle_logs'. Ultimo ID: 22984
2026-08-05 04:21:07,688 [INFO    ] capture.log_capture: 3 eventos publicados en el stream 'moodle_logs'. Ultimo ID: 22987
2026-08-05 04:21:17,692 [INFO    ] capture.log_capture: 1 eventos publicados en el stream 'moodle_logs'. Ultimo ID: 22988
2026-08-05 04:21:37,700 [INFO    ] capture.log_capture: 3 eventos publicados en el stream 'moodle_logs'. Ultimo ID: 22991
2026-08-05 04:22:37,716 [INFO    ] capture.log_capture: 2 eventos publicados en el stream 'moodle_logs'. Ultimo ID: 22993
2026-08-05 04:23:07,724 [INFO    ] capture.log_capture: 3 eventos publicados en el stream 'moodle_logs'. Ultimo ID: 22996
2026-08-05 04:23:27,732 [INFO    ] capture.log_capture: 2 eventos publicados en el stream 'moodle_logs'. Ultimo ID: 22998
2026-08-05 04:24:07,742 [INFO    ] capture.log_capture: 2 eventos publicados en el stream 'moodle_logs'. Ultimo ID: 23000
2026-08-05 04:24:27,750 [INFO    ] capture.log_capture: 3 eventos publicados en el stream 'moodle_logs'. Ultimo ID: 23003
2026-08-05 04:25:07,763 [INFO    ] capture.log_capture: 6 eventos publicados en el stream 'moodle_logs'. Ultimo ID: 23009
2026-08-05 04:25:27,771 [INFO    ] capture.log_capture: 3 eventos publicados en el stream 'moodle_logs'. Ultimo ID: 23012
2026-08-05 04:25:57,780 [INFO    ] capture.log_capture: 2 eventos publicados en el stream 'moodle_logs'. Ultimo ID: 23014
2026-08-05 04:26:37,789 [INFO    ] capture.log_capture: 5 eventos publicados en el stream 'moodle_logs'. Ultimo ID: 23019
2026-08-05 04:27:07,799 [INFO    ] capture.log_capture: 4 eventos publicados en el stream 'moodle_logs'. Ultimo ID: 23023
2026-08-05 04:27:37,807 [INFO    ] capture.log_capture: 3 eventos publicados en el stream 'moodle_logs'. Ultimo ID: 23026
2026-08-05 04:27:47,812 [INFO    ] capture.log_capture: 1 eventos publicados en el stream 'moodle_logs'. Ultimo ID: 23027
2026-08-05 04:28:07,819 [INFO    ] capture.log_capture: 3 eventos publicados en el stream 'moodle_logs'. Ultimo ID: 23030
2026-08-05 04:28:37,827 [INFO    ] capture.log_capture: 1 eventos publicados en el stream 'moodle_logs'. Ultimo ID: 23031
2026-08-05 04:29:07,836 [INFO    ] capture.log_capture: 1 eventos publicados en el stream 'moodle_logs'. Ultimo ID: 23032
2026-08-05 04:29:27,842 [INFO    ] capture.log_capture: 1 eventos publicados en el stream 'moodle_logs'. Ultimo ID: 23033
2026-08-05 04:29:57,852 [INFO    ] capture.log_capture: 3 eventos publicados en el stream 'moodle_logs'. Ultimo ID: 23036
2026-08-05 04:30:17,861 [INFO    ] capture.log_capture: 5 eventos publicados en el stream 'moodle_logs'. Ultimo ID: 23041
2026-08-05 04:30:47,870 [INFO    ] capture.log_capture: 2 eventos publicados en el stream 'moodle_logs'. Ultimo ID: 23043
2026-08-05 04:31:17,879 [INFO    ] capture.log_capture: 2 eventos publicados en el stream 'moodle_logs'. Ultimo ID: 23045
2026-08-05 04:32:17,892 [INFO    ] capture.log_capture: 1 eventos publicados en el stream 'moodle_logs'. Ultimo ID: 23046
2026-08-05 04:32:47,902 [INFO    ] capture.log_capture: 2 eventos publicados en el stream 'moodle_logs'. Ultimo ID: 23048
2026-08-05 04:33:17,911 [INFO    ] capture.log_capture: 1 eventos publicados en el stream 'moodle_logs'. Ultimo ID: 23049
2026-08-05 04:33:47,920 [INFO    ] capture.log_capture: 2 eventos publicados en el stream 'moodle_logs'. Ultimo ID: 23051
2026-08-05 04:34:17,641 [INFO    ] models.arima_model: ARIMA((2, 1, 2))x((1, 1, 1, 24)) entrenado con 652 muestras.
2026-08-05 04:34:17,969 [INFO    ] capture.log_capture: 3 eventos publicados en el stream 'moodle_logs'. Ultimo ID: 23054
2026-08-05 04:34:37,978 [INFO    ] capture.log_capture: 2 eventos publicados en el stream 'moodle_logs'. Ultimo ID: 23056
2026-08-05 04:35:07,988 [INFO    ] capture.log_capture: 1 eventos publicados en el stream 'moodle_logs'. Ultimo ID: 23057
2026-08-05 04:35:37,998 [INFO    ] capture.log_capture: 1 eventos publicados en el stream 'moodle_logs'. Ultimo ID: 23058
2026-08-05 04:36:08,007 [INFO    ] capture.log_capture: 3 eventos publicados en el stream 'moodle_logs'. Ultimo ID: 23061
2026-08-05 04:36:38,019 [INFO    ] capture.log_capture: 4 eventos publicados en el stream 'moodle_logs'. Ultimo ID: 23065
2026-08-05 04:37:04,487 [WARNING ] drift.concept_drift_detector: Concept drift detected: distribution, confidence: 58.39%
2026-08-05 04:37:08,030 [INFO    ] capture.log_capture: 3 eventos publicados en el stream 'moodle_logs'. Ultimo ID: 23068
2026-08-05 04:38:04,846 [WARNING ] drift.concept_drift_detector: Concept drift detected: distribution, confidence: 68.47%
2026-08-05 04:38:08,047 [INFO    ] capture.log_capture: 3 eventos publicados en el stream 'moodle_logs'. Ultimo ID: 23071
2026-08-05 04:38:48,056 [INFO    ] capture.log_capture: 1 eventos publicados en el stream 'moodle_logs'. Ultimo ID: 23072
2026-08-05 04:39:06,410 [WARNING ] drift.concept_drift_detector: Concept drift detected: distribution, confidence: 79.06%
2026-08-05 04:39:08,063 [INFO    ] capture.log_capture: 3 eventos publicados en el stream 'moodle_logs'. Ultimo ID: 23075
2026-08-05 04:39:38,072 [INFO    ] capture.log_capture: 3 eventos publicados en el stream 'moodle_logs'. Ultimo ID: 23078
2026-08-05 04:39:58,080 [INFO    ] capture.log_capture: 3 eventos publicados en el stream 'moodle_logs'. Ultimo ID: 23081
2026-08-05 04:40:08,408 [WARNING ] drift.concept_drift_detector: Concept drift detected: distribution, confidence: 90.57%
2026-08-05 04:40:28,091 [INFO    ] capture.log_capture: 2 eventos publicados en el stream 'moodle_logs'. Ultimo ID: 23083
2026-08-05 04:40:58,099 [INFO    ] capture.log_capture: 1 eventos publicados en el stream 'moodle_logs'. Ultimo ID: 23084
2026-08-05 04:41:10,372 [WARNING ] drift.concept_drift_detector: Concept drift detected: distribution, confidence: 100.00%
2026-08-05 04:41:18,105 [INFO    ] capture.log_capture: 2 eventos publicados en el stream 'moodle_logs'. Ultimo ID: 23086
2026-08-05 04:41:28,109 [INFO    ] capture.log_capture: 1 eventos publicados en el stream 'moodle_logs'. Ultimo ID: 23087
2026-08-05 04:41:58,119 [INFO    ] capture.log_capture: 4 eventos publicados en el stream 'moodle_logs'. Ultimo ID: 23091
2026-08-05 04:42:10,423 [WARNING ] drift.concept_drift_detector: Concept drift detected: distribution, confidence: 100.00%
2026-08-05 04:42:48,131 [INFO    ] capture.log_capture: 3 eventos publicados en el stream 'moodle_logs'. Ultimo ID: 23094
2026-08-05 04:42:58,135 [INFO    ] capture.log_capture: 2 eventos publicados en el stream 'moodle_logs'. Ultimo ID: 23096
2026-08-05 04:43:10,472 [WARNING ] drift.concept_drift_detector: Concept drift detected: distribution, confidence: 100.00%
2026-08-05 04:43:18,142 [INFO    ] capture.log_capture: 2 eventos publicados en el stream 'moodle_logs'. Ultimo ID: 23098
2026-08-05 04:43:28,147 [INFO    ] capture.log_capture: 1 eventos publicados en el stream 'moodle_logs'. Ultimo ID: 23099
2026-08-05 04:43:58,157 [INFO    ] capture.log_capture: 1 eventos publicados en el stream 'moodle_logs'. Ultimo ID: 23100
2026-08-05 04:44:12,444 [WARNING ] drift.concept_drift_detector: Concept drift detected: distribution, confidence: 100.00%
2026-08-05 04:44:38,167 [INFO    ] capture.log_capture: 2 eventos publicados en el stream 'moodle_logs'. Ultimo ID: 23102
2026-08-05 04:44:58,175 [INFO    ] capture.log_capture: 1 eventos publicados en el stream 'moodle_logs'. Ultimo ID: 23103
2026-08-05 04:45:12,507 [WARNING ] drift.concept_drift_detector: Concept drift detected: distribution, confidence: 100.00%
2026-08-05 04:45:28,186 [INFO    ] capture.log_capture: 4 eventos publicados en el stream 'moodle_logs'. Ultimo ID: 23107
2026-08-05 04:45:58,196 [INFO    ] capture.log_capture: 3 eventos publicados en el stream 'moodle_logs'. Ultimo ID: 23110
2026-08-05 04:46:12,560 [WARNING ] drift.concept_drift_detector: Concept drift detected: distribution, confidence: 100.00%
2026-08-05 04:46:28,205 [INFO    ] capture.log_capture: 2 eventos publicados en el stream 'moodle_logs'. Ultimo ID: 23112
2026-08-05 04:46:48,213 [INFO    ] capture.log_capture: 4 eventos publicados en el stream 'moodle_logs'. Ultimo ID: 23116
2026-08-05 04:47:08,222 [INFO    ] capture.log_capture: 1 eventos publicados en el stream 'moodle_logs'. Ultimo ID: 23117
2026-08-05 04:47:14,445 [WARNING ] drift.concept_drift_detector: Concept drift detected: distribution, confidence: 100.00%
2026-08-05 04:47:58,236 [INFO    ] capture.log_capture: 1 eventos publicados en el stream 'moodle_logs'. Ultimo ID: 23118
2026-08-05 04:48:08,242 [INFO    ] capture.log_capture: 1 eventos publicados en el stream 'moodle_logs'. Ultimo ID: 23119
2026-08-05 04:48:14,494 [WARNING ] drift.concept_drift_detector: Concept drift detected: distribution, confidence: 100.00%
2026-08-05 04:48:28,251 [INFO    ] capture.log_capture: 4 eventos publicados en el stream 'moodle_logs'. Ultimo ID: 23123
2026-08-05 04:49:14,945 [WARNING ] drift.concept_drift_detector: Concept drift detected: distribution, confidence: 100.00%
2026-08-05 04:49:28,269 [INFO    ] capture.log_capture: 2 eventos publicados en el stream 'moodle_logs'. Ultimo ID: 23125
2026-08-05 04:49:58,278 [INFO    ] capture.log_capture: 1 eventos publicados en el stream 'moodle_logs'. Ultimo ID: 23126
2026-08-05 04:50:16,631 [WARNING ] drift.concept_drift_detector: Concept drift detected: distribution, confidence: 100.00%
2026-08-05 04:50:28,286 [INFO    ] capture.log_capture: 1 eventos publicados en el stream 'moodle_logs'. Ultimo ID: 23127
2026-08-05 04:50:48,291 [INFO    ] capture.log_capture: 1 eventos publicados en el stream 'moodle_logs'. Ultimo ID: 23128
2026-08-05 04:50:58,296 [INFO    ] capture.log_capture: 1 eventos publicados en el stream 'moodle_logs'. Ultimo ID: 23129
2026-08-05 04:51:16,692 [WARNING ] drift.concept_drift_detector: Concept drift detected: distribution, confidence: 100.00%
2026-08-05 04:51:18,302 [INFO    ] capture.log_capture: 3 eventos publicados en el stream 'moodle_logs'. Ultimo ID: 23132
2026-08-05 04:51:48,312 [INFO    ] capture.log_capture: 4 eventos publicados en el stream 'moodle_logs'. Ultimo ID: 23136
2026-08-05 04:52:08,319 [INFO    ] capture.log_capture: 2 eventos publicados en el stream 'moodle_logs'. Ultimo ID: 23138
2026-08-05 04:52:18,565 [WARNING ] drift.concept_drift_detector: Concept drift detected: distribution, confidence: 100.00%
2026-08-05 04:52:38,328 [INFO    ] capture.log_capture: 4 eventos publicados en el stream 'moodle_logs'. Ultimo ID: 23142
2026-08-05 04:52:58,335 [INFO    ] capture.log_capture: 2 eventos publicados en el stream 'moodle_logs'. Ultimo ID: 23144
2026-08-05 04:53:18,729 [WARNING ] drift.concept_drift_detector: Concept drift detected: distribution, confidence: 100.00%
2026-08-05 04:53:28,342 [INFO    ] capture.log_capture: 2 eventos publicados en el stream 'moodle_logs'. Ultimo ID: 23146
2026-08-05 04:53:58,351 [INFO    ] capture.log_capture: 2 eventos publicados en el stream 'moodle_logs'. Ultimo ID: 23148
2026-08-05 04:54:18,799 [WARNING ] drift.concept_drift_detector: Concept drift detected: distribution, confidence: 100.00%
2026-08-05 04:54:28,360 [INFO    ] capture.log_capture: 1 eventos publicados en el stream 'moodle_logs'. Ultimo ID: 23149
2026-08-05 04:54:58,368 [INFO    ] capture.log_capture: 2 eventos publicados en el stream 'moodle_logs'. Ultimo ID: 23151
2026-08-05 04:55:18,376 [INFO    ] capture.log_capture: 1 eventos publicados en el stream 'moodle_logs'. Ultimo ID: 23152
2026-08-05 04:55:20,555 [WARNING ] drift.concept_drift_detector: Concept drift detected: distribution, confidence: 100.00%
2026-08-05 04:55:58,388 [INFO    ] capture.log_capture: 3 eventos publicados en el stream 'moodle_logs'. Ultimo ID: 23155
2026-08-05 04:56:20,837 [WARNING ] drift.concept_drift_detector: Concept drift detected: distribution, confidence: 90.57%
2026-08-05 04:56:28,397 [INFO    ] capture.log_capture: 2 eventos publicados en el stream 'moodle_logs'. Ultimo ID: 23157
2026-08-05 04:56:58,408 [INFO    ] capture.log_capture: 2 eventos publicados en el stream 'moodle_logs'. Ultimo ID: 23159
2026-08-05 04:57:22,830 [WARNING ] drift.concept_drift_detector: Concept drift detected: distribution, confidence: 79.06%
2026-08-05 04:57:28,416 [INFO    ] capture.log_capture: 3 eventos publicados en el stream 'moodle_logs'. Ultimo ID: 23162
2026-08-05 04:57:38,421 [INFO    ] capture.log_capture: 1 eventos publicados en el stream 'moodle_logs'. Ultimo ID: 23163
2026-08-05 04:58:08,432 [INFO    ] capture.log_capture: 1 eventos publicados en el stream 'moodle_logs'. Ultimo ID: 23164
2026-08-05 04:58:24,812 [WARNING ] drift.concept_drift_detector: Concept drift detected: distribution, confidence: 68.47%
2026-08-05 04:58:38,442 [INFO    ] capture.log_capture: 2 eventos publicados en el stream 'moodle_logs'. Ultimo ID: 23166
2026-08-05 04:58:58,450 [INFO    ] capture.log_capture: 3 eventos publicados en el stream 'moodle_logs'. Ultimo ID: 23169
2026-08-05 04:59:24,973 [WARNING ] drift.concept_drift_detector: Concept drift detected: distribution, confidence: 58.39%
2026-08-05 04:59:28,460 [INFO    ] capture.log_capture: 2 eventos publicados en el stream 'moodle_logs'. Ultimo ID: 23171
2026-08-05 04:59:58,468 [INFO    ] capture.log_capture: 2 eventos publicados en el stream 'moodle_logs'. Ultimo ID: 23173
2026-08-05 05:00:26,949 [WARNING ] drift.concept_drift_detector: Concept drift detected: distribution, confidence: 100.00%
2026-08-05 05:00:28,479 [INFO    ] capture.log_capture: 2 eventos publicados en el stream 'moodle_logs'. Ultimo ID: 23175
2026-08-05 05:00:58,487 [INFO    ] capture.log_capture: 3 eventos publicados en el stream 'moodle_logs'. Ultimo ID: 23178
2026-08-05 05:01:27,033 [WARNING ] drift.concept_drift_detector: Concept drift detected: distribution, confidence: 100.00%
2026-08-05 05:01:28,495 [INFO    ] capture.log_capture: 1 eventos publicados en el stream 'moodle_logs'. Ultimo ID: 23179
2026-08-05 05:01:38,500 [INFO    ] capture.log_capture: 1 eventos publicados en el stream 'moodle_logs'. Ultimo ID: 23180
2026-08-05 05:02:08,511 [INFO    ] capture.log_capture: 2 eventos publicados en el stream 'moodle_logs'. Ultimo ID: 23182
2026-08-05 05:02:28,885 [WARNING ] drift.concept_drift_detector: Concept drift detected: distribution, confidence: 100.00%
2026-08-05 05:02:38,520 [INFO    ] capture.log_capture: 2 eventos publicados en el stream 'moodle_logs'. Ultimo ID: 23184
2026-08-05 05:03:08,530 [INFO    ] capture.log_capture: 1 eventos publicados en el stream 'moodle_logs'. Ultimo ID: 23185
2026-08-05 05:03:28,938 [WARNING ] drift.concept_drift_detector: Concept drift detected: distribution, confidence: 100.00%
2026-08-05 05:04:18,549 [INFO    ] capture.log_capture: 2 eventos publicados en el stream 'moodle_logs'. Ultimo ID: 23187
2026-08-05 05:04:30,803 [WARNING ] drift.concept_drift_detector: Concept drift detected: distribution, confidence: 100.00%
2026-08-05 05:04:48,559 [INFO    ] capture.log_capture: 1 eventos publicados en el stream 'moodle_logs'. Ultimo ID: 23188
2026-08-05 05:05:18,568 [INFO    ] capture.log_capture: 2 eventos publicados en el stream 'moodle_logs'. Ultimo ID: 23190
2026-08-05 05:05:30,868 [WARNING ] drift.concept_drift_detector: Concept drift detected: distribution, confidence: 100.00%
2026-08-05 05:05:38,576 [INFO    ] capture.log_capture: 2 eventos publicados en el stream 'moodle_logs'. Ultimo ID: 23192
2026-08-05 05:06:08,584 [INFO    ] capture.log_capture: 2 eventos publicados en el stream 'moodle_logs'. Ultimo ID: 23194
2026-08-05 05:06:18,589 [INFO    ] capture.log_capture: 2 eventos publicados en el stream 'moodle_logs'. Ultimo ID: 23196
2026-08-05 05:06:30,927 [WARNING ] drift.concept_drift_detector: Concept drift detected: distribution, confidence: 100.00%
2026-08-05 05:06:38,597 [INFO    ] capture.log_capture: 3 eventos publicados en el stream 'moodle_logs'. Ultimo ID: 23199
2026-08-05 05:06:58,603 [INFO    ] capture.log_capture: 1 eventos publicados en el stream 'moodle_logs'. Ultimo ID: 23200
2026-08-05 05:07:28,611 [INFO    ] capture.log_capture: 2 eventos publicados en el stream 'moodle_logs'. Ultimo ID: 23202
2026-08-05 05:07:32,831 [WARNING ] drift.concept_drift_detector: Concept drift detected: distribution, confidence: 100.00%
2026-08-05 05:08:33,482 [WARNING ] drift.concept_drift_detector: Concept drift detected: distribution, confidence: 100.00%
2026-08-05 05:08:38,630 [INFO    ] capture.log_capture: 2 eventos publicados en el stream 'moodle_logs'. Ultimo ID: 23204
2026-08-05 05:09:08,639 [INFO    ] capture.log_capture: 3 eventos publicados en el stream 'moodle_logs'. Ultimo ID: 23207
2026-08-05 05:09:35,164 [WARNING ] drift.concept_drift_detector: Concept drift detected: distribution, confidence: 100.00%
2026-08-05 05:09:38,649 [INFO    ] capture.log_capture: 1 eventos publicados en el stream 'moodle_logs'. Ultimo ID: 23208
2026-08-05 05:10:18,662 [INFO    ] capture.log_capture: 3 eventos publicados en el stream 'moodle_logs'. Ultimo ID: 23211
2026-08-05 05:10:37,038 [WARNING ] drift.concept_drift_detector: Concept drift detected: distribution, confidence: 100.00%
2026-08-05 05:10:38,669 [INFO    ] capture.log_capture: 2 eventos publicados en el stream 'moodle_logs'. Ultimo ID: 23213
2026-08-05 05:11:08,679 [INFO    ] capture.log_capture: 5 eventos publicados en el stream 'moodle_logs'. Ultimo ID: 23218
2026-08-05 05:11:37,177 [WARNING ] drift.concept_drift_detector: Concept drift detected: distribution, confidence: 100.00%
2026-08-05 05:11:38,688 [INFO    ] capture.log_capture: 3 eventos publicados en el stream 'moodle_logs'. Ultimo ID: 23221
2026-08-05 05:11:58,697 [INFO    ] capture.log_capture: 2 eventos publicados en el stream 'moodle_logs'. Ultimo ID: 23223
2026-08-05 05:12:37,246 [WARNING ] drift.concept_drift_detector: Concept drift detected: distribution, confidence: 100.00%
2026-08-05 05:12:38,708 [INFO    ] capture.log_capture: 1 eventos publicados en el stream 'moodle_logs'. Ultimo ID: 23224
2026-08-05 05:12:58,714 [INFO    ] capture.log_capture: 2 eventos publicados en el stream 'moodle_logs'. Ultimo ID: 23226
2026-08-05 05:13:18,722 [INFO    ] capture.log_capture: 2 eventos publicados en el stream 'moodle_logs'. Ultimo ID: 23228
2026-08-05 05:13:39,140 [WARNING ] drift.concept_drift_detector: Concept drift detected: distribution, confidence: 100.00%
2026-08-05 05:13:58,732 [INFO    ] capture.log_capture: 3 eventos publicados en el stream 'moodle_logs'. Ultimo ID: 23231
2026-08-05 05:14:28,742 [INFO    ] capture.log_capture: 3 eventos publicados en el stream 'moodle_logs'. Ultimo ID: 23234
2026-08-05 05:14:40,994 [WARNING ] drift.concept_drift_detector: Concept drift detected: distribution, confidence: 100.00%
2026-08-05 05:14:58,752 [INFO    ] capture.log_capture: 2 eventos publicados en el stream 'moodle_logs'. Ultimo ID: 23236
2026-08-05 05:15:28,761 [INFO    ] capture.log_capture: 4 eventos publicados en el stream 'moodle_logs'. Ultimo ID: 23240
2026-08-05 05:15:41,101 [WARNING ] drift.concept_drift_detector: Concept drift detected: distribution, confidence: 100.00%
2026-08-05 05:15:58,769 [INFO    ] capture.log_capture: 1 eventos publicados en el stream 'moodle_logs'. Ultimo ID: 23241
2026-08-05 05:16:28,777 [INFO    ] capture.log_capture: 3 eventos publicados en el stream 'moodle_logs'. Ultimo ID: 23244
2026-08-05 05:16:41,123 [WARNING ] drift.concept_drift_detector: Concept drift detected: distribution, confidence: 100.00%
2026-08-05 05:16:58,787 [INFO    ] capture.log_capture: 4 eventos publicados en el stream 'moodle_logs'. Ultimo ID: 23248
2026-08-05 05:17:28,796 [INFO    ] capture.log_capture: 1 eventos publicados en el stream 'moodle_logs'. Ultimo ID: 23249
2026-08-05 05:17:43,099 [WARNING ] drift.concept_drift_detector: Concept drift detected: distribution, confidence: 100.00%
2026-08-05 05:18:28,811 [INFO    ] capture.log_capture: 1 eventos publicados en el stream 'moodle_logs'. Ultimo ID: 23250
2026-08-05 05:18:43,184 [WARNING ] drift.concept_drift_detector: Concept drift detected: distribution, confidence: 100.00%
2026-08-05 05:18:48,819 [INFO    ] capture.log_capture: 3 eventos publicados en el stream 'moodle_logs'. Ultimo ID: 23253
2026-08-05 05:19:18,829 [INFO    ] capture.log_capture: 3 eventos publicados en el stream 'moodle_logs'. Ultimo ID: 23256
2026-08-05 05:19:43,232 [WARNING ] drift.concept_drift_detector: Concept drift detected: distribution, confidence: 100.00%
2026-08-05 05:19:58,841 [INFO    ] capture.log_capture: 1 eventos publicados en el stream 'moodle_logs'. Ultimo ID: 23257
2026-08-05 05:20:18,848 [INFO    ] capture.log_capture: 1 eventos publicados en el stream 'moodle_logs'. Ultimo ID: 23258
2026-08-05 05:20:43,282 [WARNING ] drift.concept_drift_detector: Concept drift detected: distribution, confidence: 100.00%
2026-08-05 05:20:58,860 [INFO    ] capture.log_capture: 1 eventos publicados en el stream 'moodle_logs'. Ultimo ID: 23259
2026-08-05 05:21:18,868 [INFO    ] capture.log_capture: 3 eventos publicados en el stream 'moodle_logs'. Ultimo ID: 23262
2026-08-05 05:21:43,356 [WARNING ] drift.concept_drift_detector: Concept drift detected: distribution, confidence: 100.00%
2026-08-05 05:21:48,877 [INFO    ] capture.log_capture: 4 eventos publicados en el stream 'moodle_logs'. Ultimo ID: 23266
2026-08-05 05:22:08,885 [INFO    ] capture.log_capture: 3 eventos publicados en el stream 'moodle_logs'. Ultimo ID: 23269
2026-08-05 05:22:38,896 [INFO    ] capture.log_capture: 3 eventos publicados en el stream 'moodle_logs'. Ultimo ID: 23272
2026-08-05 05:22:45,109 [WARNING ] drift.concept_drift_detector: Concept drift detected: distribution, confidence: 100.00%
2026-08-05 05:23:08,907 [INFO    ] capture.log_capture: 3 eventos publicados en el stream 'moodle_logs'. Ultimo ID: 23275
2026-08-05 05:23:45,467 [WARNING ] drift.concept_drift_detector: Concept drift detected: distribution, confidence: 96.82%
2026-08-05 05:24:08,922 [INFO    ] capture.log_capture: 1 eventos publicados en el stream 'moodle_logs'. Ultimo ID: 23276
2026-08-05 05:24:28,928 [INFO    ] capture.log_capture: 1 eventos publicados en el stream 'moodle_logs'. Ultimo ID: 23277
2026-08-05 05:24:38,933 [INFO    ] capture.log_capture: 1 eventos publicados en el stream 'moodle_logs'. Ultimo ID: 23278
2026-08-05 05:24:47,245 [WARNING ] drift.concept_drift_detector: Concept drift detected: distribution, confidence: 89.64%
2026-08-05 05:24:58,941 [INFO    ] capture.log_capture: 1 eventos publicados en el stream 'moodle_logs'. Ultimo ID: 23279
2026-08-05 05:25:28,951 [INFO    ] capture.log_capture: 1 eventos publicados en el stream 'moodle_logs'. Ultimo ID: 23280
2026-08-05 05:25:47,290 [WARNING ] drift.concept_drift_detector: Concept drift detected: distribution, confidence: 82.57%
2026-08-05 05:26:38,970 [INFO    ] capture.log_capture: 2 eventos publicados en el stream 'moodle_logs'. Ultimo ID: 23282
2026-08-05 05:26:49,265 [WARNING ] drift.concept_drift_detector: Concept drift detected: distribution, confidence: 75.54%
2026-08-05 05:27:08,980 [INFO    ] capture.log_capture: 4 eventos publicados en el stream 'moodle_logs'. Ultimo ID: 23286
2026-08-05 05:27:28,988 [INFO    ] capture.log_capture: 1 eventos publicados en el stream 'moodle_logs'. Ultimo ID: 23287
2026-08-05 05:27:49,432 [WARNING ] drift.concept_drift_detector: Concept drift detected: distribution, confidence: 68.47%
2026-08-05 05:28:08,999 [INFO    ] capture.log_capture: 1 eventos publicados en el stream 'moodle_logs'. Ultimo ID: 23288
2026-08-05 05:28:39,008 [INFO    ] capture.log_capture: 3 eventos publicados en el stream 'moodle_logs'. Ultimo ID: 23291
2026-08-05 05:28:51,295 [WARNING ] drift.concept_drift_detector: Concept drift detected: distribution, confidence: 61.24%
2026-08-05 05:29:09,017 [INFO    ] capture.log_capture: 2 eventos publicados en el stream 'moodle_logs'. Ultimo ID: 23293
2026-08-05 05:29:39,028 [INFO    ] capture.log_capture: 2 eventos publicados en el stream 'moodle_logs'. Ultimo ID: 23295
2026-08-05 05:29:51,345 [WARNING ] drift.concept_drift_detector: Concept drift detected: distribution, confidence: 53.71%
2026-08-05 05:30:09,037 [INFO    ] capture.log_capture: 3 eventos publicados en el stream 'moodle_logs'. Ultimo ID: 23298
2026-08-05 05:30:51,745 [WARNING ] drift.concept_drift_detector: Concept drift detected: distribution, confidence: 100.00%
2026-08-05 05:31:09,055 [INFO    ] capture.log_capture: 3 eventos publicados en el stream 'moodle_logs'. Ultimo ID: 23301
2026-08-05 05:31:39,065 [INFO    ] capture.log_capture: 3 eventos publicados en el stream 'moodle_logs'. Ultimo ID: 23304
2026-08-05 05:31:53,399 [WARNING ] drift.concept_drift_detector: Concept drift detected: distribution, confidence: 100.00%
2026-08-05 05:32:09,074 [INFO    ] capture.log_capture: 6 eventos publicados en el stream 'moodle_logs'. Ultimo ID: 23310
2026-08-05 05:32:39,083 [INFO    ] capture.log_capture: 2 eventos publicados en el stream 'moodle_logs'. Ultimo ID: 23312
2026-08-05 05:32:53,438 [WARNING ] drift.concept_drift_detector: Concept drift detected: distribution, confidence: 100.00%
2026-08-05 05:33:19,094 [INFO    ] capture.log_capture: 3 eventos publicados en el stream 'moodle_logs'. Ultimo ID: 23315
2026-08-05 05:33:49,103 [INFO    ] capture.log_capture: 2 eventos publicados en el stream 'moodle_logs'. Ultimo ID: 23317
2026-08-05 05:33:55,341 [WARNING ] drift.concept_drift_detector: Concept drift detected: distribution, confidence: 100.00%
2026-08-05 05:34:09,110 [INFO    ] capture.log_capture: 3 eventos publicados en el stream 'moodle_logs'. Ultimo ID: 23320
2026-08-05 05:34:49,123 [INFO    ] capture.log_capture: 3 eventos publicados en el stream 'moodle_logs'. Ultimo ID: 23323
2026-08-05 05:34:55,361 [WARNING ] drift.concept_drift_detector: Concept drift detected: distribution, confidence: 100.00%
2026-08-05 05:35:09,131 [INFO    ] capture.log_capture: 3 eventos publicados en el stream 'moodle_logs'. Ultimo ID: 23326
2026-08-05 05:35:55,852 [WARNING ] drift.concept_drift_detector: Concept drift detected: distribution, confidence: 100.00%
2026-08-05 05:36:39,156 [INFO    ] capture.log_capture: 4 eventos publicados en el stream 'moodle_logs'. Ultimo ID: 23330
2026-08-05 05:36:57,505 [WARNING ] drift.concept_drift_detector: Concept drift detected: distribution, confidence: 100.00%
2026-08-05 05:36:59,163 [INFO    ] capture.log_capture: 1 eventos publicados en el stream 'moodle_logs'. Ultimo ID: 23331
2026-08-05 05:37:29,173 [INFO    ] capture.log_capture: 3 eventos publicados en el stream 'moodle_logs'. Ultimo ID: 23334
2026-08-05 05:37:57,659 [WARNING ] drift.concept_drift_detector: Concept drift detected: distribution, confidence: 100.00%
2026-08-05 05:37:59,182 [INFO    ] capture.log_capture: 1 eventos publicados en el stream 'moodle_logs'. Ultimo ID: 23335
2026-08-05 05:38:29,191 [INFO    ] capture.log_capture: 1 eventos publicados en el stream 'moodle_logs'. Ultimo ID: 23336
2026-08-05 05:38:49,198 [INFO    ] capture.log_capture: 2 eventos publicados en el stream 'moodle_logs'. Ultimo ID: 23338
2026-08-05 05:38:59,520 [WARNING ] drift.concept_drift_detector: Concept drift detected: distribution, confidence: 100.00%
2026-08-05 05:39:29,209 [INFO    ] capture.log_capture: 1 eventos publicados en el stream 'moodle_logs'. Ultimo ID: 23339
2026-08-05 05:39:59,219 [INFO    ] capture.log_capture: 5 eventos publicados en el stream 'moodle_logs'. Ultimo ID: 23344
2026-08-05 05:40:01,391 [WARNING ] drift.concept_drift_detector: Concept drift detected: distribution, confidence: 100.00%
2026-08-05 05:40:01,521 [WARNING ] drift.concept_drift_detector: Concept drift detected: distribution, confidence: 100.00%
2026-08-05 05:40:39,229 [INFO    ] capture.log_capture: 2 eventos publicados en el stream 'moodle_logs'. Ultimo ID: 23346
2026-08-05 05:40:59,238 [INFO    ] capture.log_capture: 2 eventos publicados en el stream 'moodle_logs'. Ultimo ID: 23348
2026-08-05 05:41:01,462 [WARNING ] drift.concept_drift_detector: Concept drift detected: distribution, confidence: 100.00%
2026-08-05 05:41:29,246 [INFO    ] capture.log_capture: 1 eventos publicados en el stream 'moodle_logs'. Ultimo ID: 23349
2026-08-05 05:41:59,253 [INFO    ] capture.log_capture: 3 eventos publicados en el stream 'moodle_logs'. Ultimo ID: 23352
2026-08-05 05:42:03,438 [WARNING ] drift.concept_drift_detector: Concept drift detected: distribution, confidence: 100.00%
2026-08-05 05:42:19,260 [INFO    ] capture.log_capture: 2 eventos publicados en el stream 'moodle_logs'. Ultimo ID: 23354
2026-08-05 05:42:59,271 [INFO    ] capture.log_capture: 1 eventos publicados en el stream 'moodle_logs'. Ultimo ID: 23355
2026-08-05 05:43:03,486 [WARNING ] drift.concept_drift_detector: Concept drift detected: distribution, confidence: 100.00%
2026-08-05 05:43:29,280 [INFO    ] capture.log_capture: 3 eventos publicados en el stream 'moodle_logs'. Ultimo ID: 23358
2026-08-05 05:43:59,291 [INFO    ] capture.log_capture: 4 eventos publicados en el stream 'moodle_logs'. Ultimo ID: 23362
2026-08-05 05:44:03,602 [WARNING ] drift.concept_drift_detector: Concept drift detected: distribution, confidence: 100.00%
2026-08-05 05:44:39,302 [INFO    ] capture.log_capture: 2 eventos publicados en el stream 'moodle_logs'. Ultimo ID: 23364
2026-08-05 05:44:59,309 [INFO    ] capture.log_capture: 2 eventos publicados en el stream 'moodle_logs'. Ultimo ID: 23366
2026-08-05 05:45:05,527 [WARNING ] drift.concept_drift_detector: Concept drift detected: distribution, confidence: 100.00%
2026-08-05 05:45:19,316 [INFO    ] capture.log_capture: 1 eventos publicados en el stream 'moodle_logs'. Ultimo ID: 23367
2026-08-05 05:45:29,321 [INFO    ] capture.log_capture: 1 eventos publicados en el stream 'moodle_logs'. Ultimo ID: 23368
2026-08-05 05:45:49,327 [INFO    ] capture.log_capture: 2 eventos publicados en el stream 'moodle_logs'. Ultimo ID: 23370
2026-08-05 05:46:05,696 [WARNING ] drift.concept_drift_detector: Concept drift detected: distribution, confidence: 100.00%
2026-08-05 05:46:39,349 [INFO    ] capture.log_capture: 5 eventos publicados en el stream 'moodle_logs'. Ultimo ID: 23375
2026-08-05 05:47:05,904 [WARNING ] drift.concept_drift_detector: Concept drift detected: distribution, confidence: 100.00%
2026-08-05 05:47:09,359 [INFO    ] capture.log_capture: 2 eventos publicados en el stream 'moodle_logs'. Ultimo ID: 23377
2026-08-05 05:47:49,370 [INFO    ] capture.log_capture: 2 eventos publicados en el stream 'moodle_logs'. Ultimo ID: 23379
2026-08-05 05:48:07,832 [WARNING ] drift.concept_drift_detector: Concept drift detected: distribution, confidence: 100.00%
2026-08-05 05:48:19,392 [INFO    ] capture.log_capture: 4 eventos publicados en el stream 'moodle_logs'. Ultimo ID: 23383
2026-08-05 05:49:08,201 [WARNING ] drift.concept_drift_detector: Concept drift detected: distribution, confidence: 100.00%
2026-08-05 05:49:19,416 [INFO    ] capture.log_capture: 2 eventos publicados en el stream 'moodle_logs'. Ultimo ID: 23385
2026-08-05 05:49:49,426 [INFO    ] capture.log_capture: 2 eventos publicados en el stream 'moodle_logs'. Ultimo ID: 23387
2026-08-05 05:50:09,802 [WARNING ] drift.concept_drift_detector: Concept drift detected: distribution, confidence: 100.00%
2026-08-05 05:50:19,437 [INFO    ] capture.log_capture: 4 eventos publicados en el stream 'moodle_logs'. Ultimo ID: 23391
2026-08-05 05:50:49,446 [INFO    ] capture.log_capture: 1 eventos publicados en el stream 'moodle_logs'. Ultimo ID: 23392
2026-08-05 05:51:09,455 [INFO    ] capture.log_capture: 4 eventos publicados en el stream 'moodle_logs'. Ultimo ID: 23396
2026-08-05 05:51:11,678 [WARNING ] drift.concept_drift_detector: Concept drift detected: distribution, confidence: 100.00%
2026-08-05 05:51:39,463 [INFO    ] capture.log_capture: 2 eventos publicados en el stream 'moodle_logs'. Ultimo ID: 23398
2026-08-05 05:51:59,471 [INFO    ] capture.log_capture: 3 eventos publicados en el stream 'moodle_logs'. Ultimo ID: 23401
2026-08-05 05:52:11,739 [WARNING ] drift.concept_drift_detector: Concept drift detected: distribution, confidence: 100.00%
2026-08-05 05:52:19,478 [INFO    ] capture.log_capture: 2 eventos publicados en el stream 'moodle_logs'. Ultimo ID: 23403
2026-08-05 05:52:29,483 [INFO    ] capture.log_capture: 1 eventos publicados en el stream 'moodle_logs'. Ultimo ID: 23404
2026-08-05 05:52:49,490 [INFO    ] capture.log_capture: 2 eventos publicados en el stream 'moodle_logs'. Ultimo ID: 23406
2026-08-05 05:53:11,910 [WARNING ] drift.concept_drift_detector: Concept drift detected: distribution, confidence: 100.00%
2026-08-05 05:53:19,500 [INFO    ] capture.log_capture: 3 eventos publicados en el stream 'moodle_logs'. Ultimo ID: 23409
2026-08-05 05:53:29,505 [INFO    ] capture.log_capture: 1 eventos publicados en el stream 'moodle_logs'. Ultimo ID: 23410
2026-08-05 05:53:49,511 [INFO    ] capture.log_capture: 3 eventos publicados en el stream 'moodle_logs'. Ultimo ID: 23413
2026-08-05 05:54:11,953 [WARNING ] drift.concept_drift_detector: Concept drift detected: distribution, confidence: 100.00%
2026-08-05 05:54:19,519 [INFO    ] capture.log_capture: 1 eventos publicados en el stream 'moodle_logs'. Ultimo ID: 23414
2026-08-05 05:54:49,526 [INFO    ] capture.log_capture: 2 eventos publicados en el stream 'moodle_logs'. Ultimo ID: 23416
2026-08-05 05:55:13,977 [WARNING ] drift.concept_drift_detector: Concept drift detected: distribution, confidence: 100.00%
2026-08-05 05:55:19,535 [INFO    ] capture.log_capture: 2 eventos publicados en el stream 'moodle_logs'. Ultimo ID: 23418
2026-08-05 05:55:49,545 [INFO    ] capture.log_capture: 1 eventos publicados en el stream 'moodle_logs'. Ultimo ID: 23419
2026-08-05 05:56:14,005 [WARNING ] drift.concept_drift_detector: Concept drift detected: distribution, confidence: 100.00%
2026-08-05 05:56:19,556 [INFO    ] capture.log_capture: 4 eventos publicados en el stream 'moodle_logs'. Ultimo ID: 23423
2026-08-05 05:56:49,566 [INFO    ] capture.log_capture: 1 eventos publicados en el stream 'moodle_logs'. Ultimo ID: 23424
2026-08-05 05:57:09,574 [INFO    ] capture.log_capture: 2 eventos publicados en el stream 'moodle_logs'. Ultimo ID: 23426
2026-08-05 05:57:15,772 [WARNING ] drift.concept_drift_detector: Concept drift detected: distribution, confidence: 100.00%
2026-08-05 05:57:49,586 [INFO    ] capture.log_capture: 1 eventos publicados en el stream 'moodle_logs'. Ultimo ID: 23427
2026-08-05 05:58:16,113 [WARNING ] drift.concept_drift_detector: Concept drift detected: distribution, confidence: 100.00%
2026-08-05 05:58:19,596 [INFO    ] capture.log_capture: 3 eventos publicados en el stream 'moodle_logs'. Ultimo ID: 23430
2026-08-05 05:58:49,606 [INFO    ] capture.log_capture: 3 eventos publicados en el stream 'moodle_logs'. Ultimo ID: 23433
2026-08-05 05:59:16,106 [WARNING ] drift.concept_drift_detector: Concept drift detected: distribution, confidence: 100.00%
2026-08-05 05:59:19,616 [INFO    ] capture.log_capture: 4 eventos publicados en el stream 'moodle_logs'. Ultimo ID: 23437
2026-08-05 05:59:39,623 [INFO    ] capture.log_capture: 4 eventos publicados en el stream 'moodle_logs'. Ultimo ID: 23441
2026-08-05 06:00:16,183 [WARNING ] drift.concept_drift_detector: Concept drift detected: distribution, confidence: 100.00%
2026-08-05 06:00:19,636 [INFO    ] capture.log_capture: 3 eventos publicados en el stream 'moodle_logs'. Ultimo ID: 23444
2026-08-05 06:00:49,644 [INFO    ] capture.log_capture: 1 eventos publicados en el stream 'moodle_logs'. Ultimo ID: 23445
2026-08-05 06:01:18,155 [WARNING ] drift.concept_drift_detector: Concept drift detected: distribution, confidence: 99.34%
2026-08-05 06:01:19,655 [INFO    ] capture.log_capture: 2 eventos publicados en el stream 'moodle_logs'. Ultimo ID: 23447
2026-08-05 06:01:39,663 [INFO    ] capture.log_capture: 2 eventos publicados en el stream 'moodle_logs'. Ultimo ID: 23449
2026-08-05 06:02:09,674 [INFO    ] capture.log_capture: 1 eventos publicados en el stream 'moodle_logs'. Ultimo ID: 23450
2026-08-05 06:02:19,938 [WARNING ] drift.concept_drift_detector: Concept drift detected: distribution, confidence: 93.88%
2026-08-05 06:02:39,684 [INFO    ] capture.log_capture: 2 eventos publicados en el stream 'moodle_logs'. Ultimo ID: 23452
2026-08-05 06:02:59,690 [INFO    ] capture.log_capture: 2 eventos publicados en el stream 'moodle_logs'. Ultimo ID: 23454
2026-08-05 06:03:20,096 [WARNING ] drift.concept_drift_detector: Concept drift detected: distribution, confidence: 88.39%
2026-08-05 06:03:59,706 [INFO    ] capture.log_capture: 1 eventos publicados en el stream 'moodle_logs'. Ultimo ID: 23455
2026-08-05 06:04:20,144 [WARNING ] drift.concept_drift_detector: Concept drift detected: distribution, confidence: 82.82%
2026-08-05 06:04:29,715 [INFO    ] capture.log_capture: 5 eventos publicados en el stream 'moodle_logs'. Ultimo ID: 23460
2026-08-05 06:04:59,722 [INFO    ] capture.log_capture: 1 eventos publicados en el stream 'moodle_logs'. Ultimo ID: 23461
2026-08-05 06:05:22,115 [WARNING ] drift.concept_drift_detector: Concept drift detected: distribution, confidence: 77.15%
2026-08-05 06:05:29,731 [INFO    ] capture.log_capture: 2 eventos publicados en el stream 'moodle_logs'. Ultimo ID: 23463
2026-08-05 06:05:59,740 [INFO    ] capture.log_capture: 3 eventos publicados en el stream 'moodle_logs'. Ultimo ID: 23466
2026-08-05 06:06:19,746 [INFO    ] capture.log_capture: 1 eventos publicados en el stream 'moodle_logs'. Ultimo ID: 23467
2026-08-05 06:06:23,989 [WARNING ] drift.concept_drift_detector: Concept drift detected: distribution, confidence: 71.32%
2026-08-05 06:06:49,756 [INFO    ] capture.log_capture: 3 eventos publicados en el stream 'moodle_logs'. Ultimo ID: 23470
2026-08-05 06:07:19,763 [INFO    ] capture.log_capture: 3 eventos publicados en el stream 'moodle_logs'. Ultimo ID: 23473
2026-08-05 06:07:25,977 [WARNING ] drift.concept_drift_detector: Concept drift detected: distribution, confidence: 65.28%
2026-08-05 06:07:39,770 [INFO    ] capture.log_capture: 2 eventos publicados en el stream 'moodle_logs'. Ultimo ID: 23475
2026-08-05 06:08:09,778 [INFO    ] capture.log_capture: 3 eventos publicados en el stream 'moodle_logs'. Ultimo ID: 23478
2026-08-05 06:08:26,145 [WARNING ] drift.concept_drift_detector: Concept drift detected: distribution, confidence: 58.93%
2026-08-05 06:08:39,787 [INFO    ] capture.log_capture: 3 eventos publicados en el stream 'moodle_logs'. Ultimo ID: 23481
2026-08-05 06:08:59,794 [INFO    ] capture.log_capture: 1 eventos publicados en el stream 'moodle_logs'. Ultimo ID: 23482
2026-08-05 06:09:26,199 [WARNING ] drift.concept_drift_detector: Concept drift detected: distribution, confidence: 52.13%
2026-08-05 06:09:29,805 [INFO    ] capture.log_capture: 4 eventos publicados en el stream 'moodle_logs'. Ultimo ID: 23486
2026-08-05 06:09:59,814 [INFO    ] capture.log_capture: 3 eventos publicados en el stream 'moodle_logs'. Ultimo ID: 23489
2026-08-05 06:10:19,822 [INFO    ] capture.log_capture: 4 eventos publicados en el stream 'moodle_logs'. Ultimo ID: 23493
2026-08-05 06:10:59,833 [INFO    ] capture.log_capture: 1 eventos publicados en el stream 'moodle_logs'. Ultimo ID: 23494
2026-08-05 06:11:29,843 [INFO    ] capture.log_capture: 2 eventos publicados en el stream 'moodle_logs'. Ultimo ID: 23496
2026-08-05 06:11:59,854 [INFO    ] capture.log_capture: 3 eventos publicados en el stream 'moodle_logs'. Ultimo ID: 23499
2026-08-05 06:12:29,864 [INFO    ] capture.log_capture: 1 eventos publicados en el stream 'moodle_logs'. Ultimo ID: 23500
2026-08-05 06:12:49,872 [INFO    ] capture.log_capture: 3 eventos publicados en el stream 'moodle_logs'. Ultimo ID: 23503
2026-08-05 06:13:19,883 [INFO    ] capture.log_capture: 1 eventos publicados en el stream 'moodle_logs'. Ultimo ID: 23504
2026-08-05 06:13:39,891 [INFO    ] capture.log_capture: 1 eventos publicados en el stream 'moodle_logs'. Ultimo ID: 23505
2026-08-05 06:13:59,897 [INFO    ] capture.log_capture: 2 eventos publicados en el stream 'moodle_logs'. Ultimo ID: 23507
2026-08-05 06:14:39,909 [INFO    ] capture.log_capture: 2 eventos publicados en el stream 'moodle_logs'. Ultimo ID: 23509
2026-08-05 06:15:09,919 [INFO    ] capture.log_capture: 1 eventos publicados en el stream 'moodle_logs'. Ultimo ID: 23510
2026-08-05 06:15:29,927 [INFO    ] capture.log_capture: 1 eventos publicados en el stream 'moodle_logs'. Ultimo ID: 23511
2026-08-05 06:15:59,936 [INFO    ] capture.log_capture: 2 eventos publicados en el stream 'moodle_logs'. Ultimo ID: 23513
2026-08-05 06:16:29,947 [INFO    ] capture.log_capture: 4 eventos publicados en el stream 'moodle_logs'. Ultimo ID: 23517
2026-08-05 06:16:59,956 [INFO    ] capture.log_capture: 2 eventos publicados en el stream 'moodle_logs'. Ultimo ID: 23519
2026-08-05 06:17:19,964 [INFO    ] capture.log_capture: 2 eventos publicados en el stream 'moodle_logs'. Ultimo ID: 23521
2026-08-05 06:17:32,240 [WARNING ] drift.concept_drift_detector: Concept drift detected: error_rate, confidence: 52.79%
2026-08-05 06:17:59,976 [INFO    ] capture.log_capture: 4 eventos publicados en el stream 'moodle_logs'. Ultimo ID: 23525
2026-08-05 06:18:29,986 [INFO    ] capture.log_capture: 3 eventos publicados en el stream 'moodle_logs'. Ultimo ID: 23528
2026-08-05 06:19:09,999 [INFO    ] capture.log_capture: 4 eventos publicados en el stream 'moodle_logs'. Ultimo ID: 23532
2026-08-05 06:19:30,007 [INFO    ] capture.log_capture: 4 eventos publicados en el stream 'moodle_logs'. Ultimo ID: 23536
2026-08-05 06:20:00,016 [INFO    ] capture.log_capture: 2 eventos publicados en el stream 'moodle_logs'. Ultimo ID: 23538
2026-08-05 06:20:30,026 [INFO    ] capture.log_capture: 4 eventos publicados en el stream 'moodle_logs'. Ultimo ID: 23542
2026-08-05 06:21:00,035 [INFO    ] capture.log_capture: 1 eventos publicados en el stream 'moodle_logs'. Ultimo ID: 23543
2026-08-05 06:21:30,044 [INFO    ] capture.log_capture: 2 eventos publicados en el stream 'moodle_logs'. Ultimo ID: 23545
2026-08-05 06:22:10,056 [INFO    ] capture.log_capture: 3 eventos publicados en el stream 'moodle_logs'. Ultimo ID: 23548
2026-08-05 06:22:40,065 [INFO    ] capture.log_capture: 2 eventos publicados en el stream 'moodle_logs'. Ultimo ID: 23550
2026-08-05 06:23:10,075 [INFO    ] capture.log_capture: 2 eventos publicados en el stream 'moodle_logs'. Ultimo ID: 23552
2026-08-05 06:23:40,085 [INFO    ] capture.log_capture: 3 eventos publicados en el stream 'moodle_logs'. Ultimo ID: 23555
2026-08-05 06:24:00,094 [INFO    ] capture.log_capture: 4 eventos publicados en el stream 'moodle_logs'. Ultimo ID: 23559
2026-08-05 06:24:30,103 [INFO    ] capture.log_capture: 1 eventos publicados en el stream 'moodle_logs'. Ultimo ID: 23560
2026-08-05 06:25:30,118 [INFO    ] capture.log_capture: 6 eventos publicados en el stream 'moodle_logs'. Ultimo ID: 23566
2026-08-05 06:26:00,128 [INFO    ] capture.log_capture: 2 eventos publicados en el stream 'moodle_logs'. Ultimo ID: 23568
2026-08-05 06:26:20,135 [INFO    ] capture.log_capture: 2 eventos publicados en el stream 'moodle_logs'. Ultimo ID: 23570
2026-08-05 06:26:42,550 [WARNING ] drift.concept_drift_detector: Concept drift detected: error_rate, confidence: 51.45%
2026-08-05 06:27:00,147 [INFO    ] capture.log_capture: 2 eventos publicados en el stream 'moodle_logs'. Ultimo ID: 23572
2026-08-05 06:27:20,156 [INFO    ] capture.log_capture: 4 eventos publicados en el stream 'moodle_logs'. Ultimo ID: 23576
2026-08-05 06:28:00,167 [INFO    ] capture.log_capture: 1 eventos publicados en el stream 'moodle_logs'. Ultimo ID: 23577
2026-08-05 06:28:30,177 [INFO    ] capture.log_capture: 4 eventos publicados en el stream 'moodle_logs'. Ultimo ID: 23581
2026-08-05 06:29:00,186 [INFO    ] capture.log_capture: 1 eventos publicados en el stream 'moodle_logs'. Ultimo ID: 23582
2026-08-05 06:29:30,196 [INFO    ] capture.log_capture: 3 eventos publicados en el stream 'moodle_logs'. Ultimo ID: 23585
2026-08-05 06:30:00,204 [INFO    ] capture.log_capture: 1 eventos publicados en el stream 'moodle_logs'. Ultimo ID: 23586
2026-08-05 06:30:30,213 [INFO    ] capture.log_capture: 2 eventos publicados en el stream 'moodle_logs'. Ultimo ID: 23588
2026-08-05 06:30:50,220 [INFO    ] capture.log_capture: 2 eventos publicados en el stream 'moodle_logs'. Ultimo ID: 23590
2026-08-05 06:31:20,228 [INFO    ] capture.log_capture: 1 eventos publicados en el stream 'moodle_logs'. Ultimo ID: 23591
2026-08-05 06:32:00,240 [INFO    ] capture.log_capture: 2 eventos publicados en el stream 'moodle_logs'. Ultimo ID: 23593
2026-08-05 06:32:30,250 [INFO    ] capture.log_capture: 2 eventos publicados en el stream 'moodle_logs'. Ultimo ID: 23595
2026-08-05 06:32:50,258 [INFO    ] capture.log_capture: 2 eventos publicados en el stream 'moodle_logs'. Ultimo ID: 23597
2026-08-05 06:33:20,269 [INFO    ] capture.log_capture: 3 eventos publicados en el stream 'moodle_logs'. Ultimo ID: 23600
2026-08-05 06:33:50,277 [INFO    ] capture.log_capture: 2 eventos publicados en el stream 'moodle_logs'. Ultimo ID: 23602
2026-08-05 06:34:30,288 [INFO    ] capture.log_capture: 1 eventos publicados en el stream 'moodle_logs'. Ultimo ID: 23603
2026-08-05 06:34:50,295 [INFO    ] capture.log_capture: 3 eventos publicados en el stream 'moodle_logs'. Ultimo ID: 23606
2026-08-05 06:35:20,305 [INFO    ] capture.log_capture: 2 eventos publicados en el stream 'moodle_logs'. Ultimo ID: 23608
2026-08-05 06:35:50,801 [WARNING ] drift.concept_drift_detector: Concept drift detected: error_rate, confidence: 51.75%
2026-08-05 06:36:20,323 [INFO    ] capture.log_capture: 2 eventos publicados en el stream 'moodle_logs'. Ultimo ID: 23610
2026-08-05 06:36:40,329 [INFO    ] capture.log_capture: 2 eventos publicados en el stream 'moodle_logs'. Ultimo ID: 23612
2026-08-05 06:37:30,343 [INFO    ] capture.log_capture: 4 eventos publicados en el stream 'moodle_logs'. Ultimo ID: 23616
2026-08-05 06:38:00,354 [INFO    ] capture.log_capture: 1 eventos publicados en el stream 'moodle_logs'. Ultimo ID: 23617
2026-08-05 06:38:20,360 [INFO    ] capture.log_capture: 2 eventos publicados en el stream 'moodle_logs'. Ultimo ID: 23619
2026-08-05 06:39:00,372 [INFO    ] capture.log_capture: 1 eventos publicados en el stream 'moodle_logs'. Ultimo ID: 23620
2026-08-05 06:39:20,380 [INFO    ] capture.log_capture: 2 eventos publicados en el stream 'moodle_logs'. Ultimo ID: 23622
2026-08-05 06:40:00,393 [INFO    ] capture.log_capture: 1 eventos publicados en el stream 'moodle_logs'. Ultimo ID: 23623
2026-08-05 06:40:30,403 [INFO    ] capture.log_capture: 1 eventos publicados en el stream 'moodle_logs'. Ultimo ID: 23624
2026-08-05 06:41:20,418 [INFO    ] capture.log_capture: 2 eventos publicados en el stream 'moodle_logs'. Ultimo ID: 23626
2026-08-05 06:42:20,442 [INFO    ] capture.log_capture: 3 eventos publicados en el stream 'moodle_logs'. Ultimo ID: 23629
2026-08-05 06:42:50,452 [INFO    ] capture.log_capture: 3 eventos publicados en el stream 'moodle_logs'. Ultimo ID: 23632
2026-08-05 06:43:10,459 [INFO    ] capture.log_capture: 1 eventos publicados en el stream 'moodle_logs'. Ultimo ID: 23633
2026-08-05 06:43:40,469 [INFO    ] capture.log_capture: 3 eventos publicados en el stream 'moodle_logs'. Ultimo ID: 23636
2026-08-05 06:44:10,477 [INFO    ] capture.log_capture: 1 eventos publicados en el stream 'moodle_logs'. Ultimo ID: 23637
2026-08-05 06:44:40,486 [INFO    ] capture.log_capture: 3 eventos publicados en el stream 'moodle_logs'. Ultimo ID: 23640
2026-08-05 06:45:10,495 [INFO    ] capture.log_capture: 3 eventos publicados en el stream 'moodle_logs'. Ultimo ID: 23643
2026-08-05 06:45:50,508 [INFO    ] capture.log_capture: 2 eventos publicados en el stream 'moodle_logs'. Ultimo ID: 23645
2026-08-05 06:46:10,516 [INFO    ] capture.log_capture: 4 eventos publicados en el stream 'moodle_logs'. Ultimo ID: 23649
2026-08-05 06:46:20,521 [INFO    ] capture.log_capture: 1 eventos publicados en el stream 'moodle_logs'. Ultimo ID: 23650
2026-08-05 06:46:40,528 [INFO    ] capture.log_capture: 3 eventos publicados en el stream 'moodle_logs'. Ultimo ID: 23653
2026-08-05 06:46:58,934 [WARNING ] drift.concept_drift_detector: Concept drift detected: error_rate, confidence: 56.08%
2026-08-05 06:47:30,543 [INFO    ] capture.log_capture: 2 eventos publicados en el stream 'moodle_logs'. Ultimo ID: 23655
2026-08-05 06:47:50,550 [INFO    ] capture.log_capture: 4 eventos publicados en el stream 'moodle_logs'. Ultimo ID: 23659
2026-08-05 06:48:20,564 [INFO    ] capture.log_capture: 2 eventos publicados en el stream 'moodle_logs'. Ultimo ID: 23661
2026-08-05 06:48:50,574 [INFO    ] capture.log_capture: 3 eventos publicados en el stream 'moodle_logs'. Ultimo ID: 23664
2026-08-05 06:49:30,585 [INFO    ] capture.log_capture: 1 eventos publicados en el stream 'moodle_logs'. Ultimo ID: 23665
2026-08-05 06:49:50,593 [INFO    ] capture.log_capture: 4 eventos publicados en el stream 'moodle_logs'. Ultimo ID: 23669
2026-08-05 06:50:20,601 [INFO    ] capture.log_capture: 1 eventos publicados en el stream 'moodle_logs'. Ultimo ID: 23670
2026-08-05 06:50:50,609 [INFO    ] capture.log_capture: 3 eventos publicados en el stream 'moodle_logs'. Ultimo ID: 23673
2026-08-05 06:51:20,618 [INFO    ] capture.log_capture: 2 eventos publicados en el stream 'moodle_logs'. Ultimo ID: 23675
2026-08-05 06:51:50,626 [INFO    ] capture.log_capture: 3 eventos publicados en el stream 'moodle_logs'. Ultimo ID: 23678
2026-08-05 06:52:20,636 [INFO    ] capture.log_capture: 2 eventos publicados en el stream 'moodle_logs'. Ultimo ID: 23680
2026-08-05 06:52:40,643 [INFO    ] capture.log_capture: 3 eventos publicados en el stream 'moodle_logs'. Ultimo ID: 23683
2026-08-05 06:53:10,654 [INFO    ] capture.log_capture: 2 eventos publicados en el stream 'moodle_logs'. Ultimo ID: 23685
2026-08-05 06:53:40,662 [INFO    ] capture.log_capture: 1 eventos publicados en el stream 'moodle_logs'. Ultimo ID: 23686
2026-08-05 06:54:10,671 [INFO    ] capture.log_capture: 1 eventos publicados en el stream 'moodle_logs'. Ultimo ID: 23687
2026-08-05 06:55:30,692 [INFO    ] capture.log_capture: 2 eventos publicados en el stream 'moodle_logs'. Ultimo ID: 23689
2026-08-05 06:56:00,706 [INFO    ] capture.log_capture: 4 eventos publicados en el stream 'moodle_logs'. Ultimo ID: 23693
2026-08-05 06:56:20,716 [INFO    ] capture.log_capture: 5 eventos publicados en el stream 'moodle_logs'. Ultimo ID: 23698
2026-08-05 06:56:50,727 [INFO    ] capture.log_capture: 1 eventos publicados en el stream 'moodle_logs'. Ultimo ID: 23699
2026-08-05 06:57:07,096 [WARNING ] drift.concept_drift_detector: Concept drift detected: error_rate, confidence: 50.91%
2026-08-05 06:57:20,737 [INFO    ] capture.log_capture: 6 eventos publicados en el stream 'moodle_logs'. Ultimo ID: 23705
2026-08-05 06:58:00,752 [INFO    ] capture.log_capture: 4 eventos publicados en el stream 'moodle_logs'. Ultimo ID: 23709
2026-08-05 06:58:20,760 [INFO    ] capture.log_capture: 2 eventos publicados en el stream 'moodle_logs'. Ultimo ID: 23711
2026-08-05 06:59:00,774 [INFO    ] capture.log_capture: 3 eventos publicados en el stream 'moodle_logs'. Ultimo ID: 23714
2026-08-05 06:59:30,782 [INFO    ] capture.log_capture: 1 eventos publicados en el stream 'moodle_logs'. Ultimo ID: 23715
2026-08-05 07:00:20,798 [INFO    ] capture.log_capture: 3 eventos publicados en el stream 'moodle_logs'. Ultimo ID: 23718
2026-08-05 07:00:50,807 [INFO    ] capture.log_capture: 2 eventos publicados en el stream 'moodle_logs'. Ultimo ID: 23720
2026-08-05 07:01:20,817 [INFO    ] capture.log_capture: 1 eventos publicados en el stream 'moodle_logs'. Ultimo ID: 23721
2026-08-05 07:01:40,825 [INFO    ] capture.log_capture: 2 eventos publicados en el stream 'moodle_logs'. Ultimo ID: 23723
2026-08-05 07:02:20,837 [INFO    ] capture.log_capture: 2 eventos publicados en el stream 'moodle_logs'. Ultimo ID: 23725
2026-08-05 07:02:50,846 [INFO    ] capture.log_capture: 2 eventos publicados en el stream 'moodle_logs'. Ultimo ID: 23727
2026-08-05 07:03:20,856 [INFO    ] capture.log_capture: 3 eventos publicados en el stream 'moodle_logs'. Ultimo ID: 23730
2026-08-05 07:03:50,865 [INFO    ] capture.log_capture: 4 eventos publicados en el stream 'moodle_logs'. Ultimo ID: 23734
2026-08-05 07:04:20,874 [INFO    ] capture.log_capture: 1 eventos publicados en el stream 'moodle_logs'. Ultimo ID: 23735
2026-08-05 07:05:00,884 [INFO    ] capture.log_capture: 1 eventos publicados en el stream 'moodle_logs'. Ultimo ID: 23736
2026-08-05 07:05:30,895 [INFO    ] capture.log_capture: 2 eventos publicados en el stream 'moodle_logs'. Ultimo ID: 23738
2026-08-05 07:06:00,907 [INFO    ] capture.log_capture: 3 eventos publicados en el stream 'moodle_logs'. Ultimo ID: 23741
2026-08-05 07:06:30,916 [INFO    ] capture.log_capture: 2 eventos publicados en el stream 'moodle_logs'. Ultimo ID: 23743
2026-08-05 07:06:50,922 [INFO    ] capture.log_capture: 1 eventos publicados en el stream 'moodle_logs'. Ultimo ID: 23744
2026-08-05 07:07:20,934 [INFO    ] capture.log_capture: 2 eventos publicados en el stream 'moodle_logs'. Ultimo ID: 23746
2026-08-05 07:07:50,943 [INFO    ] capture.log_capture: 2 eventos publicados en el stream 'moodle_logs'. Ultimo ID: 23748
2026-08-05 07:08:10,950 [INFO    ] capture.log_capture: 1 eventos publicados en el stream 'moodle_logs'. Ultimo ID: 23749
2026-08-05 07:08:21,244 [WARNING ] drift.concept_drift_detector: Concept drift detected: error_rate, confidence: 52.94%
2026-08-05 07:08:40,960 [INFO    ] capture.log_capture: 2 eventos publicados en el stream 'moodle_logs'. Ultimo ID: 23751
2026-08-05 07:09:10,970 [INFO    ] capture.log_capture: 2 eventos publicados en el stream 'moodle_logs'. Ultimo ID: 23753
2026-08-05 07:09:30,977 [INFO    ] capture.log_capture: 5 eventos publicados en el stream 'moodle_logs'. Ultimo ID: 23758
2026-08-05 07:10:00,991 [INFO    ] capture.log_capture: 2 eventos publicados en el stream 'moodle_logs'. Ultimo ID: 23760
2026-08-05 07:10:20,998 [INFO    ] capture.log_capture: 1 eventos publicados en el stream 'moodle_logs'. Ultimo ID: 23761
2026-08-05 07:11:01,012 [INFO    ] capture.log_capture: 1 eventos publicados en el stream 'moodle_logs'. Ultimo ID: 23762
2026-08-05 07:11:31,020 [INFO    ] capture.log_capture: 1 eventos publicados en el stream 'moodle_logs'. Ultimo ID: 23763
2026-08-05 07:11:51,025 [INFO    ] capture.log_capture: 3 eventos publicados en el stream 'moodle_logs'. Ultimo ID: 23766
2026-08-05 07:12:21,034 [INFO    ] capture.log_capture: 1 eventos publicados en el stream 'moodle_logs'. Ultimo ID: 23767
2026-08-05 07:12:41,041 [INFO    ] capture.log_capture: 2 eventos publicados en el stream 'moodle_logs'. Ultimo ID: 23769
2026-08-05 07:13:01,053 [INFO    ] capture.log_capture: 1 eventos publicados en el stream 'moodle_logs'. Ultimo ID: 23770
2026-08-05 07:14:01,066 [INFO    ] capture.log_capture: 2 eventos publicados en el stream 'moodle_logs'. Ultimo ID: 23772
2026-08-05 07:14:31,074 [INFO    ] capture.log_capture: 2 eventos publicados en el stream 'moodle_logs'. Ultimo ID: 23774
2026-08-05 07:15:01,083 [INFO    ] capture.log_capture: 4 eventos publicados en el stream 'moodle_logs'. Ultimo ID: 23778
2026-08-05 07:15:31,093 [INFO    ] capture.log_capture: 4 eventos publicados en el stream 'moodle_logs'. Ultimo ID: 23782
2026-08-05 07:16:01,103 [INFO    ] capture.log_capture: 1 eventos publicados en el stream 'moodle_logs'. Ultimo ID: 23783
2026-08-05 07:16:21,109 [INFO    ] capture.log_capture: 2 eventos publicados en el stream 'moodle_logs'. Ultimo ID: 23785
2026-08-05 07:17:01,121 [INFO    ] capture.log_capture: 2 eventos publicados en el stream 'moodle_logs'. Ultimo ID: 23787
2026-08-05 07:17:21,129 [INFO    ] capture.log_capture: 1 eventos publicados en el stream 'moodle_logs'. Ultimo ID: 23788
2026-08-05 07:17:51,139 [INFO    ] capture.log_capture: 3 eventos publicados en el stream 'moodle_logs'. Ultimo ID: 23791
2026-08-05 07:19:31,163 [INFO    ] capture.log_capture: 1 eventos publicados en el stream 'moodle_logs'. Ultimo ID: 23792
2026-08-05 07:20:01,170 [INFO    ] capture.log_capture: 1 eventos publicados en el stream 'moodle_logs'. Ultimo ID: 23793
2026-08-05 07:21:01,185 [INFO    ] capture.log_capture: 3 eventos publicados en el stream 'moodle_logs'. Ultimo ID: 23796
2026-08-05 07:21:31,195 [INFO    ] capture.log_capture: 2 eventos publicados en el stream 'moodle_logs'. Ultimo ID: 23798
2026-08-05 07:22:01,203 [INFO    ] capture.log_capture: 1 eventos publicados en el stream 'moodle_logs'. Ultimo ID: 23799
2026-08-05 07:22:31,211 [INFO    ] capture.log_capture: 2 eventos publicados en el stream 'moodle_logs'. Ultimo ID: 23801
2026-08-05 07:22:35,421 [WARNING ] drift.concept_drift_detector: Concept drift detected: error_rate, confidence: 52.56%
2026-08-05 07:23:01,219 [INFO    ] capture.log_capture: 2 eventos publicados en el stream 'moodle_logs'. Ultimo ID: 23803
2026-08-05 07:23:31,228 [INFO    ] capture.log_capture: 1 eventos publicados en el stream 'moodle_logs'. Ultimo ID: 23804
2026-08-05 07:23:51,235 [INFO    ] capture.log_capture: 3 eventos publicados en el stream 'moodle_logs'. Ultimo ID: 23807
2026-08-05 07:24:21,244 [INFO    ] capture.log_capture: 2 eventos publicados en el stream 'moodle_logs'. Ultimo ID: 23809
2026-08-05 07:24:41,250 [INFO    ] capture.log_capture: 3 eventos publicados en el stream 'moodle_logs'. Ultimo ID: 23812
2026-08-05 07:25:11,259 [INFO    ] capture.log_capture: 1 eventos publicados en el stream 'moodle_logs'. Ultimo ID: 23813
2026-08-05 07:25:31,266 [INFO    ] capture.log_capture: 4 eventos publicados en el stream 'moodle_logs'. Ultimo ID: 23817
2026-08-05 07:26:01,276 [INFO    ] capture.log_capture: 2 eventos publicados en el stream 'moodle_logs'. Ultimo ID: 23819
2026-08-05 07:26:31,287 [INFO    ] capture.log_capture: 4 eventos publicados en el stream 'moodle_logs'. Ultimo ID: 23823
2026-08-05 07:27:01,305 [INFO    ] capture.log_capture: 1 eventos publicados en el stream 'moodle_logs'. Ultimo ID: 23824
2026-08-05 07:28:01,321 [INFO    ] capture.log_capture: 3 eventos publicados en el stream 'moodle_logs'. Ultimo ID: 23827
2026-08-05 07:28:41,333 [INFO    ] capture.log_capture: 6 eventos publicados en el stream 'moodle_logs'. Ultimo ID: 23833
2026-08-05 07:29:01,340 [INFO    ] capture.log_capture: 3 eventos publicados en el stream 'moodle_logs'. Ultimo ID: 23836
2026-08-05 07:29:31,350 [INFO    ] capture.log_capture: 4 eventos publicados en el stream 'moodle_logs'. Ultimo ID: 23840
2026-08-05 07:30:11,360 [INFO    ] capture.log_capture: 4 eventos publicados en el stream 'moodle_logs'. Ultimo ID: 23844
2026-08-05 07:31:11,378 [INFO    ] capture.log_capture: 1 eventos publicados en el stream 'moodle_logs'. Ultimo ID: 23845
2026-08-05 07:31:31,385 [INFO    ] capture.log_capture: 2 eventos publicados en el stream 'moodle_logs'. Ultimo ID: 23847
2026-08-05 07:31:41,388 [INFO    ] capture.log_capture: 1 eventos publicados en el stream 'moodle_logs'. Ultimo ID: 23848
2026-08-05 07:32:01,395 [INFO    ] capture.log_capture: 2 eventos publicados en el stream 'moodle_logs'. Ultimo ID: 23850
2026-08-05 07:32:41,405 [INFO    ] capture.log_capture: 2 eventos publicados en el stream 'moodle_logs'. Ultimo ID: 23852
2026-08-05 07:33:01,412 [INFO    ] capture.log_capture: 2 eventos publicados en el stream 'moodle_logs'. Ultimo ID: 23854
2026-08-05 07:33:31,420 [INFO    ] capture.log_capture: 1 eventos publicados en el stream 'moodle_logs'. Ultimo ID: 23855
2026-08-05 07:34:01,428 [INFO    ] capture.log_capture: 3 eventos publicados en el stream 'moodle_logs'. Ultimo ID: 23858
2026-08-05 07:34:31,437 [INFO    ] capture.log_capture: 2 eventos publicados en el stream 'moodle_logs'. Ultimo ID: 23860
2026-08-05 07:34:43,723 [WARNING ] drift.concept_drift_detector: Concept drift detected: error_rate, confidence: 51.80%
2026-08-05 07:35:11,448 [INFO    ] capture.log_capture: 2 eventos publicados en el stream 'moodle_logs'. Ultimo ID: 23862
2026-08-05 07:35:41,457 [INFO    ] capture.log_capture: 1 eventos publicados en el stream 'moodle_logs'. Ultimo ID: 23863
2026-08-05 07:36:21,468 [INFO    ] capture.log_capture: 2 eventos publicados en el stream 'moodle_logs'. Ultimo ID: 23865
2026-08-05 07:36:51,477 [INFO    ] capture.log_capture: 1 eventos publicados en el stream 'moodle_logs'. Ultimo ID: 23866
2026-08-05 07:37:31,488 [INFO    ] capture.log_capture: 2 eventos publicados en el stream 'moodle_logs'. Ultimo ID: 23868
2026-08-05 07:38:01,497 [INFO    ] capture.log_capture: 1 eventos publicados en el stream 'moodle_logs'. Ultimo ID: 23869
2026-08-05 07:38:31,506 [INFO    ] capture.log_capture: 4 eventos publicados en el stream 'moodle_logs'. Ultimo ID: 23873
2026-08-05 07:38:51,513 [INFO    ] capture.log_capture: 3 eventos publicados en el stream 'moodle_logs'. Ultimo ID: 23876
2026-08-05 07:39:21,521 [INFO    ] capture.log_capture: 2 eventos publicados en el stream 'moodle_logs'. Ultimo ID: 23878
2026-08-05 07:39:41,528 [INFO    ] capture.log_capture: 4 eventos publicados en el stream 'moodle_logs'. Ultimo ID: 23882
2026-08-05 07:40:11,537 [INFO    ] capture.log_capture: 3 eventos publicados en el stream 'moodle_logs'. Ultimo ID: 23885
2026-08-05 07:40:41,545 [INFO    ] capture.log_capture: 2 eventos publicados en el stream 'moodle_logs'. Ultimo ID: 23887
2026-08-05 07:41:11,554 [INFO    ] capture.log_capture: 2 eventos publicados en el stream 'moodle_logs'. Ultimo ID: 23889
2026-08-05 07:42:01,569 [INFO    ] capture.log_capture: 1 eventos publicados en el stream 'moodle_logs'. Ultimo ID: 23890
2026-08-05 07:42:51,584 [INFO    ] capture.log_capture: 4 eventos publicados en el stream 'moodle_logs'. Ultimo ID: 23894
2026-08-05 07:43:11,591 [INFO    ] capture.log_capture: 2 eventos publicados en el stream 'moodle_logs'. Ultimo ID: 23896
2026-08-05 07:43:31,597 [INFO    ] capture.log_capture: 1 eventos publicados en el stream 'moodle_logs'. Ultimo ID: 23897
2026-08-05 07:43:41,602 [INFO    ] capture.log_capture: 1 eventos publicados en el stream 'moodle_logs'. Ultimo ID: 23898
2026-08-05 07:44:01,610 [INFO    ] capture.log_capture: 3 eventos publicados en el stream 'moodle_logs'. Ultimo ID: 23901
2026-08-05 07:44:21,616 [INFO    ] capture.log_capture: 3 eventos publicados en el stream 'moodle_logs'. Ultimo ID: 23904
2026-08-05 07:44:51,628 [INFO    ] capture.log_capture: 4 eventos publicados en el stream 'moodle_logs'. Ultimo ID: 23908
2026-08-05 07:45:21,637 [INFO    ] capture.log_capture: 2 eventos publicados en el stream 'moodle_logs'. Ultimo ID: 23910
2026-08-05 07:45:41,643 [INFO    ] capture.log_capture: 1 eventos publicados en el stream 'moodle_logs'. Ultimo ID: 23911
2026-08-05 07:46:11,651 [INFO    ] capture.log_capture: 3 eventos publicados en el stream 'moodle_logs'. Ultimo ID: 23914
2026-08-05 07:46:41,661 [INFO    ] capture.log_capture: 2 eventos publicados en el stream 'moodle_logs'. Ultimo ID: 23916
2026-08-05 07:47:11,670 [INFO    ] capture.log_capture: 2 eventos publicados en el stream 'moodle_logs'. Ultimo ID: 23918
2026-08-05 07:47:41,679 [INFO    ] capture.log_capture: 3 eventos publicados en el stream 'moodle_logs'. Ultimo ID: 23921
2026-08-05 07:47:56,011 [WARNING ] drift.concept_drift_detector: Concept drift detected: error_rate, confidence: 52.24%
2026-08-05 07:48:11,687 [INFO    ] capture.log_capture: 2 eventos publicados en el stream 'moodle_logs'. Ultimo ID: 23923
2026-08-05 07:48:31,694 [INFO    ] capture.log_capture: 2 eventos publicados en el stream 'moodle_logs'. Ultimo ID: 23925
2026-08-05 07:49:01,704 [INFO    ] capture.log_capture: 3 eventos publicados en el stream 'moodle_logs'. Ultimo ID: 23928
2026-08-05 07:49:41,713 [INFO    ] capture.log_capture: 1 eventos publicados en el stream 'moodle_logs'. Ultimo ID: 23929
2026-08-05 07:50:01,719 [INFO    ] capture.log_capture: 1 eventos publicados en el stream 'moodle_logs'. Ultimo ID: 23930
2026-08-05 07:51:01,733 [INFO    ] capture.log_capture: 2 eventos publicados en el stream 'moodle_logs'. Ultimo ID: 23932
2026-08-05 07:51:21,738 [INFO    ] capture.log_capture: 1 eventos publicados en el stream 'moodle_logs'. Ultimo ID: 23933
2026-08-05 07:51:31,745 [INFO    ] capture.log_capture: 5 eventos publicados en el stream 'moodle_logs'. Ultimo ID: 23938
2026-08-05 07:51:51,753 [INFO    ] capture.log_capture: 2 eventos publicados en el stream 'moodle_logs'. Ultimo ID: 23940
2026-08-05 07:52:21,764 [INFO    ] capture.log_capture: 6 eventos publicados en el stream 'moodle_logs'. Ultimo ID: 23946
2026-08-05 07:52:51,773 [INFO    ] capture.log_capture: 3 eventos publicados en el stream 'moodle_logs'. Ultimo ID: 23949
2026-08-05 07:53:31,784 [INFO    ] capture.log_capture: 2 eventos publicados en el stream 'moodle_logs'. Ultimo ID: 23951
2026-08-05 07:53:51,792 [INFO    ] capture.log_capture: 2 eventos publicados en el stream 'moodle_logs'. Ultimo ID: 23953
2026-08-05 07:54:41,806 [INFO    ] capture.log_capture: 1 eventos publicados en el stream 'moodle_logs'. Ultimo ID: 23954
2026-08-05 07:55:11,814 [INFO    ] capture.log_capture: 2 eventos publicados en el stream 'moodle_logs'. Ultimo ID: 23956
2026-08-05 07:55:31,821 [INFO    ] capture.log_capture: 3 eventos publicados en el stream 'moodle_logs'. Ultimo ID: 23959
2026-08-05 07:56:11,833 [INFO    ] capture.log_capture: 1 eventos publicados en el stream 'moodle_logs'. Ultimo ID: 23960
2026-08-05 07:57:01,849 [INFO    ] capture.log_capture: 3 eventos publicados en el stream 'moodle_logs'. Ultimo ID: 23963
2026-08-05 07:57:31,859 [INFO    ] capture.log_capture: 2 eventos publicados en el stream 'moodle_logs'. Ultimo ID: 23965
2026-08-05 07:57:41,864 [INFO    ] capture.log_capture: 1 eventos publicados en el stream 'moodle_logs'. Ultimo ID: 23966
2026-08-05 07:58:31,879 [INFO    ] capture.log_capture: 4 eventos publicados en el stream 'moodle_logs'. Ultimo ID: 23970
2026-08-05 07:59:01,889 [INFO    ] capture.log_capture: 1 eventos publicados en el stream 'moodle_logs'. Ultimo ID: 23971
2026-08-05 07:59:31,900 [INFO    ] capture.log_capture: 3 eventos publicados en el stream 'moodle_logs'. Ultimo ID: 23974
2026-08-05 08:00:11,912 [INFO    ] capture.log_capture: 2 eventos publicados en el stream 'moodle_logs'. Ultimo ID: 23976
2026-08-05 08:00:31,919 [INFO    ] capture.log_capture: 4 eventos publicados en el stream 'moodle_logs'. Ultimo ID: 23980
2026-08-05 08:01:01,928 [INFO    ] capture.log_capture: 1 eventos publicados en el stream 'moodle_logs'. Ultimo ID: 23981
2026-08-05 08:01:08,162 [WARNING ] drift.concept_drift_detector: Concept drift detected: error_rate, confidence: 50.38%
2026-08-05 08:01:31,938 [INFO    ] capture.log_capture: 4 eventos publicados en el stream 'moodle_logs'. Ultimo ID: 23985
2026-08-05 08:02:11,949 [INFO    ] capture.log_capture: 1 eventos publicados en el stream 'moodle_logs'. Ultimo ID: 23986
2026-08-05 08:02:31,957 [INFO    ] capture.log_capture: 1 eventos publicados en el stream 'moodle_logs'. Ultimo ID: 23987
2026-08-05 08:03:01,966 [INFO    ] capture.log_capture: 4 eventos publicados en el stream 'moodle_logs'. Ultimo ID: 23991
2026-08-05 08:03:31,976 [INFO    ] capture.log_capture: 5 eventos publicados en el stream 'moodle_logs'. Ultimo ID: 23996
2026-08-05 08:04:01,985 [INFO    ] capture.log_capture: 1 eventos publicados en el stream 'moodle_logs'. Ultimo ID: 23997
2026-08-05 08:04:31,996 [INFO    ] capture.log_capture: 3 eventos publicados en el stream 'moodle_logs'. Ultimo ID: 24000
2026-08-05 08:04:52,003 [INFO    ] capture.log_capture: 2 eventos publicados en el stream 'moodle_logs'. Ultimo ID: 24002
2026-08-05 08:05:22,011 [INFO    ] capture.log_capture: 4 eventos publicados en el stream 'moodle_logs'. Ultimo ID: 24006
2026-08-05 08:05:52,019 [INFO    ] capture.log_capture: 1 eventos publicados en el stream 'moodle_logs'. Ultimo ID: 24007
2026-08-05 08:06:02,023 [INFO    ] capture.log_capture: 2 eventos publicados en el stream 'moodle_logs'. Ultimo ID: 24009
2026-08-05 08:06:32,031 [INFO    ] capture.log_capture: 1 eventos publicados en el stream 'moodle_logs'. Ultimo ID: 24010
2026-08-05 08:07:02,041 [INFO    ] capture.log_capture: 1 eventos publicados en el stream 'moodle_logs'. Ultimo ID: 24011
2026-08-05 08:07:22,048 [INFO    ] capture.log_capture: 1 eventos publicados en el stream 'moodle_logs'. Ultimo ID: 24012
2026-08-05 08:08:02,060 [INFO    ] capture.log_capture: 1 eventos publicados en el stream 'moodle_logs'. Ultimo ID: 24013
2026-08-05 08:08:32,068 [INFO    ] capture.log_capture: 2 eventos publicados en el stream 'moodle_logs'. Ultimo ID: 24015
2026-08-05 08:09:02,077 [INFO    ] capture.log_capture: 2 eventos publicados en el stream 'moodle_logs'. Ultimo ID: 24017
2026-08-05 08:10:12,095 [INFO    ] capture.log_capture: 4 eventos publicados en el stream 'moodle_logs'. Ultimo ID: 24021
2026-08-05 08:10:42,104 [INFO    ] capture.log_capture: 2 eventos publicados en el stream 'moodle_logs'. Ultimo ID: 24023
2026-08-05 08:11:02,112 [INFO    ] capture.log_capture: 2 eventos publicados en el stream 'moodle_logs'. Ultimo ID: 24025
2026-08-05 08:11:32,121 [INFO    ] capture.log_capture: 3 eventos publicados en el stream 'moodle_logs'. Ultimo ID: 24028
2026-08-05 08:11:52,128 [INFO    ] capture.log_capture: 2 eventos publicados en el stream 'moodle_logs'. Ultimo ID: 24030
2026-08-05 08:12:22,138 [INFO    ] capture.log_capture: 4 eventos publicados en el stream 'moodle_logs'. Ultimo ID: 24034
2026-08-05 08:12:52,147 [INFO    ] capture.log_capture: 1 eventos publicados en el stream 'moodle_logs'. Ultimo ID: 24035
2026-08-05 08:13:22,157 [INFO    ] capture.log_capture: 3 eventos publicados en el stream 'moodle_logs'. Ultimo ID: 24038
2026-08-05 08:14:02,169 [INFO    ] capture.log_capture: 1 eventos publicados en el stream 'moodle_logs'. Ultimo ID: 24039
2026-08-05 08:14:22,175 [INFO    ] capture.log_capture: 1 eventos publicados en el stream 'moodle_logs'. Ultimo ID: 24040
2026-08-05 08:14:42,182 [INFO    ] capture.log_capture: 2 eventos publicados en el stream 'moodle_logs'. Ultimo ID: 24042
2026-08-05 08:15:12,189 [INFO    ] capture.log_capture: 2 eventos publicados en el stream 'moodle_logs'. Ultimo ID: 24044
2026-08-05 08:15:22,425 [WARNING ] drift.concept_drift_detector: Concept drift detected: error_rate, confidence: 51.62%
2026-08-05 08:16:12,206 [INFO    ] capture.log_capture: 1 eventos publicados en el stream 'moodle_logs'. Ultimo ID: 24045
2026-08-05 08:16:42,217 [INFO    ] capture.log_capture: 3 eventos publicados en el stream 'moodle_logs'. Ultimo ID: 24048
2026-08-05 08:17:02,222 [INFO    ] capture.log_capture: 3 eventos publicados en el stream 'moodle_logs'. Ultimo ID: 24051
2026-08-05 08:17:42,236 [INFO    ] capture.log_capture: 2 eventos publicados en el stream 'moodle_logs'. Ultimo ID: 24053
2026-08-05 08:18:12,246 [INFO    ] capture.log_capture: 3 eventos publicados en el stream 'moodle_logs'. Ultimo ID: 24056
2026-08-05 08:18:42,254 [INFO    ] capture.log_capture: 1 eventos publicados en el stream 'moodle_logs'. Ultimo ID: 24057
2026-08-05 08:19:12,264 [INFO    ] capture.log_capture: 4 eventos publicados en el stream 'moodle_logs'. Ultimo ID: 24061
2026-08-05 08:19:42,272 [INFO    ] capture.log_capture: 1 eventos publicados en el stream 'moodle_logs'. Ultimo ID: 24062
2026-08-05 08:20:12,282 [INFO    ] capture.log_capture: 2 eventos publicados en el stream 'moodle_logs'. Ultimo ID: 24064
2026-08-05 08:20:42,291 [INFO    ] capture.log_capture: 2 eventos publicados en el stream 'moodle_logs'. Ultimo ID: 24066
2026-08-05 08:21:12,301 [INFO    ] capture.log_capture: 2 eventos publicados en el stream 'moodle_logs'. Ultimo ID: 24068
2026-08-05 08:21:42,311 [INFO    ] capture.log_capture: 2 eventos publicados en el stream 'moodle_logs'. Ultimo ID: 24070
2026-08-05 08:22:12,320 [INFO    ] capture.log_capture: 3 eventos publicados en el stream 'moodle_logs'. Ultimo ID: 24073
2026-08-05 08:22:32,326 [INFO    ] capture.log_capture: 2 eventos publicados en el stream 'moodle_logs'. Ultimo ID: 24075
2026-08-05 08:23:12,336 [INFO    ] capture.log_capture: 1 eventos publicados en el stream 'moodle_logs'. Ultimo ID: 24076
2026-08-05 08:23:32,342 [INFO    ] capture.log_capture: 1 eventos publicados en el stream 'moodle_logs'. Ultimo ID: 24077
2026-08-05 08:24:12,353 [INFO    ] capture.log_capture: 3 eventos publicados en el stream 'moodle_logs'. Ultimo ID: 24080
2026-08-05 08:24:32,360 [INFO    ] capture.log_capture: 3 eventos publicados en el stream 'moodle_logs'. Ultimo ID: 24083
2026-08-05 08:25:02,368 [INFO    ] capture.log_capture: 2 eventos publicados en el stream 'moodle_logs'. Ultimo ID: 24085
2026-08-05 08:25:12,371 [INFO    ] capture.log_capture: 1 eventos publicados en el stream 'moodle_logs'. Ultimo ID: 24086
2026-08-05 08:25:32,379 [INFO    ] capture.log_capture: 2 eventos publicados en el stream 'moodle_logs'. Ultimo ID: 24088
2026-08-05 08:26:02,387 [INFO    ] capture.log_capture: 2 eventos publicados en el stream 'moodle_logs'. Ultimo ID: 24090
2026-08-05 08:26:32,396 [INFO    ] capture.log_capture: 2 eventos publicados en el stream 'moodle_logs'. Ultimo ID: 24092
2026-08-05 08:27:12,408 [INFO    ] capture.log_capture: 5 eventos publicados en el stream 'moodle_logs'. Ultimo ID: 24097
2026-08-05 08:27:30,873 [WARNING ] drift.concept_drift_detector: Concept drift detected: error_rate, confidence: 51.13%
2026-08-05 08:27:42,416 [INFO    ] capture.log_capture: 2 eventos publicados en el stream 'moodle_logs'. Ultimo ID: 24099
2026-08-05 08:28:12,426 [INFO    ] capture.log_capture: 4 eventos publicados en el stream 'moodle_logs'. Ultimo ID: 24103
2026-08-05 08:28:32,432 [INFO    ] capture.log_capture: 3 eventos publicados en el stream 'moodle_logs'. Ultimo ID: 24106
2026-08-05 08:28:42,437 [INFO    ] capture.log_capture: 3 eventos publicados en el stream 'moodle_logs'. Ultimo ID: 24109
2026-08-05 08:29:12,448 [INFO    ] capture.log_capture: 4 eventos publicados en el stream 'moodle_logs'. Ultimo ID: 24113
2026-08-05 08:29:42,458 [INFO    ] capture.log_capture: 1 eventos publicados en el stream 'moodle_logs'. Ultimo ID: 24114
2026-08-05 08:30:12,467 [INFO    ] capture.log_capture: 1 eventos publicados en el stream 'moodle_logs'. Ultimo ID: 24115
2026-08-05 08:30:42,476 [INFO    ] capture.log_capture: 3 eventos publicados en el stream 'moodle_logs'. Ultimo ID: 24118
2026-08-05 08:30:52,481 [INFO    ] capture.log_capture: 1 eventos publicados en el stream 'moodle_logs'. Ultimo ID: 24119
2026-08-05 08:31:12,487 [INFO    ] capture.log_capture: 1 eventos publicados en el stream 'moodle_logs'. Ultimo ID: 24120
2026-08-05 08:31:42,496 [INFO    ] capture.log_capture: 2 eventos publicados en el stream 'moodle_logs'. Ultimo ID: 24122
2026-08-05 08:32:22,506 [INFO    ] capture.log_capture: 2 eventos publicados en el stream 'moodle_logs'. Ultimo ID: 24124
2026-08-05 08:32:52,514 [INFO    ] capture.log_capture: 2 eventos publicados en el stream 'moodle_logs'. Ultimo ID: 24126
2026-08-05 08:33:22,523 [INFO    ] capture.log_capture: 3 eventos publicados en el stream 'moodle_logs'. Ultimo ID: 24129
2026-08-05 08:33:52,532 [INFO    ] capture.log_capture: 2 eventos publicados en el stream 'moodle_logs'. Ultimo ID: 24131
2026-08-05 08:34:22,541 [INFO    ] capture.log_capture: 1 eventos publicados en el stream 'moodle_logs'. Ultimo ID: 24132
2026-08-05 08:34:42,546 [INFO    ] capture.log_capture: 1 eventos publicados en el stream 'moodle_logs'. Ultimo ID: 24133
2026-08-05 08:35:12,555 [INFO    ] capture.log_capture: 3 eventos publicados en el stream 'moodle_logs'. Ultimo ID: 24136
2026-08-05 08:36:12,568 [INFO    ] capture.log_capture: 1 eventos publicados en el stream 'moodle_logs'. Ultimo ID: 24137
2026-08-05 08:36:32,574 [INFO    ] capture.log_capture: 1 eventos publicados en el stream 'moodle_logs'. Ultimo ID: 24138
2026-08-05 08:36:52,582 [INFO    ] capture.log_capture: 3 eventos publicados en el stream 'moodle_logs'. Ultimo ID: 24141
2026-08-05 08:37:12,588 [INFO    ] capture.log_capture: 1 eventos publicados en el stream 'moodle_logs'. Ultimo ID: 24142
2026-08-05 08:37:22,593 [INFO    ] capture.log_capture: 1 eventos publicados en el stream 'moodle_logs'. Ultimo ID: 24143
2026-08-05 08:37:42,599 [INFO    ] capture.log_capture: 2 eventos publicados en el stream 'moodle_logs'. Ultimo ID: 24145
2026-08-05 08:38:22,610 [INFO    ] capture.log_capture: 1 eventos publicados en el stream 'moodle_logs'. Ultimo ID: 24146
2026-08-05 08:38:52,619 [INFO    ] capture.log_capture: 6 eventos publicados en el stream 'moodle_logs'. Ultimo ID: 24152
2026-08-05 08:39:22,629 [INFO    ] capture.log_capture: 1 eventos publicados en el stream 'moodle_logs'. Ultimo ID: 24153
2026-08-05 08:39:52,636 [INFO    ] capture.log_capture: 3 eventos publicados en el stream 'moodle_logs'. Ultimo ID: 24156
2026-08-05 08:40:22,647 [INFO    ] capture.log_capture: 4 eventos publicados en el stream 'moodle_logs'. Ultimo ID: 24160
2026-08-05 08:41:02,658 [INFO    ] capture.log_capture: 2 eventos publicados en el stream 'moodle_logs'. Ultimo ID: 24162
2026-08-05 08:41:22,665 [INFO    ] capture.log_capture: 2 eventos publicados en el stream 'moodle_logs'. Ultimo ID: 24164
2026-08-05 08:41:43,053 [WARNING ] drift.concept_drift_detector: Concept drift detected: error_rate, confidence: 50.89%
2026-08-05 08:41:52,674 [INFO    ] capture.log_capture: 2 eventos publicados en el stream 'moodle_logs'. Ultimo ID: 24166
2026-08-05 08:42:22,684 [INFO    ] capture.log_capture: 5 eventos publicados en el stream 'moodle_logs'. Ultimo ID: 24171
2026-08-05 08:43:02,695 [INFO    ] capture.log_capture: 2 eventos publicados en el stream 'moodle_logs'. Ultimo ID: 24173
2026-08-05 08:43:22,702 [INFO    ] capture.log_capture: 2 eventos publicados en el stream 'moodle_logs'. Ultimo ID: 24175
2026-08-05 08:43:52,711 [INFO    ] capture.log_capture: 2 eventos publicados en el stream 'moodle_logs'. Ultimo ID: 24177
2026-08-05 08:44:32,725 [INFO    ] capture.log_capture: 2 eventos publicados en el stream 'moodle_logs'. Ultimo ID: 24179
2026-08-05 08:45:52,742 [INFO    ] capture.log_capture: 3 eventos publicados en el stream 'moodle_logs'. Ultimo ID: 24182
2026-08-05 08:46:22,751 [INFO    ] capture.log_capture: 3 eventos publicados en el stream 'moodle_logs'. Ultimo ID: 24185
2026-08-05 08:46:52,759 [INFO    ] capture.log_capture: 3 eventos publicados en el stream 'moodle_logs'. Ultimo ID: 24188
2026-08-05 08:47:22,768 [INFO    ] capture.log_capture: 3 eventos publicados en el stream 'moodle_logs'. Ultimo ID: 24191
2026-08-05 08:47:52,777 [INFO    ] capture.log_capture: 3 eventos publicados en el stream 'moodle_logs'. Ultimo ID: 24194
2026-08-05 08:48:12,782 [INFO    ] capture.log_capture: 1 eventos publicados en el stream 'moodle_logs'. Ultimo ID: 24195
2026-08-05 08:48:22,787 [INFO    ] capture.log_capture: 2 eventos publicados en el stream 'moodle_logs'. Ultimo ID: 24197
2026-08-05 08:48:52,796 [INFO    ] capture.log_capture: 2 eventos publicados en el stream 'moodle_logs'. Ultimo ID: 24199
2026-08-05 08:49:12,802 [INFO    ] capture.log_capture: 2 eventos publicados en el stream 'moodle_logs'. Ultimo ID: 24201
2026-08-05 08:49:42,811 [INFO    ] capture.log_capture: 2 eventos publicados en el stream 'moodle_logs'. Ultimo ID: 24203
2026-08-05 08:50:12,821 [INFO    ] capture.log_capture: 1 eventos publicados en el stream 'moodle_logs'. Ultimo ID: 24204
2026-08-05 08:50:42,830 [INFO    ] capture.log_capture: 1 eventos publicados en el stream 'moodle_logs'. Ultimo ID: 24205
2026-08-05 08:51:12,838 [INFO    ] capture.log_capture: 2 eventos publicados en el stream 'moodle_logs'. Ultimo ID: 24207
2026-08-05 08:51:42,848 [INFO    ] capture.log_capture: 3 eventos publicados en el stream 'moodle_logs'. Ultimo ID: 24210
2026-08-05 08:52:12,858 [INFO    ] capture.log_capture: 2 eventos publicados en el stream 'moodle_logs'. Ultimo ID: 24212
2026-08-05 08:52:42,870 [INFO    ] capture.log_capture: 3 eventos publicados en el stream 'moodle_logs'. Ultimo ID: 24215
2026-08-05 08:53:12,879 [INFO    ] capture.log_capture: 1 eventos publicados en el stream 'moodle_logs'. Ultimo ID: 24216
2026-08-05 08:53:32,886 [INFO    ] capture.log_capture: 3 eventos publicados en el stream 'moodle_logs'. Ultimo ID: 24219
2026-08-05 08:54:22,900 [INFO    ] capture.log_capture: 3 eventos publicados en el stream 'moodle_logs'. Ultimo ID: 24222
2026-08-05 08:54:52,907 [INFO    ] capture.log_capture: 1 eventos publicados en el stream 'moodle_logs'. Ultimo ID: 24223
2026-08-05 08:55:02,912 [INFO    ] capture.log_capture: 3 eventos publicados en el stream 'moodle_logs'. Ultimo ID: 24226
2026-08-05 08:55:22,920 [INFO    ] capture.log_capture: 1 eventos publicados en el stream 'moodle_logs'. Ultimo ID: 24227
2026-08-05 08:55:51,441 [WARNING ] drift.concept_drift_detector: Concept drift detected: error_rate, confidence: 52.96%
2026-08-05 08:56:02,934 [INFO    ] capture.log_capture: 2 eventos publicados en el stream 'moodle_logs'. Ultimo ID: 24229
2026-08-05 08:56:32,941 [INFO    ] capture.log_capture: 1 eventos publicados en el stream 'moodle_logs'. Ultimo ID: 24230
2026-08-05 08:57:12,952 [INFO    ] capture.log_capture: 2 eventos publicados en el stream 'moodle_logs'. Ultimo ID: 24232
2026-08-05 08:57:42,961 [INFO    ] capture.log_capture: 1 eventos publicados en el stream 'moodle_logs'. Ultimo ID: 24233
2026-08-05 08:58:12,969 [INFO    ] capture.log_capture: 1 eventos publicados en el stream 'moodle_logs'. Ultimo ID: 24234
2026-08-05 08:58:32,976 [INFO    ] capture.log_capture: 1 eventos publicados en el stream 'moodle_logs'. Ultimo ID: 24235
2026-08-05 08:59:02,985 [INFO    ] capture.log_capture: 3 eventos publicados en el stream 'moodle_logs'. Ultimo ID: 24238
2026-08-05 08:59:32,993 [INFO    ] capture.log_capture: 3 eventos publicados en el stream 'moodle_logs'. Ultimo ID: 24241
2026-08-05 08:59:53,001 [INFO    ] capture.log_capture: 5 eventos publicados en el stream 'moodle_logs'. Ultimo ID: 24246
2026-08-05 09:00:23,011 [INFO    ] capture.log_capture: 3 eventos publicados en el stream 'moodle_logs'. Ultimo ID: 24249
2026-08-05 09:01:03,023 [INFO    ] capture.log_capture: 2 eventos publicados en el stream 'moodle_logs'. Ultimo ID: 24251
2026-08-05 09:01:33,032 [INFO    ] capture.log_capture: 7 eventos publicados en el stream 'moodle_logs'. Ultimo ID: 24258
2026-08-05 09:02:33,044 [INFO    ] capture.log_capture: 1 eventos publicados en el stream 'moodle_logs'. Ultimo ID: 24259
2026-08-05 09:03:03,053 [INFO    ] capture.log_capture: 2 eventos publicados en el stream 'moodle_logs'. Ultimo ID: 24261
2026-08-05 09:03:33,062 [INFO    ] capture.log_capture: 3 eventos publicados en el stream 'moodle_logs'. Ultimo ID: 24264
2026-08-05 09:04:03,068 [INFO    ] capture.log_capture: 2 eventos publicados en el stream 'moodle_logs'. Ultimo ID: 24266
2026-08-05 09:04:23,075 [INFO    ] capture.log_capture: 4 eventos publicados en el stream 'moodle_logs'. Ultimo ID: 24270
2026-08-05 09:04:53,084 [INFO    ] capture.log_capture: 2 eventos publicados en el stream 'moodle_logs'. Ultimo ID: 24272
2026-08-05 09:05:23,094 [INFO    ] capture.log_capture: 1 eventos publicados en el stream 'moodle_logs'. Ultimo ID: 24273
2026-08-05 09:05:43,101 [INFO    ] capture.log_capture: 3 eventos publicados en el stream 'moodle_logs'. Ultimo ID: 24276
2026-08-05 09:06:33,116 [INFO    ] capture.log_capture: 2 eventos publicados en el stream 'moodle_logs'. Ultimo ID: 24278
2026-08-05 09:07:03,124 [INFO    ] capture.log_capture: 1 eventos publicados en el stream 'moodle_logs'. Ultimo ID: 24279
2026-08-05 09:08:03,140 [INFO    ] capture.log_capture: 1 eventos publicados en el stream 'moodle_logs'. Ultimo ID: 24280
2026-08-05 09:08:33,150 [INFO    ] capture.log_capture: 1 eventos publicados en el stream 'moodle_logs'. Ultimo ID: 24281
2026-08-05 09:09:23,164 [INFO    ] capture.log_capture: 4 eventos publicados en el stream 'moodle_logs'. Ultimo ID: 24285
2026-08-05 09:09:53,174 [INFO    ] capture.log_capture: 3 eventos publicados en el stream 'moodle_logs'. Ultimo ID: 24288
2026-08-05 09:10:13,182 [INFO    ] capture.log_capture: 2 eventos publicados en el stream 'moodle_logs'. Ultimo ID: 24290
2026-08-05 09:10:43,190 [INFO    ] capture.log_capture: 2 eventos publicados en el stream 'moodle_logs'. Ultimo ID: 24292
2026-08-05 09:11:13,198 [INFO    ] capture.log_capture: 1 eventos publicados en el stream 'moodle_logs'. Ultimo ID: 24293
2026-08-05 09:11:43,208 [INFO    ] capture.log_capture: 3 eventos publicados en el stream 'moodle_logs'. Ultimo ID: 24296
2026-08-05 09:12:13,218 [INFO    ] capture.log_capture: 2 eventos publicados en el stream 'moodle_logs'. Ultimo ID: 24298
2026-08-05 09:12:43,228 [INFO    ] capture.log_capture: 3 eventos publicados en el stream 'moodle_logs'. Ultimo ID: 24301
2026-08-05 09:13:13,237 [INFO    ] capture.log_capture: 2 eventos publicados en el stream 'moodle_logs'. Ultimo ID: 24303
2026-08-05 09:13:33,244 [INFO    ] capture.log_capture: 3 eventos publicados en el stream 'moodle_logs'. Ultimo ID: 24306
2026-08-05 09:13:43,250 [INFO    ] capture.log_capture: 3 eventos publicados en el stream 'moodle_logs'. Ultimo ID: 24309
2026-08-05 09:14:13,259 [INFO    ] capture.log_capture: 1 eventos publicados en el stream 'moodle_logs'. Ultimo ID: 24310
2026-08-05 09:14:43,268 [INFO    ] capture.log_capture: 5 eventos publicados en el stream 'moodle_logs'. Ultimo ID: 24315
2026-08-05 09:15:13,278 [INFO    ] capture.log_capture: 6 eventos publicados en el stream 'moodle_logs'. Ultimo ID: 24321
2026-08-05 09:15:43,287 [INFO    ] capture.log_capture: 3 eventos publicados en el stream 'moodle_logs'. Ultimo ID: 24324
2026-08-05 09:16:13,299 [INFO    ] capture.log_capture: 2 eventos publicados en el stream 'moodle_logs'. Ultimo ID: 24326
2026-08-05 09:16:43,310 [INFO    ] capture.log_capture: 2 eventos publicados en el stream 'moodle_logs'. Ultimo ID: 24328
2026-08-05 09:17:11,771 [WARNING ] drift.concept_drift_detector: Concept drift detected: error_rate, confidence: 53.75%
2026-08-05 09:17:13,319 [INFO    ] capture.log_capture: 2 eventos publicados en el stream 'moodle_logs'. Ultimo ID: 24330
2026-08-05 09:17:33,325 [INFO    ] capture.log_capture: 1 eventos publicados en el stream 'moodle_logs'. Ultimo ID: 24331
2026-08-05 09:18:13,336 [INFO    ] capture.log_capture: 1 eventos publicados en el stream 'moodle_logs'. Ultimo ID: 24332
2026-08-05 09:18:43,346 [INFO    ] capture.log_capture: 3 eventos publicados en el stream 'moodle_logs'. Ultimo ID: 24335
2026-08-05 09:19:03,353 [INFO    ] capture.log_capture: 2 eventos publicados en el stream 'moodle_logs'. Ultimo ID: 24337
2026-08-05 09:19:13,359 [INFO    ] capture.log_capture: 2 eventos publicados en el stream 'moodle_logs'. Ultimo ID: 24339
2026-08-05 09:20:03,372 [INFO    ] capture.log_capture: 2 eventos publicados en el stream 'moodle_logs'. Ultimo ID: 24341
2026-08-05 09:20:43,383 [INFO    ] capture.log_capture: 3 eventos publicados en el stream 'moodle_logs'. Ultimo ID: 24344
2026-08-05 09:21:13,392 [INFO    ] capture.log_capture: 2 eventos publicados en el stream 'moodle_logs'. Ultimo ID: 24346
2026-08-05 09:21:33,399 [INFO    ] capture.log_capture: 1 eventos publicados en el stream 'moodle_logs'. Ultimo ID: 24347
2026-08-05 09:22:03,408 [INFO    ] capture.log_capture: 1 eventos publicados en el stream 'moodle_logs'. Ultimo ID: 24348
2026-08-05 09:22:23,416 [INFO    ] capture.log_capture: 1 eventos publicados en el stream 'moodle_logs'. Ultimo ID: 24349
2026-08-05 09:22:53,425 [INFO    ] capture.log_capture: 2 eventos publicados en el stream 'moodle_logs'. Ultimo ID: 24351
2026-08-05 09:23:23,434 [INFO    ] capture.log_capture: 1 eventos publicados en el stream 'moodle_logs'. Ultimo ID: 24352
2026-08-05 09:23:53,444 [INFO    ] capture.log_capture: 1 eventos publicados en el stream 'moodle_logs'. Ultimo ID: 24353
2026-08-05 09:24:23,455 [INFO    ] capture.log_capture: 1 eventos publicados en el stream 'moodle_logs'. Ultimo ID: 24354
2026-08-05 09:24:53,464 [INFO    ] capture.log_capture: 2 eventos publicados en el stream 'moodle_logs'. Ultimo ID: 24356
2026-08-05 09:25:43,478 [INFO    ] capture.log_capture: 1 eventos publicados en el stream 'moodle_logs'. Ultimo ID: 24357
2026-08-05 09:26:23,490 [INFO    ] capture.log_capture: 3 eventos publicados en el stream 'moodle_logs'. Ultimo ID: 24360
2026-08-05 09:26:43,497 [INFO    ] capture.log_capture: 2 eventos publicados en el stream 'moodle_logs'. Ultimo ID: 24362
2026-08-05 09:27:13,507 [INFO    ] capture.log_capture: 3 eventos publicados en el stream 'moodle_logs'. Ultimo ID: 24365
2026-08-05 09:27:43,517 [INFO    ] capture.log_capture: 3 eventos publicados en el stream 'moodle_logs'. Ultimo ID: 24368
2026-08-05 09:28:13,526 [INFO    ] capture.log_capture: 2 eventos publicados en el stream 'moodle_logs'. Ultimo ID: 24370
2026-08-05 09:28:43,534 [INFO    ] capture.log_capture: 2 eventos publicados en el stream 'moodle_logs'. Ultimo ID: 24372
2026-08-05 09:29:03,540 [INFO    ] capture.log_capture: 3 eventos publicados en el stream 'moodle_logs'. Ultimo ID: 24375
2026-08-05 09:29:13,545 [INFO    ] capture.log_capture: 2 eventos publicados en el stream 'moodle_logs'. Ultimo ID: 24377
2026-08-05 09:29:43,553 [INFO    ] capture.log_capture: 1 eventos publicados en el stream 'moodle_logs'. Ultimo ID: 24378
2026-08-05 09:30:33,564 [INFO    ] capture.log_capture: 1 eventos publicados en el stream 'moodle_logs'. Ultimo ID: 24379
2026-08-05 09:31:03,573 [INFO    ] capture.log_capture: 1 eventos publicados en el stream 'moodle_logs'. Ultimo ID: 24380
2026-08-05 09:31:33,582 [INFO    ] capture.log_capture: 3 eventos publicados en el stream 'moodle_logs'. Ultimo ID: 24383
2026-08-05 09:32:03,590 [INFO    ] capture.log_capture: 3 eventos publicados en el stream 'moodle_logs'. Ultimo ID: 24386
2026-08-05 09:32:23,597 [INFO    ] capture.log_capture: 2 eventos publicados en el stream 'moodle_logs'. Ultimo ID: 24388
2026-08-05 09:33:03,608 [INFO    ] capture.log_capture: 1 eventos publicados en el stream 'moodle_logs'. Ultimo ID: 24389
2026-08-05 09:33:26,090 [WARNING ] drift.concept_drift_detector: Concept drift detected: error_rate, confidence: 50.09%
2026-08-05 09:33:33,616 [INFO    ] capture.log_capture: 2 eventos publicados en el stream 'moodle_logs'. Ultimo ID: 24391
2026-08-05 09:33:53,622 [INFO    ] capture.log_capture: 1 eventos publicados en el stream 'moodle_logs'. Ultimo ID: 24392
2026-08-05 09:34:23,631 [INFO    ] capture.log_capture: 5 eventos publicados en el stream 'moodle_logs'. Ultimo ID: 24397
2026-08-05 09:34:43,638 [INFO    ] capture.log_capture: 1 eventos publicados en el stream 'moodle_logs'. Ultimo ID: 24398
2026-08-05 09:34:53,642 [INFO    ] capture.log_capture: 1 eventos publicados en el stream 'moodle_logs'. Ultimo ID: 24399
2026-08-05 09:35:23,651 [INFO    ] capture.log_capture: 1 eventos publicados en el stream 'moodle_logs'. Ultimo ID: 24400
2026-08-05 09:35:43,657 [INFO    ] capture.log_capture: 2 eventos publicados en el stream 'moodle_logs'. Ultimo ID: 24402
2026-08-05 09:36:13,665 [INFO    ] capture.log_capture: 1 eventos publicados en el stream 'moodle_logs'. Ultimo ID: 24403
2026-08-05 09:36:53,676 [INFO    ] capture.log_capture: 1 eventos publicados en el stream 'moodle_logs'. Ultimo ID: 24404
2026-08-05 09:37:13,683 [INFO    ] capture.log_capture: 2 eventos publicados en el stream 'moodle_logs'. Ultimo ID: 24406
2026-08-05 09:37:53,696 [INFO    ] capture.log_capture: 5 eventos publicados en el stream 'moodle_logs'. Ultimo ID: 24411
2026-08-05 09:38:13,704 [INFO    ] capture.log_capture: 2 eventos publicados en el stream 'moodle_logs'. Ultimo ID: 24413
2026-08-05 09:38:43,713 [INFO    ] capture.log_capture: 2 eventos publicados en el stream 'moodle_logs'. Ultimo ID: 24415
2026-08-05 09:38:53,718 [INFO    ] capture.log_capture: 1 eventos publicados en el stream 'moodle_logs'. Ultimo ID: 24416
2026-08-05 09:39:13,725 [INFO    ] capture.log_capture: 3 eventos publicados en el stream 'moodle_logs'. Ultimo ID: 24419
2026-08-05 09:39:43,736 [INFO    ] capture.log_capture: 4 eventos publicados en el stream 'moodle_logs'. Ultimo ID: 24423
2026-08-05 09:40:13,745 [INFO    ] capture.log_capture: 2 eventos publicados en el stream 'moodle_logs'. Ultimo ID: 24425
2026-08-05 09:40:43,755 [INFO    ] capture.log_capture: 2 eventos publicados en el stream 'moodle_logs'. Ultimo ID: 24427
2026-08-05 09:41:13,765 [INFO    ] capture.log_capture: 2 eventos publicados en el stream 'moodle_logs'. Ultimo ID: 24429
2026-08-05 09:41:43,775 [INFO    ] capture.log_capture: 3 eventos publicados en el stream 'moodle_logs'. Ultimo ID: 24432
2026-08-05 09:42:13,786 [INFO    ] capture.log_capture: 4 eventos publicados en el stream 'moodle_logs'. Ultimo ID: 24436
2026-08-05 09:42:43,794 [INFO    ] capture.log_capture: 2 eventos publicados en el stream 'moodle_logs'. Ultimo ID: 24438
2026-08-05 09:42:53,800 [INFO    ] capture.log_capture: 2 eventos publicados en el stream 'moodle_logs'. Ultimo ID: 24440
2026-08-05 09:43:23,810 [INFO    ] capture.log_capture: 4 eventos publicados en el stream 'moodle_logs'. Ultimo ID: 24444
2026-08-05 09:43:53,819 [INFO    ] capture.log_capture: 1 eventos publicados en el stream 'moodle_logs'. Ultimo ID: 24445
2026-08-05 09:44:13,827 [INFO    ] capture.log_capture: 2 eventos publicados en el stream 'moodle_logs'. Ultimo ID: 24447
2026-08-05 09:44:43,836 [INFO    ] capture.log_capture: 4 eventos publicados en el stream 'moodle_logs'. Ultimo ID: 24451
2026-08-05 09:44:53,841 [INFO    ] capture.log_capture: 1 eventos publicados en el stream 'moodle_logs'. Ultimo ID: 24452
2026-08-05 09:45:23,850 [INFO    ] capture.log_capture: 4 eventos publicados en el stream 'moodle_logs'. Ultimo ID: 24456
2026-08-05 09:45:53,859 [INFO    ] capture.log_capture: 3 eventos publicados en el stream 'moodle_logs'. Ultimo ID: 24459
2026-08-05 09:46:13,867 [INFO    ] capture.log_capture: 2 eventos publicados en el stream 'moodle_logs'. Ultimo ID: 24461
2026-08-05 09:46:53,876 [INFO    ] capture.log_capture: 3 eventos publicados en el stream 'moodle_logs'. Ultimo ID: 24464
2026-08-05 09:47:13,885 [INFO    ] capture.log_capture: 5 eventos publicados en el stream 'moodle_logs'. Ultimo ID: 24469
2026-08-05 09:47:43,894 [INFO    ] capture.log_capture: 2 eventos publicados en el stream 'moodle_logs'. Ultimo ID: 24471
2026-08-05 09:48:13,903 [INFO    ] capture.log_capture: 2 eventos publicados en el stream 'moodle_logs'. Ultimo ID: 24473
2026-08-05 09:48:43,913 [INFO    ] capture.log_capture: 3 eventos publicados en el stream 'moodle_logs'. Ultimo ID: 24476
2026-08-05 09:49:13,922 [INFO    ] capture.log_capture: 1 eventos publicados en el stream 'moodle_logs'. Ultimo ID: 24477
2026-08-05 09:49:43,931 [INFO    ] capture.log_capture: 1 eventos publicados en el stream 'moodle_logs'. Ultimo ID: 24478
2026-08-05 09:50:43,947 [INFO    ] capture.log_capture: 3 eventos publicados en el stream 'moodle_logs'. Ultimo ID: 24481
2026-08-05 09:51:23,962 [INFO    ] capture.log_capture: 4 eventos publicados en el stream 'moodle_logs'. Ultimo ID: 24485
2026-08-05 09:51:38,276 [WARNING ] drift.concept_drift_detector: Concept drift detected: error_rate, confidence: 50.73%
2026-08-05 09:51:43,968 [INFO    ] capture.log_capture: 3 eventos publicados en el stream 'moodle_logs'. Ultimo ID: 24488
2026-08-05 09:52:13,976 [INFO    ] capture.log_capture: 3 eventos publicados en el stream 'moodle_logs'. Ultimo ID: 24491
2026-08-05 09:52:43,987 [INFO    ] capture.log_capture: 3 eventos publicados en el stream 'moodle_logs'. Ultimo ID: 24494
2026-08-05 09:53:13,998 [INFO    ] capture.log_capture: 2 eventos publicados en el stream 'moodle_logs'. Ultimo ID: 24496
2026-08-05 09:53:34,005 [INFO    ] capture.log_capture: 3 eventos publicados en el stream 'moodle_logs'. Ultimo ID: 24499
2026-08-05 09:54:14,014 [INFO    ] capture.log_capture: 1 eventos publicados en el stream 'moodle_logs'. Ultimo ID: 24500
2026-08-05 09:54:34,021 [INFO    ] capture.log_capture: 4 eventos publicados en el stream 'moodle_logs'. Ultimo ID: 24504
2026-08-05 09:55:04,031 [INFO    ] capture.log_capture: 1 eventos publicados en el stream 'moodle_logs'. Ultimo ID: 24505
2026-08-05 09:55:44,042 [INFO    ] capture.log_capture: 3 eventos publicados en el stream 'moodle_logs'. Ultimo ID: 24508
2026-08-05 09:56:34,055 [INFO    ] capture.log_capture: 2 eventos publicados en el stream 'moodle_logs'. Ultimo ID: 24510
2026-08-05 09:57:04,064 [INFO    ] capture.log_capture: 6 eventos publicados en el stream 'moodle_logs'. Ultimo ID: 24516
2026-08-05 09:57:44,074 [INFO    ] capture.log_capture: 4 eventos publicados en el stream 'moodle_logs'. Ultimo ID: 24520
2026-08-05 09:58:14,082 [INFO    ] capture.log_capture: 2 eventos publicados en el stream 'moodle_logs'. Ultimo ID: 24522
2026-08-05 09:58:34,089 [INFO    ] capture.log_capture: 1 eventos publicados en el stream 'moodle_logs'. Ultimo ID: 24523
2026-08-05 09:59:14,099 [INFO    ] capture.log_capture: 1 eventos publicados en el stream 'moodle_logs'. Ultimo ID: 24524
2026-08-05 09:59:44,107 [INFO    ] capture.log_capture: 3 eventos publicados en el stream 'moodle_logs'. Ultimo ID: 24527
2026-08-05 10:00:14,115 [INFO    ] capture.log_capture: 1 eventos publicados en el stream 'moodle_logs'. Ultimo ID: 24528
2026-08-05 10:00:34,122 [INFO    ] capture.log_capture: 2 eventos publicados en el stream 'moodle_logs'. Ultimo ID: 24530
2026-08-05 10:01:04,130 [INFO    ] capture.log_capture: 1 eventos publicados en el stream 'moodle_logs'. Ultimo ID: 24531
2026-08-05 10:01:34,139 [INFO    ] capture.log_capture: 3 eventos publicados en el stream 'moodle_logs'. Ultimo ID: 24534
2026-08-05 10:01:54,146 [INFO    ] capture.log_capture: 2 eventos publicados en el stream 'moodle_logs'. Ultimo ID: 24536
2026-08-05 10:02:24,156 [INFO    ] capture.log_capture: 3 eventos publicados en el stream 'moodle_logs'. Ultimo ID: 24539
2026-08-05 10:02:54,163 [INFO    ] capture.log_capture: 1 eventos publicados en el stream 'moodle_logs'. Ultimo ID: 24540
2026-08-05 10:03:34,173 [INFO    ] capture.log_capture: 3 eventos publicados en el stream 'moodle_logs'. Ultimo ID: 24543
2026-08-05 10:03:54,181 [INFO    ] capture.log_capture: 2 eventos publicados en el stream 'moodle_logs'. Ultimo ID: 24545
2026-08-05 10:04:24,191 [INFO    ] capture.log_capture: 2 eventos publicados en el stream 'moodle_logs'. Ultimo ID: 24547
2026-08-05 10:05:04,202 [INFO    ] capture.log_capture: 1 eventos publicados en el stream 'moodle_logs'. Ultimo ID: 24548
2026-08-05 10:05:34,210 [INFO    ] capture.log_capture: 3 eventos publicados en el stream 'moodle_logs'. Ultimo ID: 24551
2026-08-05 10:06:04,218 [INFO    ] capture.log_capture: 1 eventos publicados en el stream 'moodle_logs'. Ultimo ID: 24552
2026-08-05 10:06:34,229 [INFO    ] capture.log_capture: 2 eventos publicados en el stream 'moodle_logs'. Ultimo ID: 24554
2026-08-05 10:06:54,236 [INFO    ] capture.log_capture: 2 eventos publicados en el stream 'moodle_logs'. Ultimo ID: 24556
2026-08-05 10:07:24,245 [INFO    ] capture.log_capture: 1 eventos publicados en el stream 'moodle_logs'. Ultimo ID: 24557
2026-08-05 10:08:24,260 [INFO    ] capture.log_capture: 1 eventos publicados en el stream 'moodle_logs'. Ultimo ID: 24558
2026-08-05 10:08:54,269 [INFO    ] capture.log_capture: 1 eventos publicados en el stream 'moodle_logs'. Ultimo ID: 24559
2026-08-05 10:09:24,278 [INFO    ] capture.log_capture: 3 eventos publicados en el stream 'moodle_logs'. Ultimo ID: 24562
2026-08-05 10:09:54,289 [INFO    ] capture.log_capture: 3 eventos publicados en el stream 'moodle_logs'. Ultimo ID: 24565
2026-08-05 10:10:24,301 [INFO    ] capture.log_capture: 1 eventos publicados en el stream 'moodle_logs'. Ultimo ID: 24566
2026-08-05 10:10:54,311 [INFO    ] capture.log_capture: 1 eventos publicados en el stream 'moodle_logs'. Ultimo ID: 24567
2026-08-05 10:11:00,760 [WARNING ] drift.concept_drift_detector: Concept drift detected: error_rate, confidence: 50.86%
2026-08-05 10:11:34,322 [INFO    ] capture.log_capture: 6 eventos publicados en el stream 'moodle_logs'. Ultimo ID: 24573
2026-08-05 10:12:04,332 [INFO    ] capture.log_capture: 3 eventos publicados en el stream 'moodle_logs'. Ultimo ID: 24576
2026-08-05 10:12:34,341 [INFO    ] capture.log_capture: 2 eventos publicados en el stream 'moodle_logs'. Ultimo ID: 24578
2026-08-05 10:13:04,350 [INFO    ] capture.log_capture: 3 eventos publicados en el stream 'moodle_logs'. Ultimo ID: 24581
2026-08-05 10:13:54,362 [INFO    ] capture.log_capture: 3 eventos publicados en el stream 'moodle_logs'. Ultimo ID: 24584
2026-08-05 10:14:14,377 [INFO    ] capture.log_capture: 2 eventos publicados en el stream 'moodle_logs'. Ultimo ID: 24586
2026-08-05 10:14:44,385 [INFO    ] capture.log_capture: 2 eventos publicados en el stream 'moodle_logs'. Ultimo ID: 24588
2026-08-05 10:15:14,402 [INFO    ] capture.log_capture: 1 eventos publicados en el stream 'moodle_logs'. Ultimo ID: 24589
2026-08-05 10:15:44,415 [INFO    ] capture.log_capture: 1 eventos publicados en el stream 'moodle_logs'. Ultimo ID: 24590
2026-08-05 10:16:04,435 [INFO    ] capture.log_capture: 2 eventos publicados en el stream 'moodle_logs'. Ultimo ID: 24592
2026-08-05 10:16:34,445 [INFO    ] capture.log_capture: 4 eventos publicados en el stream 'moodle_logs'. Ultimo ID: 24596
2026-08-05 10:17:04,453 [INFO    ] capture.log_capture: 2 eventos publicados en el stream 'moodle_logs'. Ultimo ID: 24598
2026-08-05 10:17:34,462 [INFO    ] capture.log_capture: 3 eventos publicados en el stream 'moodle_logs'. Ultimo ID: 24601
2026-08-05 10:18:14,473 [INFO    ] capture.log_capture: 2 eventos publicados en el stream 'moodle_logs'. Ultimo ID: 24603
2026-08-05 10:18:44,480 [INFO    ] capture.log_capture: 2 eventos publicados en el stream 'moodle_logs'. Ultimo ID: 24605
2026-08-05 10:19:14,490 [INFO    ] capture.log_capture: 3 eventos publicados en el stream 'moodle_logs'. Ultimo ID: 24608
2026-08-05 10:19:24,495 [INFO    ] capture.log_capture: 2 eventos publicados en el stream 'moodle_logs'. Ultimo ID: 24610
2026-08-05 10:19:44,501 [INFO    ] capture.log_capture: 1 eventos publicados en el stream 'moodle_logs'. Ultimo ID: 24611
2026-08-05 10:20:04,506 [INFO    ] capture.log_capture: 2 eventos publicados en el stream 'moodle_logs'. Ultimo ID: 24613
2026-08-05 10:20:14,511 [INFO    ] capture.log_capture: 3 eventos publicados en el stream 'moodle_logs'. Ultimo ID: 24616
2026-08-05 10:20:34,518 [INFO    ] capture.log_capture: 5 eventos publicados en el stream 'moodle_logs'. Ultimo ID: 24621
2026-08-05 10:21:04,526 [INFO    ] capture.log_capture: 3 eventos publicados en el stream 'moodle_logs'. Ultimo ID: 24624
2026-08-05 10:22:04,539 [INFO    ] capture.log_capture: 1 eventos publicados en el stream 'moodle_logs'. Ultimo ID: 24625
2026-08-05 10:22:24,546 [INFO    ] capture.log_capture: 2 eventos publicados en el stream 'moodle_logs'. Ultimo ID: 24627
2026-08-05 10:22:34,550 [INFO    ] capture.log_capture: 1 eventos publicados en el stream 'moodle_logs'. Ultimo ID: 24628
2026-08-05 10:23:04,558 [INFO    ] capture.log_capture: 3 eventos publicados en el stream 'moodle_logs'. Ultimo ID: 24631
2026-08-05 10:23:07,002 [INFO    ] models.anomaly_detector: Isolation Forest reentrenado con 1000 muestras.
2026-08-05 10:23:34,566 [INFO    ] capture.log_capture: 1 eventos publicados en el stream 'moodle_logs'. Ultimo ID: 24632
2026-08-05 10:24:04,575 [INFO    ] capture.log_capture: 2 eventos publicados en el stream 'moodle_logs'. Ultimo ID: 24634
2026-08-05 10:24:34,582 [INFO    ] capture.log_capture: 1 eventos publicados en el stream 'moodle_logs'. Ultimo ID: 24635
2026-08-05 10:24:54,589 [INFO    ] capture.log_capture: 2 eventos publicados en el stream 'moodle_logs'. Ultimo ID: 24637
2026-08-05 10:25:24,599 [INFO    ] capture.log_capture: 1 eventos publicados en el stream 'moodle_logs'. Ultimo ID: 24638
2026-08-05 10:26:34,615 [INFO    ] capture.log_capture: 1 eventos publicados en el stream 'moodle_logs'. Ultimo ID: 24639
2026-08-05 10:27:04,624 [INFO    ] capture.log_capture: 1 eventos publicados en el stream 'moodle_logs'. Ultimo ID: 24640
2026-08-05 10:27:34,635 [INFO    ] capture.log_capture: 4 eventos publicados en el stream 'moodle_logs'. Ultimo ID: 24644
2026-08-05 10:28:04,647 [INFO    ] capture.log_capture: 4 eventos publicados en el stream 'moodle_logs'. Ultimo ID: 24648
2026-08-05 10:28:24,653 [INFO    ] capture.log_capture: 1 eventos publicados en el stream 'moodle_logs'. Ultimo ID: 24649
2026-08-05 10:28:34,658 [INFO    ] capture.log_capture: 1 eventos publicados en el stream 'moodle_logs'. Ultimo ID: 24650
2026-08-05 10:29:04,667 [INFO    ] capture.log_capture: 2 eventos publicados en el stream 'moodle_logs'. Ultimo ID: 24652
2026-08-05 10:29:34,676 [INFO    ] capture.log_capture: 2 eventos publicados en el stream 'moodle_logs'. Ultimo ID: 24654
2026-08-05 10:30:04,684 [INFO    ] capture.log_capture: 4 eventos publicados en el stream 'moodle_logs'. Ultimo ID: 24658
2026-08-05 10:30:54,697 [INFO    ] capture.log_capture: 2 eventos publicados en el stream 'moodle_logs'. Ultimo ID: 24660
2026-08-05 10:31:13,051 [WARNING ] drift.concept_drift_detector: Concept drift detected: error_rate, confidence: 51.84%
2026-08-05 10:31:24,707 [INFO    ] capture.log_capture: 2 eventos publicados en el stream 'moodle_logs'. Ultimo ID: 24662
2026-08-05 10:31:44,714 [INFO    ] capture.log_capture: 3 eventos publicados en el stream 'moodle_logs'. Ultimo ID: 24665
2026-08-05 10:32:04,722 [INFO    ] capture.log_capture: 2 eventos publicados en el stream 'moodle_logs'. Ultimo ID: 24667
2026-08-05 10:32:34,730 [INFO    ] capture.log_capture: 1 eventos publicados en el stream 'moodle_logs'. Ultimo ID: 24668
2026-08-05 10:33:04,741 [INFO    ] capture.log_capture: 3 eventos publicados en el stream 'moodle_logs'. Ultimo ID: 24671
2026-08-05 10:33:24,750 [INFO    ] capture.log_capture: 5 eventos publicados en el stream 'moodle_logs'. Ultimo ID: 24676
2026-08-05 10:33:54,759 [INFO    ] capture.log_capture: 2 eventos publicados en el stream 'moodle_logs'. Ultimo ID: 24678
2026-08-05 10:34:24,768 [INFO    ] capture.log_capture: 4 eventos publicados en el stream 'moodle_logs'. Ultimo ID: 24682
2026-08-05 10:34:40,700 [INFO    ] models.lstm_model: LSTM entrenado con 540 secuencias. Umbral: 0.1368
2026-08-05 10:34:44,773 [INFO    ] capture.log_capture: 1 eventos publicados en el stream 'moodle_logs'. Ultimo ID: 24683
2026-08-05 10:35:25,043 [INFO    ] capture.log_capture: 2 eventos publicados en el stream 'moodle_logs'. Ultimo ID: 24685
2026-08-05 10:35:28,808 [INFO    ] models.arima_model: ARIMA((2, 1, 2))x((1, 1, 1, 24)) entrenado con 1012 muestras.
2026-08-05 10:36:25,087 [INFO    ] capture.log_capture: 3 eventos publicados en el stream 'moodle_logs'. Ultimo ID: 24688
2026-08-05 10:36:55,115 [INFO    ] capture.log_capture: 2 eventos publicados en el stream 'moodle_logs'. Ultimo ID: 24690
2026-08-05 10:37:05,120 [INFO    ] capture.log_capture: 1 eventos publicados en el stream 'moodle_logs'. Ultimo ID: 24691
2026-08-05 10:37:25,127 [INFO    ] capture.log_capture: 3 eventos publicados en el stream 'moodle_logs'. Ultimo ID: 24694
2026-08-05 10:37:35,131 [INFO    ] capture.log_capture: 1 eventos publicados en el stream 'moodle_logs'. Ultimo ID: 24695
2026-08-05 10:37:55,138 [INFO    ] capture.log_capture: 2 eventos publicados en el stream 'moodle_logs'. Ultimo ID: 24697
2026-08-05 10:38:15,146 [INFO    ] capture.log_capture: 2 eventos publicados en el stream 'moodle_logs'. Ultimo ID: 24699
2026-08-05 10:38:19,347 [WARNING ] drift.concept_drift_detector: Concept drift detected: distribution, confidence: 58.39%
2026-08-05 10:38:55,158 [INFO    ] capture.log_capture: 3 eventos publicados en el stream 'moodle_logs'. Ultimo ID: 24702
2026-08-05 10:39:19,606 [WARNING ] drift.concept_drift_detector: Concept drift detected: distribution, confidence: 68.47%
2026-08-05 10:39:25,167 [INFO    ] capture.log_capture: 2 eventos publicados en el stream 'moodle_logs'. Ultimo ID: 24704
2026-08-05 10:39:45,173 [INFO    ] capture.log_capture: 4 eventos publicados en el stream 'moodle_logs'. Ultimo ID: 24708
2026-08-05 10:40:19,775 [WARNING ] drift.concept_drift_detector: Concept drift detected: distribution, confidence: 79.06%
2026-08-05 10:40:25,186 [INFO    ] capture.log_capture: 3 eventos publicados en el stream 'moodle_logs'. Ultimo ID: 24711
2026-08-05 10:40:45,194 [INFO    ] capture.log_capture: 3 eventos publicados en el stream 'moodle_logs'. Ultimo ID: 24714
2026-08-05 10:41:15,202 [INFO    ] capture.log_capture: 4 eventos publicados en el stream 'moodle_logs'. Ultimo ID: 24718
2026-08-05 10:41:21,445 [WARNING ] drift.concept_drift_detector: Concept drift detected: distribution, confidence: 90.57%
2026-08-05 10:41:45,212 [INFO    ] capture.log_capture: 3 eventos publicados en el stream 'moodle_logs'. Ultimo ID: 24721
2026-08-05 10:42:21,813 [WARNING ] drift.concept_drift_detector: Concept drift detected: distribution, confidence: 100.00%
2026-08-05 10:42:45,229 [INFO    ] capture.log_capture: 4 eventos publicados en el stream 'moodle_logs'. Ultimo ID: 24725
2026-08-05 10:43:15,239 [INFO    ] capture.log_capture: 3 eventos publicados en el stream 'moodle_logs'. Ultimo ID: 24728
2026-08-05 10:43:23,493 [WARNING ] drift.concept_drift_detector: Concept drift detected: distribution, confidence: 100.00%
2026-08-05 10:43:45,247 [INFO    ] capture.log_capture: 2 eventos publicados en el stream 'moodle_logs'. Ultimo ID: 24730
2026-08-05 10:44:15,256 [INFO    ] capture.log_capture: 5 eventos publicados en el stream 'moodle_logs'. Ultimo ID: 24735
2026-08-05 10:44:23,544 [WARNING ] drift.concept_drift_detector: Concept drift detected: distribution, confidence: 100.00%
2026-08-05 10:44:35,263 [INFO    ] capture.log_capture: 4 eventos publicados en el stream 'moodle_logs'. Ultimo ID: 24739
2026-08-05 10:44:45,268 [INFO    ] capture.log_capture: 1 eventos publicados en el stream 'moodle_logs'. Ultimo ID: 24740
2026-08-05 10:45:05,275 [INFO    ] capture.log_capture: 3 eventos publicados en el stream 'moodle_logs'. Ultimo ID: 24743
2026-08-05 10:45:23,608 [WARNING ] drift.concept_drift_detector: Concept drift detected: distribution, confidence: 100.00%
2026-08-05 10:45:45,288 [INFO    ] capture.log_capture: 3 eventos publicados en el stream 'moodle_logs'. Ultimo ID: 24746
2026-08-05 10:46:05,295 [INFO    ] capture.log_capture: 3 eventos publicados en el stream 'moodle_logs'. Ultimo ID: 24749
2026-08-05 10:46:23,672 [WARNING ] drift.concept_drift_detector: Concept drift detected: distribution, confidence: 100.00%
2026-08-05 10:47:05,311 [INFO    ] capture.log_capture: 2 eventos publicados en el stream 'moodle_logs'. Ultimo ID: 24751
2026-08-05 10:47:23,765 [WARNING ] drift.concept_drift_detector: Concept drift detected: distribution, confidence: 100.00%
2026-08-05 10:47:25,320 [INFO    ] capture.log_capture: 3 eventos publicados en el stream 'moodle_logs'. Ultimo ID: 24754
2026-08-05 10:47:55,332 [INFO    ] capture.log_capture: 6 eventos publicados en el stream 'moodle_logs'. Ultimo ID: 24760
2026-08-05 10:48:23,798 [WARNING ] drift.concept_drift_detector: Concept drift detected: distribution, confidence: 100.00%
2026-08-05 10:48:25,340 [INFO    ] capture.log_capture: 1 eventos publicados en el stream 'moodle_logs'. Ultimo ID: 24761
2026-08-05 10:48:45,348 [INFO    ] capture.log_capture: 4 eventos publicados en el stream 'moodle_logs'. Ultimo ID: 24765
2026-08-05 10:49:15,360 [INFO    ] capture.log_capture: 3 eventos publicados en el stream 'moodle_logs'. Ultimo ID: 24768
2026-08-05 10:49:25,665 [WARNING ] drift.concept_drift_detector: Concept drift detected: distribution, confidence: 100.00%
2026-08-05 10:49:45,371 [INFO    ] capture.log_capture: 2 eventos publicados en el stream 'moodle_logs'. Ultimo ID: 24770
2026-08-05 10:50:15,379 [INFO    ] capture.log_capture: 2 eventos publicados en el stream 'moodle_logs'. Ultimo ID: 24772
2026-08-05 10:50:27,637 [WARNING ] drift.concept_drift_detector: Concept drift detected: distribution, confidence: 100.00%
2026-08-05 10:50:35,387 [INFO    ] capture.log_capture: 3 eventos publicados en el stream 'moodle_logs'. Ultimo ID: 24775
2026-08-05 10:51:05,397 [INFO    ] capture.log_capture: 1 eventos publicados en el stream 'moodle_logs'. Ultimo ID: 24776
2026-08-05 10:51:15,403 [INFO    ] capture.log_capture: 2 eventos publicados en el stream 'moodle_logs'. Ultimo ID: 24778
2026-08-05 10:51:27,733 [WARNING ] drift.concept_drift_detector: Concept drift detected: distribution, confidence: 100.00%
2026-08-05 10:52:28,456 [WARNING ] drift.concept_drift_detector: Concept drift detected: distribution, confidence: 100.00%
2026-08-05 10:52:35,424 [INFO    ] capture.log_capture: 3 eventos publicados en el stream 'moodle_logs'. Ultimo ID: 24781
2026-08-05 10:53:05,435 [INFO    ] capture.log_capture: 6 eventos publicados en el stream 'moodle_logs'. Ultimo ID: 24787
2026-08-05 10:53:25,443 [INFO    ] capture.log_capture: 2 eventos publicados en el stream 'moodle_logs'. Ultimo ID: 24789
2026-08-05 10:53:29,644 [WARNING ] drift.concept_drift_detector: Concept drift detected: distribution, confidence: 100.00%
2026-08-05 10:53:55,453 [INFO    ] capture.log_capture: 1 eventos publicados en el stream 'moodle_logs'. Ultimo ID: 24790
2026-08-05 10:54:25,462 [INFO    ] capture.log_capture: 3 eventos publicados en el stream 'moodle_logs'. Ultimo ID: 24793
2026-08-05 10:54:29,730 [WARNING ] drift.concept_drift_detector: Concept drift detected: distribution, confidence: 100.00%
2026-08-05 10:54:55,473 [INFO    ] capture.log_capture: 2 eventos publicados en el stream 'moodle_logs'. Ultimo ID: 24795
2026-08-05 10:55:29,996 [WARNING ] drift.concept_drift_detector: Concept drift detected: distribution, confidence: 100.00%
2026-08-05 10:55:35,485 [INFO    ] capture.log_capture: 2 eventos publicados en el stream 'moodle_logs'. Ultimo ID: 24797
2026-08-05 10:56:05,496 [INFO    ] capture.log_capture: 1 eventos publicados en el stream 'moodle_logs'. Ultimo ID: 24798
2026-08-05 10:56:25,503 [INFO    ] capture.log_capture: 1 eventos publicados en el stream 'moodle_logs'. Ultimo ID: 24799
2026-08-05 10:56:31,764 [WARNING ] drift.concept_drift_detector: Concept drift detected: distribution, confidence: 100.00%
2026-08-05 10:56:55,511 [INFO    ] capture.log_capture: 1 eventos publicados en el stream 'moodle_logs'. Ultimo ID: 24800
2026-08-05 10:57:05,518 [INFO    ] capture.log_capture: 3 eventos publicados en el stream 'moodle_logs'. Ultimo ID: 24803
2026-08-05 10:57:32,033 [WARNING ] drift.concept_drift_detector: Concept drift detected: distribution, confidence: 90.57%
2026-08-05 10:57:35,527 [INFO    ] capture.log_capture: 2 eventos publicados en el stream 'moodle_logs'. Ultimo ID: 24805
2026-08-05 10:58:15,538 [INFO    ] capture.log_capture: 2 eventos publicados en el stream 'moodle_logs'. Ultimo ID: 24807
2026-08-05 10:58:33,950 [WARNING ] drift.concept_drift_detector: Concept drift detected: distribution, confidence: 79.06%
2026-08-05 10:58:45,548 [INFO    ] capture.log_capture: 2 eventos publicados en el stream 'moodle_logs'. Ultimo ID: 24809
2026-08-05 10:59:34,323 [WARNING ] drift.concept_drift_detector: Concept drift detected: distribution, confidence: 68.47%
2026-08-05 10:59:35,558 [INFO    ] capture.log_capture: 4 eventos publicados en el stream 'moodle_logs'. Ultimo ID: 24813
2026-08-05 10:59:45,563 [INFO    ] capture.log_capture: 1 eventos publicados en el stream 'moodle_logs'. Ultimo ID: 24814
2026-08-05 11:00:05,569 [INFO    ] capture.log_capture: 2 eventos publicados en el stream 'moodle_logs'. Ultimo ID: 24816
2026-08-05 11:00:35,578 [INFO    ] capture.log_capture: 1 eventos publicados en el stream 'moodle_logs'. Ultimo ID: 24817
2026-08-05 11:00:35,746 [WARNING ] drift.concept_drift_detector: Concept drift detected: distribution, confidence: 58.39%
2026-08-05 11:01:05,587 [INFO    ] capture.log_capture: 4 eventos publicados en el stream 'moodle_logs'. Ultimo ID: 24821
2026-08-05 11:01:35,595 [INFO    ] capture.log_capture: 4 eventos publicados en el stream 'moodle_logs'. Ultimo ID: 24825
2026-08-05 11:01:35,733 [WARNING ] drift.concept_drift_detector: Concept drift detected: distribution, confidence: 100.00%
2026-08-05 11:02:05,607 [INFO    ] capture.log_capture: 2 eventos publicados en el stream 'moodle_logs'. Ultimo ID: 24827
2026-08-05 11:02:35,616 [INFO    ] capture.log_capture: 2 eventos publicados en el stream 'moodle_logs'. Ultimo ID: 24829
2026-08-05 11:02:35,761 [WARNING ] drift.concept_drift_detector: Concept drift detected: distribution, confidence: 100.00%
2026-08-05 11:03:05,625 [INFO    ] capture.log_capture: 4 eventos publicados en el stream 'moodle_logs'. Ultimo ID: 24833
2026-08-05 11:03:35,635 [INFO    ] capture.log_capture: 2 eventos publicados en el stream 'moodle_logs'. Ultimo ID: 24835
2026-08-05 11:03:35,783 [WARNING ] drift.concept_drift_detector: Concept drift detected: distribution, confidence: 100.00%
2026-08-05 11:04:25,650 [INFO    ] capture.log_capture: 1 eventos publicados en el stream 'moodle_logs'. Ultimo ID: 24836
2026-08-05 11:04:35,907 [WARNING ] drift.concept_drift_detector: Concept drift detected: distribution, confidence: 100.00%
2026-08-05 11:04:55,657 [INFO    ] capture.log_capture: 1 eventos publicados en el stream 'moodle_logs'. Ultimo ID: 24837
2026-08-05 11:05:15,664 [INFO    ] capture.log_capture: 1 eventos publicados en el stream 'moodle_logs'. Ultimo ID: 24838
2026-08-05 11:05:36,066 [WARNING ] drift.concept_drift_detector: Concept drift detected: distribution, confidence: 100.00%
2026-08-05 11:05:45,671 [INFO    ] capture.log_capture: 2 eventos publicados en el stream 'moodle_logs'. Ultimo ID: 24840
2026-08-05 11:06:15,681 [INFO    ] capture.log_capture: 2 eventos publicados en el stream 'moodle_logs'. Ultimo ID: 24842
2026-08-05 11:06:38,042 [WARNING ] drift.concept_drift_detector: Concept drift detected: distribution, confidence: 100.00%
2026-08-05 11:06:45,692 [INFO    ] capture.log_capture: 2 eventos publicados en el stream 'moodle_logs'. Ultimo ID: 24844
2026-08-05 11:07:15,702 [INFO    ] capture.log_capture: 3 eventos publicados en el stream 'moodle_logs'. Ultimo ID: 24847
2026-08-05 11:07:38,144 [WARNING ] drift.concept_drift_detector: Concept drift detected: distribution, confidence: 100.00%
2026-08-05 11:07:45,711 [INFO    ] capture.log_capture: 1 eventos publicados en el stream 'moodle_logs'. Ultimo ID: 24848
2026-08-05 11:08:25,721 [INFO    ] capture.log_capture: 4 eventos publicados en el stream 'moodle_logs'. Ultimo ID: 24852
2026-08-05 11:08:40,014 [WARNING ] drift.concept_drift_detector: Concept drift detected: distribution, confidence: 100.00%
2026-08-05 11:08:45,729 [INFO    ] capture.log_capture: 4 eventos publicados en el stream 'moodle_logs'. Ultimo ID: 24856
2026-08-05 11:09:15,738 [INFO    ] capture.log_capture: 2 eventos publicados en el stream 'moodle_logs'. Ultimo ID: 24858
2026-08-05 11:09:40,181 [WARNING ] drift.concept_drift_detector: Concept drift detected: distribution, confidence: 100.00%
2026-08-05 11:09:45,746 [INFO    ] capture.log_capture: 5 eventos publicados en el stream 'moodle_logs'. Ultimo ID: 24863
2026-08-05 11:10:15,757 [INFO    ] capture.log_capture: 2 eventos publicados en el stream 'moodle_logs'. Ultimo ID: 24865
2026-08-05 11:10:40,239 [WARNING ] drift.concept_drift_detector: Concept drift detected: distribution, confidence: 100.00%
2026-08-05 11:10:55,771 [INFO    ] capture.log_capture: 1 eventos publicados en el stream 'moodle_logs'. Ultimo ID: 24866
2026-08-05 11:11:25,780 [INFO    ] capture.log_capture: 1 eventos publicados en el stream 'moodle_logs'. Ultimo ID: 24867
2026-08-05 11:11:42,128 [WARNING ] drift.concept_drift_detector: Concept drift detected: distribution, confidence: 100.00%
2026-08-05 11:11:45,788 [INFO    ] capture.log_capture: 3 eventos publicados en el stream 'moodle_logs'. Ultimo ID: 24870
2026-08-05 11:12:15,799 [INFO    ] capture.log_capture: 1 eventos publicados en el stream 'moodle_logs'. Ultimo ID: 24871
2026-08-05 11:12:42,289 [WARNING ] drift.concept_drift_detector: Concept drift detected: distribution, confidence: 100.00%
2026-08-05 11:12:55,811 [INFO    ] capture.log_capture: 2 eventos publicados en el stream 'moodle_logs'. Ultimo ID: 24873
2026-08-05 11:13:35,825 [INFO    ] capture.log_capture: 2 eventos publicados en el stream 'moodle_logs'. Ultimo ID: 24875
2026-08-05 11:13:44,145 [WARNING ] drift.concept_drift_detector: Concept drift detected: distribution, confidence: 100.00%
2026-08-05 11:14:05,833 [INFO    ] capture.log_capture: 2 eventos publicados en el stream 'moodle_logs'. Ultimo ID: 24877
2026-08-05 11:14:35,842 [INFO    ] capture.log_capture: 1 eventos publicados en el stream 'moodle_logs'. Ultimo ID: 24878
2026-08-05 11:14:44,140 [WARNING ] drift.concept_drift_detector: Concept drift detected: distribution, confidence: 100.00%
2026-08-05 11:15:05,852 [INFO    ] capture.log_capture: 2 eventos publicados en el stream 'moodle_logs'. Ultimo ID: 24880
2026-08-05 11:15:35,863 [INFO    ] capture.log_capture: 1 eventos publicados en el stream 'moodle_logs'. Ultimo ID: 24881
2026-08-05 11:15:46,119 [WARNING ] drift.concept_drift_detector: Concept drift detected: distribution, confidence: 100.00%
2026-08-05 11:15:55,871 [INFO    ] capture.log_capture: 2 eventos publicados en el stream 'moodle_logs'. Ultimo ID: 24883
2026-08-05 11:16:35,883 [INFO    ] capture.log_capture: 3 eventos publicados en el stream 'moodle_logs'. Ultimo ID: 24886
2026-08-05 11:16:46,181 [WARNING ] drift.concept_drift_detector: Concept drift detected: distribution, confidence: 100.00%
2026-08-05 11:17:05,894 [INFO    ] capture.log_capture: 3 eventos publicados en el stream 'moodle_logs'. Ultimo ID: 24889
2026-08-05 11:17:35,904 [INFO    ] capture.log_capture: 4 eventos publicados en el stream 'moodle_logs'. Ultimo ID: 24893
2026-08-05 11:17:48,194 [WARNING ] drift.concept_drift_detector: Concept drift detected: distribution, confidence: 100.00%
2026-08-05 11:17:55,912 [INFO    ] capture.log_capture: 2 eventos publicados en el stream 'moodle_logs'. Ultimo ID: 24895
2026-08-05 11:18:25,921 [INFO    ] capture.log_capture: 3 eventos publicados en el stream 'moodle_logs'. Ultimo ID: 24898
2026-08-05 11:18:48,346 [WARNING ] drift.concept_drift_detector: Concept drift detected: distribution, confidence: 100.00%
2026-08-05 11:18:55,933 [INFO    ] capture.log_capture: 3 eventos publicados en el stream 'moodle_logs'. Ultimo ID: 24901
2026-08-05 11:19:25,941 [INFO    ] capture.log_capture: 1 eventos publicados en el stream 'moodle_logs'. Ultimo ID: 24902
2026-08-05 11:19:48,401 [WARNING ] drift.concept_drift_detector: Concept drift detected: distribution, confidence: 100.00%
2026-08-05 11:19:55,950 [INFO    ] capture.log_capture: 3 eventos publicados en el stream 'moodle_logs'. Ultimo ID: 24905
2026-08-05 11:20:15,958 [INFO    ] capture.log_capture: 1 eventos publicados en el stream 'moodle_logs'. Ultimo ID: 24906
2026-08-05 11:20:48,464 [WARNING ] drift.concept_drift_detector: Concept drift detected: distribution, confidence: 100.00%
2026-08-05 11:21:05,972 [INFO    ] capture.log_capture: 1 eventos publicados en el stream 'moodle_logs'. Ultimo ID: 24907
2026-08-05 11:21:35,980 [INFO    ] capture.log_capture: 2 eventos publicados en el stream 'moodle_logs'. Ultimo ID: 24909
2026-08-05 11:21:50,356 [WARNING ] drift.concept_drift_detector: Concept drift detected: distribution, confidence: 100.00%
2026-08-05 11:22:15,990 [INFO    ] capture.log_capture: 1 eventos publicados en el stream 'moodle_logs'. Ultimo ID: 24910
2026-08-05 11:22:46,001 [INFO    ] capture.log_capture: 2 eventos publicados en el stream 'moodle_logs'. Ultimo ID: 24912
2026-08-05 11:22:52,238 [WARNING ] drift.concept_drift_detector: Concept drift detected: distribution, confidence: 100.00%
2026-08-05 11:23:16,011 [INFO    ] capture.log_capture: 3 eventos publicados en el stream 'moodle_logs'. Ultimo ID: 24915
2026-08-05 11:23:46,022 [INFO    ] capture.log_capture: 5 eventos publicados en el stream 'moodle_logs'. Ultimo ID: 24920
2026-08-05 11:23:52,293 [WARNING ] drift.concept_drift_detector: Concept drift detected: distribution, confidence: 100.00%
2026-08-05 11:24:16,031 [INFO    ] capture.log_capture: 1 eventos publicados en el stream 'moodle_logs'. Ultimo ID: 24921
2026-08-05 11:24:36,038 [INFO    ] capture.log_capture: 3 eventos publicados en el stream 'moodle_logs'. Ultimo ID: 24924
2026-08-05 11:24:52,373 [WARNING ] drift.concept_drift_detector: Concept drift detected: distribution, confidence: 96.82%
2026-08-05 11:25:06,049 [INFO    ] capture.log_capture: 2 eventos publicados en el stream 'moodle_logs'. Ultimo ID: 24926
2026-08-05 11:25:36,057 [INFO    ] capture.log_capture: 1 eventos publicados en el stream 'moodle_logs'. Ultimo ID: 24927
2026-08-05 11:25:52,432 [WARNING ] drift.concept_drift_detector: Concept drift detected: distribution, confidence: 89.64%
2026-08-05 11:26:06,067 [INFO    ] capture.log_capture: 2 eventos publicados en el stream 'moodle_logs'. Ultimo ID: 24929
2026-08-05 11:26:52,793 [WARNING ] drift.concept_drift_detector: Concept drift detected: distribution, confidence: 82.57%
2026-08-05 11:26:56,080 [INFO    ] capture.log_capture: 1 eventos publicados en el stream 'moodle_logs'. Ultimo ID: 24930
2026-08-05 11:27:06,085 [INFO    ] capture.log_capture: 2 eventos publicados en el stream 'moodle_logs'. Ultimo ID: 24932
2026-08-05 11:27:26,093 [INFO    ] capture.log_capture: 2 eventos publicados en el stream 'moodle_logs'. Ultimo ID: 24934
2026-08-05 11:27:54,566 [WARNING ] drift.concept_drift_detector: Concept drift detected: distribution, confidence: 75.54%
2026-08-05 11:27:56,102 [INFO    ] capture.log_capture: 1 eventos publicados en el stream 'moodle_logs'. Ultimo ID: 24935
2026-08-05 11:28:26,114 [INFO    ] capture.log_capture: 2 eventos publicados en el stream 'moodle_logs'. Ultimo ID: 24937
2026-08-05 11:28:54,632 [WARNING ] drift.concept_drift_detector: Concept drift detected: distribution, confidence: 68.47%
2026-08-05 11:28:56,124 [INFO    ] capture.log_capture: 2 eventos publicados en el stream 'moodle_logs'. Ultimo ID: 24939
2026-08-05 11:29:26,134 [INFO    ] capture.log_capture: 1 eventos publicados en el stream 'moodle_logs'. Ultimo ID: 24940
2026-08-05 11:29:56,143 [INFO    ] capture.log_capture: 1 eventos publicados en el stream 'moodle_logs'. Ultimo ID: 24941
2026-08-05 11:29:56,289 [WARNING ] drift.concept_drift_detector: Concept drift detected: distribution, confidence: 61.24%
2026-08-05 11:30:56,160 [INFO    ] capture.log_capture: 2 eventos publicados en el stream 'moodle_logs'. Ultimo ID: 24943
2026-08-05 11:30:56,306 [WARNING ] drift.concept_drift_detector: Concept drift detected: distribution, confidence: 53.71%
2026-08-05 11:31:36,173 [INFO    ] capture.log_capture: 3 eventos publicados en el stream 'moodle_logs'. Ultimo ID: 24946
2026-08-05 11:31:56,616 [WARNING ] drift.concept_drift_detector: Concept drift detected: distribution, confidence: 100.00%
2026-08-05 11:32:36,188 [INFO    ] capture.log_capture: 6 eventos publicados en el stream 'moodle_logs'. Ultimo ID: 24952
2026-08-05 11:32:56,610 [WARNING ] drift.concept_drift_detector: Concept drift detected: distribution, confidence: 100.00%
2026-08-05 11:33:06,198 [INFO    ] capture.log_capture: 1 eventos publicados en el stream 'moodle_logs'. Ultimo ID: 24953
2026-08-05 11:33:46,211 [INFO    ] capture.log_capture: 5 eventos publicados en el stream 'moodle_logs'. Ultimo ID: 24958
2026-08-05 11:33:58,486 [WARNING ] drift.concept_drift_detector: Concept drift detected: distribution, confidence: 100.00%
2026-08-05 11:34:06,220 [INFO    ] capture.log_capture: 3 eventos publicados en el stream 'moodle_logs'. Ultimo ID: 24961
2026-08-05 11:34:36,231 [INFO    ] capture.log_capture: 5 eventos publicados en el stream 'moodle_logs'. Ultimo ID: 24966
2026-08-05 11:34:58,666 [WARNING ] drift.concept_drift_detector: Concept drift detected: distribution, confidence: 100.00%
2026-08-05 11:35:06,240 [INFO    ] capture.log_capture: 3 eventos publicados en el stream 'moodle_logs'. Ultimo ID: 24969
2026-08-05 11:35:36,250 [INFO    ] capture.log_capture: 2 eventos publicados en el stream 'moodle_logs'. Ultimo ID: 24971
2026-08-05 11:35:56,258 [INFO    ] capture.log_capture: 4 eventos publicados en el stream 'moodle_logs'. Ultimo ID: 24975
2026-08-05 11:36:00,445 [WARNING ] drift.concept_drift_detector: Concept drift detected: distribution, confidence: 100.00%
2026-08-05 11:36:00,585 [WARNING ] drift.concept_drift_detector: Concept drift detected: distribution, confidence: 100.00%
2026-08-05 11:36:36,270 [INFO    ] capture.log_capture: 3 eventos publicados en el stream 'moodle_logs'. Ultimo ID: 24978
2026-08-05 11:37:00,722 [WARNING ] drift.concept_drift_detector: Concept drift detected: distribution, confidence: 100.00%
2026-08-05 11:37:36,284 [INFO    ] capture.log_capture: 2 eventos publicados en el stream 'moodle_logs'. Ultimo ID: 24980
2026-08-05 11:38:02,704 [WARNING ] drift.concept_drift_detector: Concept drift detected: distribution, confidence: 100.00%
2026-08-05 11:38:16,295 [INFO    ] capture.log_capture: 3 eventos publicados en el stream 'moodle_logs'. Ultimo ID: 24983
2026-08-05 11:38:46,305 [INFO    ] capture.log_capture: 5 eventos publicados en el stream 'moodle_logs'. Ultimo ID: 24988
2026-08-05 11:39:04,659 [WARNING ] drift.concept_drift_detector: Concept drift detected: distribution, confidence: 100.00%
2026-08-05 11:39:06,314 [INFO    ] capture.log_capture: 4 eventos publicados en el stream 'moodle_logs'. Ultimo ID: 24992
2026-08-05 11:39:36,323 [INFO    ] capture.log_capture: 3 eventos publicados en el stream 'moodle_logs'. Ultimo ID: 24995
2026-08-05 11:40:04,823 [WARNING ] drift.concept_drift_detector: Concept drift detected: distribution, confidence: 100.00%
2026-08-05 11:40:16,333 [INFO    ] capture.log_capture: 1 eventos publicados en el stream 'moodle_logs'. Ultimo ID: 24996
2026-08-05 11:41:05,108 [WARNING ] drift.concept_drift_detector: Concept drift detected: distribution, confidence: 100.00%
2026-08-05 11:41:06,347 [INFO    ] capture.log_capture: 4 eventos publicados en el stream 'moodle_logs'. Ultimo ID: 25000
2026-08-05 11:42:05,165 [WARNING ] drift.concept_drift_detector: Concept drift detected: distribution, confidence: 100.00%
2026-08-05 11:42:36,374 [INFO    ] capture.log_capture: 4 eventos publicados en el stream 'moodle_logs'. Ultimo ID: 25004
2026-08-05 11:42:56,381 [INFO    ] capture.log_capture: 1 eventos publicados en el stream 'moodle_logs'. Ultimo ID: 25005
2026-08-05 11:43:06,650 [WARNING ] drift.concept_drift_detector: Concept drift detected: distribution, confidence: 100.00%
2026-08-05 11:43:16,386 [INFO    ] capture.log_capture: 1 eventos publicados en el stream 'moodle_logs'. Ultimo ID: 25006
2026-08-05 11:43:26,391 [INFO    ] capture.log_capture: 1 eventos publicados en el stream 'moodle_logs'. Ultimo ID: 25007
2026-08-05 11:43:56,401 [INFO    ] capture.log_capture: 2 eventos publicados en el stream 'moodle_logs'. Ultimo ID: 25009
2026-08-05 11:44:06,697 [WARNING ] drift.concept_drift_detector: Concept drift detected: distribution, confidence: 100.00%
2026-08-05 11:44:26,411 [INFO    ] capture.log_capture: 2 eventos publicados en el stream 'moodle_logs'. Ultimo ID: 25011
2026-08-05 11:45:07,079 [WARNING ] drift.concept_drift_detector: Concept drift detected: distribution, confidence: 100.00%
2026-08-05 11:45:16,425 [INFO    ] capture.log_capture: 4 eventos publicados en el stream 'moodle_logs'. Ultimo ID: 25015
2026-08-05 11:45:46,436 [INFO    ] capture.log_capture: 1 eventos publicados en el stream 'moodle_logs'. Ultimo ID: 25016
2026-08-05 11:46:08,858 [WARNING ] drift.concept_drift_detector: Concept drift detected: distribution, confidence: 100.00%
2026-08-05 11:46:16,446 [INFO    ] capture.log_capture: 3 eventos publicados en el stream 'moodle_logs'. Ultimo ID: 25019
2026-08-05 11:47:09,222 [WARNING ] drift.concept_drift_detector: Concept drift detected: distribution, confidence: 100.00%
2026-08-05 11:47:46,470 [INFO    ] capture.log_capture: 2 eventos publicados en el stream 'moodle_logs'. Ultimo ID: 25021
2026-08-05 11:48:06,478 [INFO    ] capture.log_capture: 1 eventos publicados en el stream 'moodle_logs'. Ultimo ID: 25022
2026-08-05 11:48:10,697 [WARNING ] drift.concept_drift_detector: Concept drift detected: distribution, confidence: 100.00%
2026-08-05 11:48:36,488 [INFO    ] capture.log_capture: 5 eventos publicados en el stream 'moodle_logs'. Ultimo ID: 25027
2026-08-05 11:49:06,497 [INFO    ] capture.log_capture: 3 eventos publicados en el stream 'moodle_logs'. Ultimo ID: 25030
2026-08-05 11:49:10,759 [WARNING ] drift.concept_drift_detector: Concept drift detected: distribution, confidence: 100.00%
2026-08-05 11:49:26,505 [INFO    ] capture.log_capture: 2 eventos publicados en el stream 'moodle_logs'. Ultimo ID: 25032
2026-08-05 11:49:56,514 [INFO    ] capture.log_capture: 2 eventos publicados en el stream 'moodle_logs'. Ultimo ID: 25034
2026-08-05 11:50:10,827 [WARNING ] drift.concept_drift_detector: Concept drift detected: distribution, confidence: 100.00%
2026-08-05 11:50:16,522 [INFO    ] capture.log_capture: 3 eventos publicados en el stream 'moodle_logs'. Ultimo ID: 25037
2026-08-05 11:50:46,531 [INFO    ] capture.log_capture: 2 eventos publicados en el stream 'moodle_logs'. Ultimo ID: 25039
2026-08-05 11:51:10,993 [WARNING ] drift.concept_drift_detector: Concept drift detected: distribution, confidence: 100.00%
2026-08-05 11:51:26,544 [INFO    ] capture.log_capture: 4 eventos publicados en el stream 'moodle_logs'. Ultimo ID: 25043
2026-08-05 11:51:46,553 [INFO    ] capture.log_capture: 1 eventos publicados en el stream 'moodle_logs'. Ultimo ID: 25044
2026-08-05 11:52:12,972 [WARNING ] drift.concept_drift_detector: Concept drift detected: distribution, confidence: 100.00%
2026-08-05 11:52:16,562 [INFO    ] capture.log_capture: 3 eventos publicados en el stream 'moodle_logs'. Ultimo ID: 25047
2026-08-05 11:52:46,571 [INFO    ] capture.log_capture: 4 eventos publicados en el stream 'moodle_logs'. Ultimo ID: 25051
2026-08-05 11:53:13,021 [WARNING ] drift.concept_drift_detector: Concept drift detected: distribution, confidence: 100.00%
2026-08-05 11:53:16,581 [INFO    ] capture.log_capture: 4 eventos publicados en el stream 'moodle_logs'. Ultimo ID: 25055
2026-08-05 11:53:46,591 [INFO    ] capture.log_capture: 1 eventos publicados en el stream 'moodle_logs'. Ultimo ID: 25056
2026-08-05 11:54:06,599 [INFO    ] capture.log_capture: 3 eventos publicados en el stream 'moodle_logs'. Ultimo ID: 25059
2026-08-05 11:54:14,898 [WARNING ] drift.concept_drift_detector: Concept drift detected: distribution, confidence: 100.00%
2026-08-05 11:54:46,609 [INFO    ] capture.log_capture: 1 eventos publicados en el stream 'moodle_logs'. Ultimo ID: 25060
2026-08-05 11:55:06,615 [INFO    ] capture.log_capture: 1 eventos publicados en el stream 'moodle_logs'. Ultimo ID: 25061
2026-08-05 11:55:16,909 [WARNING ] drift.concept_drift_detector: Concept drift detected: distribution, confidence: 100.00%
2026-08-05 11:55:36,626 [INFO    ] capture.log_capture: 5 eventos publicados en el stream 'moodle_logs'. Ultimo ID: 25066
2026-08-05 11:55:56,635 [INFO    ] capture.log_capture: 1 eventos publicados en el stream 'moodle_logs'. Ultimo ID: 25067
2026-08-05 11:56:17,070 [WARNING ] drift.concept_drift_detector: Concept drift detected: distribution, confidence: 100.00%
2026-08-05 11:56:26,646 [INFO    ] capture.log_capture: 2 eventos publicados en el stream 'moodle_logs'. Ultimo ID: 25069
2026-08-05 11:56:56,655 [INFO    ] capture.log_capture: 3 eventos publicados en el stream 'moodle_logs'. Ultimo ID: 25072
2026-08-05 11:57:19,040 [WARNING ] drift.concept_drift_detector: Concept drift detected: distribution, confidence: 100.00%
2026-08-05 11:57:26,664 [INFO    ] capture.log_capture: 4 eventos publicados en el stream 'moodle_logs'. Ultimo ID: 25076
2026-08-05 11:57:56,673 [INFO    ] capture.log_capture: 3 eventos publicados en el stream 'moodle_logs'. Ultimo ID: 25079
2026-08-05 11:58:19,096 [WARNING ] drift.concept_drift_detector: Concept drift detected: distribution, confidence: 100.00%
2026-08-05 11:58:56,691 [INFO    ] capture.log_capture: 1 eventos publicados en el stream 'moodle_logs'. Ultimo ID: 25080
2026-08-05 11:59:16,696 [INFO    ] capture.log_capture: 1 eventos publicados en el stream 'moodle_logs'. Ultimo ID: 25081
2026-08-05 11:59:20,964 [WARNING ] drift.concept_drift_detector: Concept drift detected: distribution, confidence: 100.00%
2026-08-05 11:59:36,704 [INFO    ] capture.log_capture: 2 eventos publicados en el stream 'moodle_logs'. Ultimo ID: 25083
2026-08-05 12:00:16,716 [INFO    ] capture.log_capture: 2 eventos publicados en el stream 'moodle_logs'. Ultimo ID: 25085
2026-08-05 12:00:22,939 [WARNING ] drift.concept_drift_detector: Concept drift detected: distribution, confidence: 100.00%
2026-08-05 12:00:36,723 [INFO    ] capture.log_capture: 2 eventos publicados en el stream 'moodle_logs'. Ultimo ID: 25087
2026-08-05 12:01:06,732 [INFO    ] capture.log_capture: 2 eventos publicados en el stream 'moodle_logs'. Ultimo ID: 25089
2026-08-05 12:01:23,092 [WARNING ] drift.concept_drift_detector: Concept drift detected: distribution, confidence: 100.00%
2026-08-05 12:01:36,741 [INFO    ] capture.log_capture: 3 eventos publicados en el stream 'moodle_logs'. Ultimo ID: 25092
2026-08-05 12:01:46,746 [INFO    ] capture.log_capture: 1 eventos publicados en el stream 'moodle_logs'. Ultimo ID: 25093
2026-08-05 12:02:23,375 [WARNING ] drift.concept_drift_detector: Concept drift detected: distribution, confidence: 99.34%
2026-08-05 12:02:26,758 [INFO    ] capture.log_capture: 1 eventos publicados en el stream 'moodle_logs'. Ultimo ID: 25094
2026-08-05 12:03:23,522 [WARNING ] drift.concept_drift_detector: Concept drift detected: distribution, confidence: 93.88%
2026-08-05 12:03:26,774 [INFO    ] capture.log_capture: 1 eventos publicados en el stream 'moodle_logs'. Ultimo ID: 25095
2026-08-05 12:03:56,784 [INFO    ] capture.log_capture: 4 eventos publicados en el stream 'moodle_logs'. Ultimo ID: 25099
2026-08-05 12:04:25,302 [WARNING ] drift.concept_drift_detector: Concept drift detected: distribution, confidence: 88.39%
2026-08-05 12:04:26,795 [INFO    ] capture.log_capture: 1 eventos publicados en el stream 'moodle_logs'. Ultimo ID: 25100
2026-08-05 12:04:46,801 [INFO    ] capture.log_capture: 2 eventos publicados en el stream 'moodle_logs'. Ultimo ID: 25102
2026-08-05 12:05:16,809 [INFO    ] capture.log_capture: 2 eventos publicados en el stream 'moodle_logs'. Ultimo ID: 25104
2026-08-05 12:05:27,085 [WARNING ] drift.concept_drift_detector: Concept drift detected: distribution, confidence: 82.82%
2026-08-05 12:05:46,818 [INFO    ] capture.log_capture: 1 eventos publicados en el stream 'moodle_logs'. Ultimo ID: 25105
2026-08-05 12:06:16,828 [INFO    ] capture.log_capture: 1 eventos publicados en el stream 'moodle_logs'. Ultimo ID: 25106
2026-08-05 12:06:27,170 [WARNING ] drift.concept_drift_detector: Concept drift detected: distribution, confidence: 77.15%
2026-08-05 12:06:36,835 [INFO    ] capture.log_capture: 2 eventos publicados en el stream 'moodle_logs'. Ultimo ID: 25108
2026-08-05 12:07:06,844 [INFO    ] capture.log_capture: 2 eventos publicados en el stream 'moodle_logs'. Ultimo ID: 25110
2026-08-05 12:07:26,850 [INFO    ] capture.log_capture: 1 eventos publicados en el stream 'moodle_logs'. Ultimo ID: 25111
2026-08-05 12:07:29,055 [WARNING ] drift.concept_drift_detector: Concept drift detected: distribution, confidence: 71.32%
2026-08-05 12:07:56,860 [INFO    ] capture.log_capture: 3 eventos publicados en el stream 'moodle_logs'. Ultimo ID: 25114
2026-08-05 12:08:26,871 [INFO    ] capture.log_capture: 4 eventos publicados en el stream 'moodle_logs'. Ultimo ID: 25118
2026-08-05 12:08:29,106 [WARNING ] drift.concept_drift_detector: Concept drift detected: distribution, confidence: 65.28%
2026-08-05 12:08:56,879 [INFO    ] capture.log_capture: 1 eventos publicados en el stream 'moodle_logs'. Ultimo ID: 25119
2026-08-05 12:09:29,386 [WARNING ] drift.concept_drift_detector: Concept drift detected: distribution, confidence: 58.93%
2026-08-05 12:09:36,891 [INFO    ] capture.log_capture: 3 eventos publicados en el stream 'moodle_logs'. Ultimo ID: 25122
2026-08-05 12:10:06,902 [INFO    ] capture.log_capture: 2 eventos publicados en el stream 'moodle_logs'. Ultimo ID: 25124
2026-08-05 12:10:31,345 [WARNING ] drift.concept_drift_detector: Concept drift detected: distribution, confidence: 52.13%
2026-08-05 12:10:46,915 [INFO    ] capture.log_capture: 2 eventos publicados en el stream 'moodle_logs'. Ultimo ID: 25126
2026-08-05 12:11:16,924 [INFO    ] capture.log_capture: 1 eventos publicados en el stream 'moodle_logs'. Ultimo ID: 25127
2026-08-05 12:11:46,935 [INFO    ] capture.log_capture: 2 eventos publicados en el stream 'moodle_logs'. Ultimo ID: 25129
2026-08-05 12:12:16,947 [INFO    ] capture.log_capture: 3 eventos publicados en el stream 'moodle_logs'. Ultimo ID: 25132
2026-08-05 12:12:46,957 [INFO    ] capture.log_capture: 4 eventos publicados en el stream 'moodle_logs'. Ultimo ID: 25136
2026-08-05 12:13:16,966 [INFO    ] capture.log_capture: 2 eventos publicados en el stream 'moodle_logs'. Ultimo ID: 25138
2026-08-05 12:13:46,975 [INFO    ] capture.log_capture: 2 eventos publicados en el stream 'moodle_logs'. Ultimo ID: 25140
2026-08-05 12:14:36,991 [INFO    ] capture.log_capture: 2 eventos publicados en el stream 'moodle_logs'. Ultimo ID: 25142
2026-08-05 12:14:56,998 [INFO    ] capture.log_capture: 4 eventos publicados en el stream 'moodle_logs'. Ultimo ID: 25146
2026-08-05 12:15:27,006 [INFO    ] capture.log_capture: 1 eventos publicados en el stream 'moodle_logs'. Ultimo ID: 25147
2026-08-05 12:15:57,016 [INFO    ] capture.log_capture: 2 eventos publicados en el stream 'moodle_logs'. Ultimo ID: 25149
2026-08-05 12:16:37,025 [INFO    ] capture.log_capture: 4 eventos publicados en el stream 'moodle_logs'. Ultimo ID: 25153
2026-08-05 12:16:57,033 [INFO    ] capture.log_capture: 1 eventos publicados en el stream 'moodle_logs'. Ultimo ID: 25154
2026-08-05 12:17:07,037 [INFO    ] capture.log_capture: 1 eventos publicados en el stream 'moodle_logs'. Ultimo ID: 25155
2026-08-05 12:17:27,044 [INFO    ] capture.log_capture: 3 eventos publicados en el stream 'moodle_logs'. Ultimo ID: 25158
2026-08-05 12:17:57,053 [INFO    ] capture.log_capture: 3 eventos publicados en el stream 'moodle_logs'. Ultimo ID: 25161
2026-08-05 12:18:27,060 [INFO    ] capture.log_capture: 2 eventos publicados en el stream 'moodle_logs'. Ultimo ID: 25163
2026-08-05 12:18:47,066 [INFO    ] capture.log_capture: 2 eventos publicados en el stream 'moodle_logs'. Ultimo ID: 25165
2026-08-05 12:18:57,070 [INFO    ] capture.log_capture: 2 eventos publicados en el stream 'moodle_logs'. Ultimo ID: 25167
2026-08-05 12:19:27,078 [INFO    ] capture.log_capture: 2 eventos publicados en el stream 'moodle_logs'. Ultimo ID: 25169
2026-08-05 12:19:47,084 [INFO    ] capture.log_capture: 1 eventos publicados en el stream 'moodle_logs'. Ultimo ID: 25170
2026-08-05 12:20:07,091 [INFO    ] capture.log_capture: 3 eventos publicados en el stream 'moodle_logs'. Ultimo ID: 25173
2026-08-05 12:20:37,099 [INFO    ] capture.log_capture: 2 eventos publicados en el stream 'moodle_logs'. Ultimo ID: 25175
2026-08-05 12:20:57,105 [INFO    ] capture.log_capture: 1 eventos publicados en el stream 'moodle_logs'. Ultimo ID: 25176
2026-08-05 12:21:07,110 [INFO    ] capture.log_capture: 4 eventos publicados en el stream 'moodle_logs'. Ultimo ID: 25180
2026-08-05 12:21:37,119 [INFO    ] capture.log_capture: 3 eventos publicados en el stream 'moodle_logs'. Ultimo ID: 25183
2026-08-05 12:22:07,129 [INFO    ] capture.log_capture: 1 eventos publicados en el stream 'moodle_logs'. Ultimo ID: 25184
2026-08-05 12:22:37,140 [INFO    ] capture.log_capture: 2 eventos publicados en el stream 'moodle_logs'. Ultimo ID: 25186
2026-08-05 12:23:07,149 [INFO    ] capture.log_capture: 1 eventos publicados en el stream 'moodle_logs'. Ultimo ID: 25187
2026-08-05 12:24:17,167 [INFO    ] capture.log_capture: 3 eventos publicados en el stream 'moodle_logs'. Ultimo ID: 25190
2026-08-05 12:24:47,178 [INFO    ] capture.log_capture: 1 eventos publicados en el stream 'moodle_logs'. Ultimo ID: 25191
2026-08-05 12:25:17,186 [INFO    ] capture.log_capture: 3 eventos publicados en el stream 'moodle_logs'. Ultimo ID: 25194
2026-08-05 12:25:47,196 [INFO    ] capture.log_capture: 3 eventos publicados en el stream 'moodle_logs'. Ultimo ID: 25197
2026-08-05 12:26:07,204 [INFO    ] capture.log_capture: 2 eventos publicados en el stream 'moodle_logs'. Ultimo ID: 25199
2026-08-05 12:26:47,216 [INFO    ] capture.log_capture: 1 eventos publicados en el stream 'moodle_logs'. Ultimo ID: 25200
2026-08-05 12:27:07,223 [INFO    ] capture.log_capture: 1 eventos publicados en el stream 'moodle_logs'. Ultimo ID: 25201
2026-08-05 12:28:07,239 [INFO    ] capture.log_capture: 3 eventos publicados en el stream 'moodle_logs'. Ultimo ID: 25204
2026-08-05 12:28:27,246 [INFO    ] capture.log_capture: 2 eventos publicados en el stream 'moodle_logs'. Ultimo ID: 25206
2026-08-05 12:28:57,256 [INFO    ] capture.log_capture: 4 eventos publicados en el stream 'moodle_logs'. Ultimo ID: 25210
2026-08-05 12:29:27,265 [INFO    ] capture.log_capture: 1 eventos publicados en el stream 'moodle_logs'. Ultimo ID: 25211
2026-08-05 12:30:37,284 [INFO    ] capture.log_capture: 2 eventos publicados en el stream 'moodle_logs'. Ultimo ID: 25213
2026-08-05 12:31:07,294 [INFO    ] capture.log_capture: 3 eventos publicados en el stream 'moodle_logs'. Ultimo ID: 25216
2026-08-05 12:31:37,303 [INFO    ] capture.log_capture: 1 eventos publicados en el stream 'moodle_logs'. Ultimo ID: 25217
2026-08-05 12:31:57,310 [INFO    ] capture.log_capture: 2 eventos publicados en el stream 'moodle_logs'. Ultimo ID: 25219
2026-08-05 12:32:27,319 [INFO    ] capture.log_capture: 1 eventos publicados en el stream 'moodle_logs'. Ultimo ID: 25220
2026-08-05 12:32:57,329 [INFO    ] capture.log_capture: 3 eventos publicados en el stream 'moodle_logs'. Ultimo ID: 25223
2026-08-05 12:33:17,337 [INFO    ] capture.log_capture: 3 eventos publicados en el stream 'moodle_logs'. Ultimo ID: 25226
2026-08-05 12:33:47,346 [INFO    ] capture.log_capture: 1 eventos publicados en el stream 'moodle_logs'. Ultimo ID: 25227
2026-08-05 12:34:27,358 [INFO    ] capture.log_capture: 2 eventos publicados en el stream 'moodle_logs'. Ultimo ID: 25229
2026-08-05 12:34:47,365 [INFO    ] capture.log_capture: 2 eventos publicados en el stream 'moodle_logs'. Ultimo ID: 25231
2026-08-05 12:35:07,374 [INFO    ] capture.log_capture: 3 eventos publicados en el stream 'moodle_logs'. Ultimo ID: 25234
2026-08-05 12:35:37,383 [INFO    ] capture.log_capture: 1 eventos publicados en el stream 'moodle_logs'. Ultimo ID: 25235
2026-08-05 12:35:57,391 [INFO    ] capture.log_capture: 1 eventos publicados en el stream 'moodle_logs'. Ultimo ID: 25236
2026-08-05 12:36:17,398 [INFO    ] capture.log_capture: 1 eventos publicados en el stream 'moodle_logs'. Ultimo ID: 25237
2026-08-05 12:36:47,409 [INFO    ] capture.log_capture: 2 eventos publicados en el stream 'moodle_logs'. Ultimo ID: 25239
2026-08-05 12:37:17,421 [INFO    ] capture.log_capture: 3 eventos publicados en el stream 'moodle_logs'. Ultimo ID: 25242
2026-08-05 12:37:47,432 [INFO    ] capture.log_capture: 3 eventos publicados en el stream 'moodle_logs'. Ultimo ID: 25245
2026-08-05 12:38:17,441 [INFO    ] capture.log_capture: 1 eventos publicados en el stream 'moodle_logs'. Ultimo ID: 25246
2026-08-05 12:38:27,446 [INFO    ] capture.log_capture: 2 eventos publicados en el stream 'moodle_logs'. Ultimo ID: 25248
2026-08-05 12:38:57,455 [INFO    ] capture.log_capture: 2 eventos publicados en el stream 'moodle_logs'. Ultimo ID: 25250
2026-08-05 12:39:17,463 [INFO    ] capture.log_capture: 3 eventos publicados en el stream 'moodle_logs'. Ultimo ID: 25253
2026-08-05 12:39:37,470 [INFO    ] capture.log_capture: 1 eventos publicados en el stream 'moodle_logs'. Ultimo ID: 25254
2026-08-05 12:40:17,482 [INFO    ] capture.log_capture: 1 eventos publicados en el stream 'moodle_logs'. Ultimo ID: 25255
2026-08-05 12:40:47,491 [INFO    ] capture.log_capture: 1 eventos publicados en el stream 'moodle_logs'. Ultimo ID: 25256
2026-08-05 12:41:07,500 [INFO    ] capture.log_capture: 2 eventos publicados en el stream 'moodle_logs'. Ultimo ID: 25258
2026-08-05 12:41:37,509 [INFO    ] capture.log_capture: 2 eventos publicados en el stream 'moodle_logs'. Ultimo ID: 25260
2026-08-05 12:41:57,517 [INFO    ] capture.log_capture: 3 eventos publicados en el stream 'moodle_logs'. Ultimo ID: 25263
2026-08-05 12:42:27,529 [INFO    ] capture.log_capture: 3 eventos publicados en el stream 'moodle_logs'. Ultimo ID: 25266
2026-08-05 12:42:57,540 [INFO    ] capture.log_capture: 5 eventos publicados en el stream 'moodle_logs'. Ultimo ID: 25271
2026-08-05 12:43:27,550 [INFO    ] capture.log_capture: 2 eventos publicados en el stream 'moodle_logs'. Ultimo ID: 25273
2026-08-05 12:43:57,559 [INFO    ] capture.log_capture: 5 eventos publicados en el stream 'moodle_logs'. Ultimo ID: 25278
2026-08-05 12:44:27,571 [INFO    ] capture.log_capture: 2 eventos publicados en el stream 'moodle_logs'. Ultimo ID: 25280
2026-08-05 12:44:57,582 [INFO    ] capture.log_capture: 3 eventos publicados en el stream 'moodle_logs'. Ultimo ID: 25283
2026-08-05 12:45:27,591 [INFO    ] capture.log_capture: 1 eventos publicados en el stream 'moodle_logs'. Ultimo ID: 25284
2026-08-05 12:45:37,597 [INFO    ] capture.log_capture: 3 eventos publicados en el stream 'moodle_logs'. Ultimo ID: 25287
2026-08-05 12:46:07,607 [INFO    ] capture.log_capture: 3 eventos publicados en el stream 'moodle_logs'. Ultimo ID: 25290
2026-08-05 12:46:27,614 [INFO    ] capture.log_capture: 1 eventos publicados en el stream 'moodle_logs'. Ultimo ID: 25291
2026-08-05 12:46:57,621 [INFO    ] capture.log_capture: 2 eventos publicados en el stream 'moodle_logs'. Ultimo ID: 25293
2026-08-05 12:47:27,633 [INFO    ] capture.log_capture: 3 eventos publicados en el stream 'moodle_logs'. Ultimo ID: 25296
2026-08-05 12:47:57,641 [INFO    ] capture.log_capture: 1 eventos publicados en el stream 'moodle_logs'. Ultimo ID: 25297
2026-08-05 12:48:27,651 [INFO    ] capture.log_capture: 3 eventos publicados en el stream 'moodle_logs'. Ultimo ID: 25300
2026-08-05 12:49:07,663 [INFO    ] capture.log_capture: 4 eventos publicados en el stream 'moodle_logs'. Ultimo ID: 25304
2026-08-05 12:49:37,671 [INFO    ] capture.log_capture: 3 eventos publicados en el stream 'moodle_logs'. Ultimo ID: 25307
2026-08-05 12:50:37,687 [INFO    ] capture.log_capture: 4 eventos publicados en el stream 'moodle_logs'. Ultimo ID: 25311
2026-08-05 12:51:07,695 [INFO    ] capture.log_capture: 1 eventos publicados en el stream 'moodle_logs'. Ultimo ID: 25312
2026-08-05 12:51:47,704 [INFO    ] capture.log_capture: 1 eventos publicados en el stream 'moodle_logs'. Ultimo ID: 25313
2026-08-05 12:52:07,711 [INFO    ] capture.log_capture: 1 eventos publicados en el stream 'moodle_logs'. Ultimo ID: 25314
2026-08-05 12:52:37,720 [INFO    ] capture.log_capture: 2 eventos publicados en el stream 'moodle_logs'. Ultimo ID: 25316
2026-08-05 12:52:57,728 [INFO    ] capture.log_capture: 3 eventos publicados en el stream 'moodle_logs'. Ultimo ID: 25319
2026-08-05 12:53:27,735 [INFO    ] capture.log_capture: 3 eventos publicados en el stream 'moodle_logs'. Ultimo ID: 25322
2026-08-05 12:53:57,747 [INFO    ] capture.log_capture: 3 eventos publicados en el stream 'moodle_logs'. Ultimo ID: 25325
2026-08-05 12:54:27,758 [INFO    ] capture.log_capture: 2 eventos publicados en el stream 'moodle_logs'. Ultimo ID: 25327
2026-08-05 12:54:57,768 [INFO    ] capture.log_capture: 1 eventos publicados en el stream 'moodle_logs'. Ultimo ID: 25328
2026-08-05 12:56:07,785 [INFO    ] capture.log_capture: 1 eventos publicados en el stream 'moodle_logs'. Ultimo ID: 25329
2026-08-05 12:56:37,795 [INFO    ] capture.log_capture: 4 eventos publicados en el stream 'moodle_logs'. Ultimo ID: 25333
2026-08-05 12:56:57,803 [INFO    ] capture.log_capture: 1 eventos publicados en el stream 'moodle_logs'. Ultimo ID: 25334
2026-08-05 12:57:27,815 [INFO    ] capture.log_capture: 2 eventos publicados en el stream 'moodle_logs'. Ultimo ID: 25336
2026-08-05 12:57:57,824 [INFO    ] capture.log_capture: 2 eventos publicados en el stream 'moodle_logs'. Ultimo ID: 25338
2026-08-05 12:58:17,833 [INFO    ] capture.log_capture: 1 eventos publicados en el stream 'moodle_logs'. Ultimo ID: 25339
2026-08-05 12:58:47,843 [INFO    ] capture.log_capture: 1 eventos publicados en el stream 'moodle_logs'. Ultimo ID: 25340
2026-08-05 12:59:17,854 [INFO    ] capture.log_capture: 3 eventos publicados en el stream 'moodle_logs'. Ultimo ID: 25343
2026-08-05 12:59:47,862 [INFO    ] capture.log_capture: 1 eventos publicados en el stream 'moodle_logs'. Ultimo ID: 25344
2026-08-05 13:00:17,872 [INFO    ] capture.log_capture: 2 eventos publicados en el stream 'moodle_logs'. Ultimo ID: 25346
2026-08-05 13:00:37,880 [INFO    ] capture.log_capture: 2 eventos publicados en el stream 'moodle_logs'. Ultimo ID: 25348
2026-08-05 13:01:07,888 [INFO    ] capture.log_capture: 2 eventos publicados en el stream 'moodle_logs'. Ultimo ID: 25350
2026-08-05 13:01:27,896 [INFO    ] capture.log_capture: 2 eventos publicados en el stream 'moodle_logs'. Ultimo ID: 25352
2026-08-05 13:01:57,906 [INFO    ] capture.log_capture: 3 eventos publicados en el stream 'moodle_logs'. Ultimo ID: 25355
2026-08-05 13:02:37,927 [INFO    ] capture.log_capture: 1 eventos publicados en el stream 'moodle_logs'. Ultimo ID: 25356
2026-08-05 13:02:57,935 [INFO    ] capture.log_capture: 3 eventos publicados en el stream 'moodle_logs'. Ultimo ID: 25359
2026-08-05 13:03:37,947 [INFO    ] capture.log_capture: 6 eventos publicados en el stream 'moodle_logs'. Ultimo ID: 25365
2026-08-05 13:04:07,955 [INFO    ] capture.log_capture: 2 eventos publicados en el stream 'moodle_logs'. Ultimo ID: 25367
2026-08-05 13:04:27,963 [INFO    ] capture.log_capture: 4 eventos publicados en el stream 'moodle_logs'. Ultimo ID: 25371
2026-08-05 13:04:57,971 [INFO    ] capture.log_capture: 4 eventos publicados en el stream 'moodle_logs'. Ultimo ID: 25375
2026-08-05 13:05:57,988 [INFO    ] capture.log_capture: 3 eventos publicados en el stream 'moodle_logs'. Ultimo ID: 25378
2026-08-05 13:06:27,997 [INFO    ] capture.log_capture: 2 eventos publicados en el stream 'moodle_logs'. Ultimo ID: 25380
2026-08-05 13:06:58,005 [INFO    ] capture.log_capture: 1 eventos publicados en el stream 'moodle_logs'. Ultimo ID: 25381
2026-08-05 13:08:08,024 [INFO    ] capture.log_capture: 1 eventos publicados en el stream 'moodle_logs'. Ultimo ID: 25382
2026-08-05 13:08:28,031 [INFO    ] capture.log_capture: 1 eventos publicados en el stream 'moodle_logs'. Ultimo ID: 25383
2026-08-05 13:09:38,050 [INFO    ] capture.log_capture: 1 eventos publicados en el stream 'moodle_logs'. Ultimo ID: 25384
2026-08-05 13:10:28,063 [INFO    ] capture.log_capture: 1 eventos publicados en el stream 'moodle_logs'. Ultimo ID: 25385
2026-08-05 13:10:58,072 [INFO    ] capture.log_capture: 3 eventos publicados en el stream 'moodle_logs'. Ultimo ID: 25388
2026-08-05 13:11:38,084 [INFO    ] capture.log_capture: 5 eventos publicados en el stream 'moodle_logs'. Ultimo ID: 25393
2026-08-05 13:12:08,093 [INFO    ] capture.log_capture: 1 eventos publicados en el stream 'moodle_logs'. Ultimo ID: 25394
2026-08-05 13:13:08,109 [INFO    ] capture.log_capture: 5 eventos publicados en el stream 'moodle_logs'. Ultimo ID: 25399
2026-08-05 13:13:38,117 [INFO    ] capture.log_capture: 2 eventos publicados en el stream 'moodle_logs'. Ultimo ID: 25401
2026-08-05 13:14:08,127 [INFO    ] capture.log_capture: 2 eventos publicados en el stream 'moodle_logs'. Ultimo ID: 25403
2026-08-05 13:14:38,135 [INFO    ] capture.log_capture: 1 eventos publicados en el stream 'moodle_logs'. Ultimo ID: 25404
2026-08-05 13:15:08,144 [INFO    ] capture.log_capture: 4 eventos publicados en el stream 'moodle_logs'. Ultimo ID: 25408
2026-08-05 13:15:28,151 [INFO    ] capture.log_capture: 3 eventos publicados en el stream 'moodle_logs'. Ultimo ID: 25411
2026-08-05 13:15:58,160 [INFO    ] capture.log_capture: 3 eventos publicados en el stream 'moodle_logs'. Ultimo ID: 25414
2026-08-05 13:16:28,169 [INFO    ] capture.log_capture: 1 eventos publicados en el stream 'moodle_logs'. Ultimo ID: 25415
2026-08-05 13:16:58,180 [INFO    ] capture.log_capture: 2 eventos publicados en el stream 'moodle_logs'. Ultimo ID: 25417
2026-08-05 13:17:18,187 [INFO    ] capture.log_capture: 1 eventos publicados en el stream 'moodle_logs'. Ultimo ID: 25418
2026-08-05 13:17:48,196 [INFO    ] capture.log_capture: 3 eventos publicados en el stream 'moodle_logs'. Ultimo ID: 25421
2026-08-05 13:18:18,205 [INFO    ] capture.log_capture: 1 eventos publicados en el stream 'moodle_logs'. Ultimo ID: 25422
2026-08-05 13:18:48,214 [INFO    ] capture.log_capture: 3 eventos publicados en el stream 'moodle_logs'. Ultimo ID: 25425
2026-08-05 13:19:18,223 [INFO    ] capture.log_capture: 1 eventos publicados en el stream 'moodle_logs'. Ultimo ID: 25426
2026-08-05 13:19:48,232 [INFO    ] capture.log_capture: 2 eventos publicados en el stream 'moodle_logs'. Ultimo ID: 25428
2026-08-05 13:20:18,242 [INFO    ] capture.log_capture: 1 eventos publicados en el stream 'moodle_logs'. Ultimo ID: 25429
2026-08-05 13:20:48,250 [INFO    ] capture.log_capture: 2 eventos publicados en el stream 'moodle_logs'. Ultimo ID: 25431
2026-08-05 13:21:18,260 [INFO    ] capture.log_capture: 4 eventos publicados en el stream 'moodle_logs'. Ultimo ID: 25435
2026-08-05 13:21:58,271 [INFO    ] capture.log_capture: 3 eventos publicados en el stream 'moodle_logs'. Ultimo ID: 25438
2026-08-05 13:22:28,279 [INFO    ] capture.log_capture: 3 eventos publicados en el stream 'moodle_logs'. Ultimo ID: 25441
2026-08-05 13:22:58,288 [INFO    ] capture.log_capture: 4 eventos publicados en el stream 'moodle_logs'. Ultimo ID: 25445
2026-08-05 13:23:28,297 [INFO    ] capture.log_capture: 4 eventos publicados en el stream 'moodle_logs'. Ultimo ID: 25449
2026-08-05 13:23:48,304 [INFO    ] capture.log_capture: 5 eventos publicados en el stream 'moodle_logs'. Ultimo ID: 25454
2026-08-05 13:24:18,313 [INFO    ] capture.log_capture: 3 eventos publicados en el stream 'moodle_logs'. Ultimo ID: 25457
2026-08-05 13:24:48,322 [INFO    ] capture.log_capture: 2 eventos publicados en el stream 'moodle_logs'. Ultimo ID: 25459
2026-08-05 13:25:18,330 [INFO    ] capture.log_capture: 1 eventos publicados en el stream 'moodle_logs'. Ultimo ID: 25460
2026-08-05 13:25:48,339 [INFO    ] capture.log_capture: 1 eventos publicados en el stream 'moodle_logs'. Ultimo ID: 25461
2026-08-05 13:26:08,346 [INFO    ] capture.log_capture: 2 eventos publicados en el stream 'moodle_logs'. Ultimo ID: 25463
2026-08-05 13:26:28,352 [INFO    ] capture.log_capture: 2 eventos publicados en el stream 'moodle_logs'. Ultimo ID: 25465
2026-08-05 13:26:58,360 [INFO    ] capture.log_capture: 3 eventos publicados en el stream 'moodle_logs'. Ultimo ID: 25468
2026-08-05 13:27:18,367 [INFO    ] capture.log_capture: 2 eventos publicados en el stream 'moodle_logs'. Ultimo ID: 25470
2026-08-05 13:27:48,377 [INFO    ] capture.log_capture: 4 eventos publicados en el stream 'moodle_logs'. Ultimo ID: 25474
2026-08-05 13:28:08,384 [INFO    ] capture.log_capture: 1 eventos publicados en el stream 'moodle_logs'. Ultimo ID: 25475
2026-08-05 13:28:48,395 [INFO    ] capture.log_capture: 2 eventos publicados en el stream 'moodle_logs'. Ultimo ID: 25477
2026-08-05 13:29:38,408 [INFO    ] capture.log_capture: 3 eventos publicados en el stream 'moodle_logs'. Ultimo ID: 25480
2026-08-05 13:30:08,418 [INFO    ] capture.log_capture: 3 eventos publicados en el stream 'moodle_logs'. Ultimo ID: 25483
2026-08-05 13:30:28,425 [INFO    ] capture.log_capture: 2 eventos publicados en el stream 'moodle_logs'. Ultimo ID: 25485
2026-08-05 13:31:08,438 [INFO    ] capture.log_capture: 3 eventos publicados en el stream 'moodle_logs'. Ultimo ID: 25488
2026-08-05 13:31:38,448 [INFO    ] capture.log_capture: 2 eventos publicados en el stream 'moodle_logs'. Ultimo ID: 25490
2026-08-05 13:32:08,457 [INFO    ] capture.log_capture: 2 eventos publicados en el stream 'moodle_logs'. Ultimo ID: 25492
2026-08-05 13:32:28,463 [INFO    ] capture.log_capture: 3 eventos publicados en el stream 'moodle_logs'. Ultimo ID: 25495
2026-08-05 13:32:58,472 [INFO    ] capture.log_capture: 3 eventos publicados en el stream 'moodle_logs'. Ultimo ID: 25498
2026-08-05 13:33:28,481 [INFO    ] capture.log_capture: 1 eventos publicados en el stream 'moodle_logs'. Ultimo ID: 25499
2026-08-05 13:33:58,491 [INFO    ] capture.log_capture: 2 eventos publicados en el stream 'moodle_logs'. Ultimo ID: 25501
2026-08-05 13:34:28,500 [INFO    ] capture.log_capture: 2 eventos publicados en el stream 'moodle_logs'. Ultimo ID: 25503
2026-08-05 13:34:58,510 [INFO    ] capture.log_capture: 1 eventos publicados en el stream 'moodle_logs'. Ultimo ID: 25504
2026-08-05 13:35:28,516 [INFO    ] capture.log_capture: 3 eventos publicados en el stream 'moodle_logs'. Ultimo ID: 25507
2026-08-05 13:35:58,526 [INFO    ] capture.log_capture: 2 eventos publicados en el stream 'moodle_logs'. Ultimo ID: 25509
2026-08-05 13:36:38,537 [INFO    ] capture.log_capture: 1 eventos publicados en el stream 'moodle_logs'. Ultimo ID: 25510
2026-08-05 13:37:08,546 [INFO    ] capture.log_capture: 1 eventos publicados en el stream 'moodle_logs'. Ultimo ID: 25511
2026-08-05 13:37:28,553 [INFO    ] capture.log_capture: 2 eventos publicados en el stream 'moodle_logs'. Ultimo ID: 25513
2026-08-05 13:37:58,562 [INFO    ] capture.log_capture: 3 eventos publicados en el stream 'moodle_logs'. Ultimo ID: 25516
2026-08-05 13:38:28,572 [INFO    ] capture.log_capture: 3 eventos publicados en el stream 'moodle_logs'. Ultimo ID: 25519
2026-08-05 13:38:38,577 [INFO    ] capture.log_capture: 2 eventos publicados en el stream 'moodle_logs'. Ultimo ID: 25521
2026-08-05 13:38:58,584 [INFO    ] capture.log_capture: 1 eventos publicados en el stream 'moodle_logs'. Ultimo ID: 25522
2026-08-05 13:39:28,595 [INFO    ] capture.log_capture: 3 eventos publicados en el stream 'moodle_logs'. Ultimo ID: 25525
2026-08-05 13:39:58,602 [INFO    ] capture.log_capture: 1 eventos publicados en el stream 'moodle_logs'. Ultimo ID: 25526
2026-08-05 13:40:18,608 [INFO    ] capture.log_capture: 1 eventos publicados en el stream 'moodle_logs'. Ultimo ID: 25527
2026-08-05 13:40:48,616 [INFO    ] capture.log_capture: 1 eventos publicados en el stream 'moodle_logs'. Ultimo ID: 25528
2026-08-05 13:41:18,625 [INFO    ] capture.log_capture: 1 eventos publicados en el stream 'moodle_logs'. Ultimo ID: 25529
2026-08-05 13:41:48,634 [INFO    ] capture.log_capture: 2 eventos publicados en el stream 'moodle_logs'. Ultimo ID: 25531
2026-08-05 13:42:18,644 [INFO    ] capture.log_capture: 3 eventos publicados en el stream 'moodle_logs'. Ultimo ID: 25534
2026-08-05 13:42:48,654 [INFO    ] capture.log_capture: 2 eventos publicados en el stream 'moodle_logs'. Ultimo ID: 25536
2026-08-05 13:43:18,664 [INFO    ] capture.log_capture: 4 eventos publicados en el stream 'moodle_logs'. Ultimo ID: 25540
2026-08-05 13:43:48,673 [INFO    ] capture.log_capture: 1 eventos publicados en el stream 'moodle_logs'. Ultimo ID: 25541
2026-08-05 13:44:48,687 [INFO    ] capture.log_capture: 1 eventos publicados en el stream 'moodle_logs'. Ultimo ID: 25542
2026-08-05 13:45:18,696 [INFO    ] capture.log_capture: 1 eventos publicados en el stream 'moodle_logs'. Ultimo ID: 25543
2026-08-05 13:45:48,706 [INFO    ] capture.log_capture: 7 eventos publicados en el stream 'moodle_logs'. Ultimo ID: 25550
2026-08-05 13:46:28,716 [INFO    ] capture.log_capture: 3 eventos publicados en el stream 'moodle_logs'. Ultimo ID: 25553
2026-08-05 13:46:58,727 [INFO    ] capture.log_capture: 3 eventos publicados en el stream 'moodle_logs'. Ultimo ID: 25556
2026-08-05 13:47:28,737 [INFO    ] capture.log_capture: 2 eventos publicados en el stream 'moodle_logs'. Ultimo ID: 25558
2026-08-05 13:47:58,744 [INFO    ] capture.log_capture: 1 eventos publicados en el stream 'moodle_logs'. Ultimo ID: 25559
2026-08-05 13:48:08,750 [INFO    ] capture.log_capture: 1 eventos publicados en el stream 'moodle_logs'. Ultimo ID: 25560
2026-08-05 13:48:28,755 [INFO    ] capture.log_capture: 2 eventos publicados en el stream 'moodle_logs'. Ultimo ID: 25562
2026-08-05 13:48:48,763 [INFO    ] capture.log_capture: 2 eventos publicados en el stream 'moodle_logs'. Ultimo ID: 25564
2026-08-05 13:49:18,773 [INFO    ] capture.log_capture: 3 eventos publicados en el stream 'moodle_logs'. Ultimo ID: 25567
2026-08-05 13:49:38,780 [INFO    ] capture.log_capture: 3 eventos publicados en el stream 'moodle_logs'. Ultimo ID: 25570
2026-08-05 13:49:58,788 [INFO    ] capture.log_capture: 3 eventos publicados en el stream 'moodle_logs'. Ultimo ID: 25573
2026-08-05 13:50:38,800 [INFO    ] capture.log_capture: 1 eventos publicados en el stream 'moodle_logs'. Ultimo ID: 25574
2026-08-05 13:51:08,810 [INFO    ] capture.log_capture: 3 eventos publicados en el stream 'moodle_logs'. Ultimo ID: 25577
2026-08-05 13:51:38,820 [INFO    ] capture.log_capture: 5 eventos publicados en el stream 'moodle_logs'. Ultimo ID: 25582
2026-08-05 13:52:18,831 [INFO    ] capture.log_capture: 1 eventos publicados en el stream 'moodle_logs'. Ultimo ID: 25583
2026-08-05 13:52:48,840 [INFO    ] capture.log_capture: 2 eventos publicados en el stream 'moodle_logs'. Ultimo ID: 25585
2026-08-05 13:53:18,850 [INFO    ] capture.log_capture: 2 eventos publicados en el stream 'moodle_logs'. Ultimo ID: 25587
2026-08-05 13:53:48,859 [INFO    ] capture.log_capture: 2 eventos publicados en el stream 'moodle_logs'. Ultimo ID: 25589
2026-08-05 13:54:18,868 [INFO    ] capture.log_capture: 1 eventos publicados en el stream 'moodle_logs'. Ultimo ID: 25590
2026-08-05 13:54:28,873 [INFO    ] capture.log_capture: 1 eventos publicados en el stream 'moodle_logs'. Ultimo ID: 25591
2026-08-05 13:54:48,880 [INFO    ] capture.log_capture: 1 eventos publicados en el stream 'moodle_logs'. Ultimo ID: 25592
2026-08-05 14:17:33,320 [INFO    ] capture.log_capture: 1 eventos publicados en el stream 'moodle_logs'. Ultimo ID: 25593
2026-08-05 14:17:53,328 [INFO    ] capture.log_capture: 5 eventos publicados en el stream 'moodle_logs'. Ultimo ID: 25598
2026-08-05 14:18:13,336 [INFO    ] capture.log_capture: 4 eventos publicados en el stream 'moodle_logs'. Ultimo ID: 25602
2026-08-05 14:18:33,340 [INFO    ] capture.log_capture: 1 eventos publicados en el stream 'moodle_logs'. Ultimo ID: 25603
2026-08-05 14:19:03,348 [INFO    ] capture.log_capture: 3 eventos publicados en el stream 'moodle_logs'. Ultimo ID: 25606
2026-08-05 14:19:33,355 [INFO    ] capture.log_capture: 4 eventos publicados en el stream 'moodle_logs'. Ultimo ID: 25610
2026-08-05 14:20:03,362 [INFO    ] capture.log_capture: 2 eventos publicados en el stream 'moodle_logs'. Ultimo ID: 25612
2026-08-05 14:20:33,369 [INFO    ] capture.log_capture: 3 eventos publicados en el stream 'moodle_logs'. Ultimo ID: 25615
2026-08-05 14:21:03,377 [INFO    ] capture.log_capture: 2 eventos publicados en el stream 'moodle_logs'. Ultimo ID: 25617
2026-08-05 14:21:33,383 [INFO    ] capture.log_capture: 3 eventos publicados en el stream 'moodle_logs'. Ultimo ID: 25620
2026-08-05 14:22:03,390 [INFO    ] capture.log_capture: 1 eventos publicados en el stream 'moodle_logs'. Ultimo ID: 25621
2026-08-05 14:22:23,395 [INFO    ] capture.log_capture: 1 eventos publicados en el stream 'moodle_logs'. Ultimo ID: 25622
2026-08-05 14:22:33,399 [INFO    ] capture.log_capture: 1 eventos publicados en el stream 'moodle_logs'. Ultimo ID: 25623
2026-08-05 14:23:23,410 [INFO    ] capture.log_capture: 2 eventos publicados en el stream 'moodle_logs'. Ultimo ID: 25625
2026-08-05 14:23:33,414 [INFO    ] capture.log_capture: 1 eventos publicados en el stream 'moodle_logs'. Ultimo ID: 25626
2026-08-05 14:23:53,420 [INFO    ] capture.log_capture: 3 eventos publicados en el stream 'moodle_logs'. Ultimo ID: 25629
2026-08-05 14:24:13,425 [INFO    ] capture.log_capture: 1 eventos publicados en el stream 'moodle_logs'. Ultimo ID: 25630
2026-08-05 14:24:33,430 [INFO    ] capture.log_capture: 3 eventos publicados en el stream 'moodle_logs'. Ultimo ID: 25633
2026-08-05 14:24:53,435 [INFO    ] capture.log_capture: 1 eventos publicados en el stream 'moodle_logs'. Ultimo ID: 25634
2026-08-05 14:25:23,442 [INFO    ] capture.log_capture: 1 eventos publicados en el stream 'moodle_logs'. Ultimo ID: 25635
2026-08-05 14:25:43,447 [INFO    ] capture.log_capture: 2 eventos publicados en el stream 'moodle_logs'. Ultimo ID: 25637
2026-08-05 14:26:13,454 [INFO    ] capture.log_capture: 2 eventos publicados en el stream 'moodle_logs'. Ultimo ID: 25639
2026-08-05 14:26:43,461 [INFO    ] capture.log_capture: 1 eventos publicados en el stream 'moodle_logs'. Ultimo ID: 25640
2026-08-05 14:26:53,465 [INFO    ] capture.log_capture: 1 eventos publicados en el stream 'moodle_logs'. Ultimo ID: 25641
2026-08-05 14:27:13,470 [INFO    ] capture.log_capture: 1 eventos publicados en el stream 'moodle_logs'. Ultimo ID: 25642
2026-08-05 14:27:43,476 [INFO    ] capture.log_capture: 2 eventos publicados en el stream 'moodle_logs'. Ultimo ID: 25644
2026-08-05 14:28:13,483 [INFO    ] capture.log_capture: 2 eventos publicados en el stream 'moodle_logs'. Ultimo ID: 25646
2026-08-05 14:28:53,490 [INFO    ] capture.log_capture: 2 eventos publicados en el stream 'moodle_logs'. Ultimo ID: 25648
2026-08-05 14:29:23,497 [INFO    ] capture.log_capture: 1 eventos publicados en el stream 'moodle_logs'. Ultimo ID: 25649
2026-08-05 14:29:43,502 [INFO    ] capture.log_capture: 1 eventos publicados en el stream 'moodle_logs'. Ultimo ID: 25650
2026-08-05 14:29:53,505 [INFO    ] capture.log_capture: 1 eventos publicados en el stream 'moodle_logs'. Ultimo ID: 25651
2026-08-05 14:30:13,510 [INFO    ] capture.log_capture: 2 eventos publicados en el stream 'moodle_logs'. Ultimo ID: 25653
2026-08-05 14:30:43,519 [INFO    ] capture.log_capture: 2 eventos publicados en el stream 'moodle_logs'. Ultimo ID: 25655
2026-08-05 14:31:13,528 [INFO    ] capture.log_capture: 4 eventos publicados en el stream 'moodle_logs'. Ultimo ID: 25659
2026-08-05 14:31:43,537 [INFO    ] capture.log_capture: 2 eventos publicados en el stream 'moodle_logs'. Ultimo ID: 25661
2026-08-05 14:32:13,546 [INFO    ] capture.log_capture: 2 eventos publicados en el stream 'moodle_logs'. Ultimo ID: 25663
2026-08-05 14:32:43,555 [INFO    ] capture.log_capture: 2 eventos publicados en el stream 'moodle_logs'. Ultimo ID: 25665
2026-08-05 14:33:03,562 [INFO    ] capture.log_capture: 2 eventos publicados en el stream 'moodle_logs'. Ultimo ID: 25667
2026-08-05 14:33:33,571 [INFO    ] capture.log_capture: 3 eventos publicados en el stream 'moodle_logs'. Ultimo ID: 25670
2026-08-05 14:34:03,580 [INFO    ] capture.log_capture: 1 eventos publicados en el stream 'moodle_logs'. Ultimo ID: 25671
2026-08-05 14:34:33,590 [INFO    ] capture.log_capture: 3 eventos publicados en el stream 'moodle_logs'. Ultimo ID: 25674
2026-08-05 14:34:53,597 [INFO    ] capture.log_capture: 1 eventos publicados en el stream 'moodle_logs'. Ultimo ID: 25675
2026-08-05 14:35:23,606 [INFO    ] capture.log_capture: 5 eventos publicados en el stream 'moodle_logs'. Ultimo ID: 25680
2026-08-05 14:35:53,615 [INFO    ] capture.log_capture: 1 eventos publicados en el stream 'moodle_logs'. Ultimo ID: 25681
2026-08-05 14:36:13,622 [INFO    ] capture.log_capture: 1 eventos publicados en el stream 'moodle_logs'. Ultimo ID: 25682
2026-08-05 14:36:43,631 [INFO    ] capture.log_capture: 1 eventos publicados en el stream 'moodle_logs'. Ultimo ID: 25683
2026-08-05 14:37:03,640 [INFO    ] capture.log_capture: 6 eventos publicados en el stream 'moodle_logs'. Ultimo ID: 25689
2026-08-05 14:37:33,648 [INFO    ] capture.log_capture: 2 eventos publicados en el stream 'moodle_logs'. Ultimo ID: 25691
2026-08-05 14:38:03,658 [INFO    ] capture.log_capture: 1 eventos publicados en el stream 'moodle_logs'. Ultimo ID: 25692
2026-08-05 14:38:43,671 [INFO    ] capture.log_capture: 4 eventos publicados en el stream 'moodle_logs'. Ultimo ID: 25696
2026-08-05 14:39:13,682 [INFO    ] capture.log_capture: 1 eventos publicados en el stream 'moodle_logs'. Ultimo ID: 25697
2026-08-05 14:39:33,688 [INFO    ] capture.log_capture: 2 eventos publicados en el stream 'moodle_logs'. Ultimo ID: 25699
2026-08-05 14:39:43,693 [INFO    ] capture.log_capture: 1 eventos publicados en el stream 'moodle_logs'. Ultimo ID: 25700
2026-08-05 14:40:03,699 [INFO    ] capture.log_capture: 1 eventos publicados en el stream 'moodle_logs'. Ultimo ID: 25701
2026-08-05 14:40:33,706 [INFO    ] capture.log_capture: 1 eventos publicados en el stream 'moodle_logs'. Ultimo ID: 25702
2026-08-05 14:41:03,715 [INFO    ] capture.log_capture: 1 eventos publicados en el stream 'moodle_logs'. Ultimo ID: 25703
2026-08-05 14:41:33,725 [INFO    ] capture.log_capture: 2 eventos publicados en el stream 'moodle_logs'. Ultimo ID: 25705
2026-08-05 14:42:03,733 [INFO    ] capture.log_capture: 2 eventos publicados en el stream 'moodle_logs'. Ultimo ID: 25707
2026-08-05 14:42:33,741 [INFO    ] capture.log_capture: 1 eventos publicados en el stream 'moodle_logs'. Ultimo ID: 25708
2026-08-05 14:43:33,757 [INFO    ] capture.log_capture: 3 eventos publicados en el stream 'moodle_logs'. Ultimo ID: 25711
2026-08-05 14:44:13,768 [INFO    ] capture.log_capture: 1 eventos publicados en el stream 'moodle_logs'. Ultimo ID: 25712
2026-08-05 14:44:33,776 [INFO    ] capture.log_capture: 1 eventos publicados en el stream 'moodle_logs'. Ultimo ID: 25713
2026-08-05 14:45:03,789 [INFO    ] capture.log_capture: 2 eventos publicados en el stream 'moodle_logs'. Ultimo ID: 25715
2026-08-05 14:45:23,795 [INFO    ] capture.log_capture: 1 eventos publicados en el stream 'moodle_logs'. Ultimo ID: 25716
2026-08-05 14:45:53,805 [INFO    ] capture.log_capture: 3 eventos publicados en el stream 'moodle_logs'. Ultimo ID: 25719
2026-08-05 14:46:53,821 [INFO    ] capture.log_capture: 2 eventos publicados en el stream 'moodle_logs'. Ultimo ID: 25721
2026-08-05 14:47:23,830 [INFO    ] capture.log_capture: 1 eventos publicados en el stream 'moodle_logs'. Ultimo ID: 25722
2026-08-05 14:47:43,837 [INFO    ] capture.log_capture: 2 eventos publicados en el stream 'moodle_logs'. Ultimo ID: 25724
2026-08-05 14:48:23,848 [INFO    ] capture.log_capture: 1 eventos publicados en el stream 'moodle_logs'. Ultimo ID: 25725
2026-08-05 14:48:53,858 [INFO    ] capture.log_capture: 2 eventos publicados en el stream 'moodle_logs'. Ultimo ID: 25727
2026-08-05 14:49:13,866 [INFO    ] capture.log_capture: 3 eventos publicados en el stream 'moodle_logs'. Ultimo ID: 25730
2026-08-05 14:49:33,873 [INFO    ] capture.log_capture: 2 eventos publicados en el stream 'moodle_logs'. Ultimo ID: 25732
2026-08-05 14:50:03,881 [INFO    ] capture.log_capture: 3 eventos publicados en el stream 'moodle_logs'. Ultimo ID: 25735
2026-08-05 14:51:03,893 [INFO    ] capture.log_capture: 1 eventos publicados en el stream 'moodle_logs'. Ultimo ID: 25736
2026-08-05 14:51:23,899 [INFO    ] capture.log_capture: 4 eventos publicados en el stream 'moodle_logs'. Ultimo ID: 25740
2026-08-05 14:51:33,902 [INFO    ] capture.log_capture: 1 eventos publicados en el stream 'moodle_logs'. Ultimo ID: 25741
2026-08-05 14:51:53,914 [INFO    ] capture.log_capture: 3 eventos publicados en el stream 'moodle_logs'. Ultimo ID: 25744
2026-08-05 14:52:23,923 [INFO    ] capture.log_capture: 2 eventos publicados en el stream 'moodle_logs'. Ultimo ID: 25746
2026-08-05 14:52:53,934 [INFO    ] capture.log_capture: 2 eventos publicados en el stream 'moodle_logs'. Ultimo ID: 25748
2026-08-05 14:53:03,980 [INFO    ] capture.log_capture: 1 eventos publicados en el stream 'moodle_logs'. Ultimo ID: 25749
2026-08-05 14:53:23,991 [INFO    ] capture.log_capture: 2 eventos publicados en el stream 'moodle_logs'. Ultimo ID: 25751
2026-08-05 14:53:44,006 [INFO    ] capture.log_capture: 1 eventos publicados en el stream 'moodle_logs'. Ultimo ID: 25752
2026-08-05 14:53:54,019 [INFO    ] capture.log_capture: 3 eventos publicados en el stream 'moodle_logs'. Ultimo ID: 25755
2026-08-05 14:54:24,061 [INFO    ] capture.log_capture: 1 eventos publicados en el stream 'moodle_logs'. Ultimo ID: 25756
2026-08-05 14:55:14,070 [INFO    ] capture.log_capture: 2 eventos publicados en el stream 'moodle_logs'. Ultimo ID: 25758
2026-08-05 14:55:54,081 [INFO    ] capture.log_capture: 2 eventos publicados en el stream 'moodle_logs'. Ultimo ID: 25760
2026-08-05 14:57:24,108 [INFO    ] capture.log_capture: 1 eventos publicados en el stream 'moodle_logs'. Ultimo ID: 25761
2026-08-05 14:57:54,115 [INFO    ] capture.log_capture: 2 eventos publicados en el stream 'moodle_logs'. Ultimo ID: 25763
2026-08-05 14:58:24,125 [INFO    ] capture.log_capture: 2 eventos publicados en el stream 'moodle_logs'. Ultimo ID: 25765
2026-08-05 14:58:44,131 [INFO    ] capture.log_capture: 2 eventos publicados en el stream 'moodle_logs'. Ultimo ID: 25767
2026-08-05 14:58:54,136 [INFO    ] capture.log_capture: 4 eventos publicados en el stream 'moodle_logs'. Ultimo ID: 25771
2026-08-05 14:59:14,143 [INFO    ] capture.log_capture: 2 eventos publicados en el stream 'moodle_logs'. Ultimo ID: 25773
2026-08-05 14:59:54,154 [INFO    ] capture.log_capture: 5 eventos publicados en el stream 'moodle_logs'. Ultimo ID: 25778
2026-08-05 15:00:54,168 [INFO    ] capture.log_capture: 1 eventos publicados en el stream 'moodle_logs'. Ultimo ID: 25779
2026-08-05 15:01:24,178 [INFO    ] capture.log_capture: 3 eventos publicados en el stream 'moodle_logs'. Ultimo ID: 25782
2026-08-05 15:01:34,183 [INFO    ] capture.log_capture: 1 eventos publicados en el stream 'moodle_logs'. Ultimo ID: 25783
2026-08-05 15:02:04,193 [INFO    ] capture.log_capture: 2 eventos publicados en el stream 'moodle_logs'. Ultimo ID: 25785
2026-08-05 15:02:34,204 [INFO    ] capture.log_capture: 2 eventos publicados en el stream 'moodle_logs'. Ultimo ID: 25787
2026-08-05 15:02:54,210 [INFO    ] capture.log_capture: 1 eventos publicados en el stream 'moodle_logs'. Ultimo ID: 25788
2026-08-05 15:03:04,215 [INFO    ] capture.log_capture: 4 eventos publicados en el stream 'moodle_logs'. Ultimo ID: 25792
2026-08-05 15:03:24,222 [INFO    ] capture.log_capture: 2 eventos publicados en el stream 'moodle_logs'. Ultimo ID: 25794
2026-08-05 15:03:54,230 [INFO    ] capture.log_capture: 3 eventos publicados en el stream 'moodle_logs'. Ultimo ID: 25797
2026-08-05 15:04:14,236 [INFO    ] capture.log_capture: 1 eventos publicados en el stream 'moodle_logs'. Ultimo ID: 25798
2026-08-05 15:04:24,242 [INFO    ] capture.log_capture: 2 eventos publicados en el stream 'moodle_logs'. Ultimo ID: 25800
2026-08-05 15:04:54,250 [INFO    ] capture.log_capture: 2 eventos publicados en el stream 'moodle_logs'. Ultimo ID: 25802
2026-08-05 15:05:34,261 [INFO    ] capture.log_capture: 4 eventos publicados en el stream 'moodle_logs'. Ultimo ID: 25806
2026-08-05 15:05:54,268 [INFO    ] capture.log_capture: 2 eventos publicados en el stream 'moodle_logs'. Ultimo ID: 25808
2026-08-05 15:06:24,278 [INFO    ] capture.log_capture: 4 eventos publicados en el stream 'moodle_logs'. Ultimo ID: 25812
2026-08-05 15:06:54,286 [INFO    ] capture.log_capture: 3 eventos publicados en el stream 'moodle_logs'. Ultimo ID: 25815
2026-08-05 15:07:24,294 [INFO    ] capture.log_capture: 1 eventos publicados en el stream 'moodle_logs'. Ultimo ID: 25816
2026-08-05 15:07:54,304 [INFO    ] capture.log_capture: 3 eventos publicados en el stream 'moodle_logs'. Ultimo ID: 25819
2026-08-05 15:08:14,310 [INFO    ] capture.log_capture: 2 eventos publicados en el stream 'moodle_logs'. Ultimo ID: 25821
2026-08-05 15:09:14,325 [INFO    ] capture.log_capture: 3 eventos publicados en el stream 'moodle_logs'. Ultimo ID: 25824
2026-08-05 15:09:44,333 [INFO    ] capture.log_capture: 2 eventos publicados en el stream 'moodle_logs'. Ultimo ID: 25826
2026-08-05 15:10:04,342 [INFO    ] capture.log_capture: 2 eventos publicados en el stream 'moodle_logs'. Ultimo ID: 25828
2026-08-05 15:10:14,347 [INFO    ] capture.log_capture: 2 eventos publicados en el stream 'moodle_logs'. Ultimo ID: 25830
2026-08-05 15:10:34,353 [INFO    ] capture.log_capture: 1 eventos publicados en el stream 'moodle_logs'. Ultimo ID: 25831
2026-08-05 15:11:34,369 [INFO    ] capture.log_capture: 4 eventos publicados en el stream 'moodle_logs'. Ultimo ID: 25835
2026-08-05 15:12:04,378 [INFO    ] capture.log_capture: 3 eventos publicados en el stream 'moodle_logs'. Ultimo ID: 25838
2026-08-05 15:12:44,393 [INFO    ] capture.log_capture: 1 eventos publicados en el stream 'moodle_logs'. Ultimo ID: 25839
2026-08-05 15:13:04,400 [INFO    ] capture.log_capture: 2 eventos publicados en el stream 'moodle_logs'. Ultimo ID: 25841
2026-08-05 15:13:24,406 [INFO    ] capture.log_capture: 1 eventos publicados en el stream 'moodle_logs'. Ultimo ID: 25842
2026-08-05 15:13:54,415 [INFO    ] capture.log_capture: 2 eventos publicados en el stream 'moodle_logs'. Ultimo ID: 25844
2026-08-05 15:14:24,423 [INFO    ] capture.log_capture: 3 eventos publicados en el stream 'moodle_logs'. Ultimo ID: 25847
2026-08-05 15:14:44,428 [INFO    ] capture.log_capture: 4 eventos publicados en el stream 'moodle_logs'. Ultimo ID: 25851
2026-08-05 15:14:54,433 [INFO    ] capture.log_capture: 2 eventos publicados en el stream 'moodle_logs'. Ultimo ID: 25853
2026-08-05 15:15:14,441 [INFO    ] capture.log_capture: 1 eventos publicados en el stream 'moodle_logs'. Ultimo ID: 25854
2026-08-05 15:15:54,453 [INFO    ] capture.log_capture: 2 eventos publicados en el stream 'moodle_logs'. Ultimo ID: 25856
2026-08-05 15:16:14,458 [INFO    ] capture.log_capture: 2 eventos publicados en el stream 'moodle_logs'. Ultimo ID: 25858
2026-08-05 15:16:44,467 [INFO    ] capture.log_capture: 3 eventos publicados en el stream 'moodle_logs'. Ultimo ID: 25861
2026-08-05 15:17:44,480 [INFO    ] capture.log_capture: 2 eventos publicados en el stream 'moodle_logs'. Ultimo ID: 25863
2026-08-05 15:18:04,486 [INFO    ] capture.log_capture: 3 eventos publicados en el stream 'moodle_logs'. Ultimo ID: 25866
2026-08-05 15:18:14,491 [INFO    ] capture.log_capture: 3 eventos publicados en el stream 'moodle_logs'. Ultimo ID: 25869
2026-08-05 15:18:34,497 [INFO    ] capture.log_capture: 2 eventos publicados en el stream 'moodle_logs'. Ultimo ID: 25871
2026-08-05 15:18:44,502 [INFO    ] capture.log_capture: 1 eventos publicados en el stream 'moodle_logs'. Ultimo ID: 25872
2026-08-05 15:19:14,510 [INFO    ] capture.log_capture: 1 eventos publicados en el stream 'moodle_logs'. Ultimo ID: 25873
2026-08-05 15:19:44,518 [INFO    ] capture.log_capture: 2 eventos publicados en el stream 'moodle_logs'. Ultimo ID: 25875
2026-08-05 15:20:14,526 [INFO    ] capture.log_capture: 3 eventos publicados en el stream 'moodle_logs'. Ultimo ID: 25878
2026-08-05 15:20:44,534 [INFO    ] capture.log_capture: 1 eventos publicados en el stream 'moodle_logs'. Ultimo ID: 25879
2026-08-05 15:21:04,540 [INFO    ] capture.log_capture: 2 eventos publicados en el stream 'moodle_logs'. Ultimo ID: 25881
2026-08-05 15:22:04,556 [INFO    ] capture.log_capture: 1 eventos publicados en el stream 'moodle_logs'. Ultimo ID: 25882
2026-08-05 15:22:24,562 [INFO    ] capture.log_capture: 1 eventos publicados en el stream 'moodle_logs'. Ultimo ID: 25883
2026-08-05 15:22:54,570 [INFO    ] capture.log_capture: 2 eventos publicados en el stream 'moodle_logs'. Ultimo ID: 25885
2026-08-05 15:23:04,575 [INFO    ] capture.log_capture: 1 eventos publicados en el stream 'moodle_logs'. Ultimo ID: 25886
2026-08-05 15:23:24,583 [INFO    ] capture.log_capture: 1 eventos publicados en el stream 'moodle_logs'. Ultimo ID: 25887
2026-08-05 15:23:54,590 [INFO    ] capture.log_capture: 1 eventos publicados en el stream 'moodle_logs'. Ultimo ID: 25888
2026-08-05 15:24:24,599 [INFO    ] capture.log_capture: 1 eventos publicados en el stream 'moodle_logs'. Ultimo ID: 25889
2026-08-05 15:24:44,607 [INFO    ] capture.log_capture: 6 eventos publicados en el stream 'moodle_logs'. Ultimo ID: 25895
2026-08-05 15:25:14,616 [INFO    ] capture.log_capture: 2 eventos publicados en el stream 'moodle_logs'. Ultimo ID: 25897
2026-08-05 15:25:44,625 [INFO    ] capture.log_capture: 4 eventos publicados en el stream 'moodle_logs'. Ultimo ID: 25901
2026-08-05 15:26:14,633 [INFO    ] capture.log_capture: 4 eventos publicados en el stream 'moodle_logs'. Ultimo ID: 25905
2026-08-05 15:26:44,644 [INFO    ] capture.log_capture: 3 eventos publicados en el stream 'moodle_logs'. Ultimo ID: 25908
2026-08-05 15:26:54,647 [INFO    ] capture.log_capture: 1 eventos publicados en el stream 'moodle_logs'. Ultimo ID: 25909
2026-08-05 15:27:14,654 [INFO    ] capture.log_capture: 2 eventos publicados en el stream 'moodle_logs'. Ultimo ID: 25911
2026-08-05 15:27:44,663 [INFO    ] capture.log_capture: 1 eventos publicados en el stream 'moodle_logs'. Ultimo ID: 25912
2026-08-05 15:28:15,093 [INFO    ] capture.log_capture: 1 eventos publicados en el stream 'moodle_logs'. Ultimo ID: 25913
2026-08-05 15:28:45,101 [INFO    ] capture.log_capture: 2 eventos publicados en el stream 'moodle_logs'. Ultimo ID: 25915
2026-08-05 15:29:15,110 [INFO    ] capture.log_capture: 3 eventos publicados en el stream 'moodle_logs'. Ultimo ID: 25918
2026-08-05 15:29:45,119 [INFO    ] capture.log_capture: 4 eventos publicados en el stream 'moodle_logs'. Ultimo ID: 25922
2026-08-05 15:30:15,127 [INFO    ] capture.log_capture: 2 eventos publicados en el stream 'moodle_logs'. Ultimo ID: 25924
2026-08-05 15:30:45,136 [INFO    ] capture.log_capture: 3 eventos publicados en el stream 'moodle_logs'. Ultimo ID: 25927
2026-08-05 15:31:25,148 [INFO    ] capture.log_capture: 2 eventos publicados en el stream 'moodle_logs'. Ultimo ID: 25929
2026-08-05 15:32:15,160 [INFO    ] capture.log_capture: 1 eventos publicados en el stream 'moodle_logs'. Ultimo ID: 25930
2026-08-05 15:32:45,167 [INFO    ] capture.log_capture: 1 eventos publicados en el stream 'moodle_logs'. Ultimo ID: 25931
2026-08-05 15:33:15,177 [INFO    ] capture.log_capture: 2 eventos publicados en el stream 'moodle_logs'. Ultimo ID: 25933
2026-08-05 15:33:45,186 [INFO    ] capture.log_capture: 2 eventos publicados en el stream 'moodle_logs'. Ultimo ID: 25935
2026-08-05 15:34:25,196 [INFO    ] capture.log_capture: 3 eventos publicados en el stream 'moodle_logs'. Ultimo ID: 25938
2026-08-05 15:34:55,206 [INFO    ] capture.log_capture: 3 eventos publicados en el stream 'moodle_logs'. Ultimo ID: 25941
2026-08-05 15:35:25,214 [INFO    ] capture.log_capture: 1 eventos publicados en el stream 'moodle_logs'. Ultimo ID: 25942
2026-08-05 15:35:55,222 [INFO    ] capture.log_capture: 2 eventos publicados en el stream 'moodle_logs'. Ultimo ID: 25944
2026-08-05 15:36:25,231 [INFO    ] capture.log_capture: 2 eventos publicados en el stream 'moodle_logs'. Ultimo ID: 25946
2026-08-05 15:36:45,238 [INFO    ] capture.log_capture: 1 eventos publicados en el stream 'moodle_logs'. Ultimo ID: 25947
2026-08-05 15:37:15,247 [INFO    ] capture.log_capture: 2 eventos publicados en el stream 'moodle_logs'. Ultimo ID: 25949
2026-08-05 15:37:35,255 [INFO    ] capture.log_capture: 3 eventos publicados en el stream 'moodle_logs'. Ultimo ID: 25952
2026-08-05 15:38:05,264 [INFO    ] capture.log_capture: 1 eventos publicados en el stream 'moodle_logs'. Ultimo ID: 25953
2026-08-05 15:38:25,271 [INFO    ] capture.log_capture: 2 eventos publicados en el stream 'moodle_logs'. Ultimo ID: 25955
2026-08-05 15:38:45,278 [INFO    ] capture.log_capture: 1 eventos publicados en el stream 'moodle_logs'. Ultimo ID: 25956
2026-08-05 15:39:15,288 [INFO    ] capture.log_capture: 1 eventos publicados en el stream 'moodle_logs'. Ultimo ID: 25957
2026-08-05 15:39:35,293 [INFO    ] capture.log_capture: 1 eventos publicados en el stream 'moodle_logs'. Ultimo ID: 25958
2026-08-05 15:39:45,298 [INFO    ] capture.log_capture: 3 eventos publicados en el stream 'moodle_logs'. Ultimo ID: 25961
2026-08-05 15:40:05,305 [INFO    ] capture.log_capture: 1 eventos publicados en el stream 'moodle_logs'. Ultimo ID: 25962
2026-08-05 15:40:35,314 [INFO    ] capture.log_capture: 2 eventos publicados en el stream 'moodle_logs'. Ultimo ID: 25964
2026-08-05 15:41:05,323 [INFO    ] capture.log_capture: 3 eventos publicados en el stream 'moodle_logs'. Ultimo ID: 25967
2026-08-05 15:41:35,331 [INFO    ] capture.log_capture: 2 eventos publicados en el stream 'moodle_logs'. Ultimo ID: 25969
2026-08-05 15:42:25,343 [INFO    ] capture.log_capture: 1 eventos publicados en el stream 'moodle_logs'. Ultimo ID: 25970
2026-08-05 15:43:15,356 [INFO    ] capture.log_capture: 1 eventos publicados en el stream 'moodle_logs'. Ultimo ID: 25971
2026-08-05 15:44:15,372 [INFO    ] capture.log_capture: 6 eventos publicados en el stream 'moodle_logs'. Ultimo ID: 25977
2026-08-05 15:44:45,380 [INFO    ] capture.log_capture: 1 eventos publicados en el stream 'moodle_logs'. Ultimo ID: 25978
2026-08-05 15:45:05,386 [INFO    ] capture.log_capture: 2 eventos publicados en el stream 'moodle_logs'. Ultimo ID: 25980
2026-08-05 15:45:25,393 [INFO    ] capture.log_capture: 3 eventos publicados en el stream 'moodle_logs'. Ultimo ID: 25983
2026-08-05 15:46:05,404 [INFO    ] capture.log_capture: 2 eventos publicados en el stream 'moodle_logs'. Ultimo ID: 25985
2026-08-05 15:46:25,410 [INFO    ] capture.log_capture: 4 eventos publicados en el stream 'moodle_logs'. Ultimo ID: 25989
2026-08-05 15:47:05,420 [INFO    ] capture.log_capture: 1 eventos publicados en el stream 'moodle_logs'. Ultimo ID: 25990
2026-08-05 15:47:35,427 [INFO    ] capture.log_capture: 1 eventos publicados en el stream 'moodle_logs'. Ultimo ID: 25991
2026-08-05 15:48:05,437 [INFO    ] capture.log_capture: 3 eventos publicados en el stream 'moodle_logs'. Ultimo ID: 25994
2026-08-05 15:49:25,454 [INFO    ] capture.log_capture: 1 eventos publicados en el stream 'moodle_logs'. Ultimo ID: 25995
2026-08-05 15:49:45,461 [INFO    ] capture.log_capture: 3 eventos publicados en el stream 'moodle_logs'. Ultimo ID: 25998
2026-08-05 15:50:25,472 [INFO    ] capture.log_capture: 1 eventos publicados en el stream 'moodle_logs'. Ultimo ID: 25999
2026-08-05 15:50:55,483 [INFO    ] capture.log_capture: 7 eventos publicados en el stream 'moodle_logs'. Ultimo ID: 26006
2026-08-05 15:51:35,493 [INFO    ] capture.log_capture: 1 eventos publicados en el stream 'moodle_logs'. Ultimo ID: 26007
2026-08-05 15:51:55,499 [INFO    ] capture.log_capture: 1 eventos publicados en el stream 'moodle_logs'. Ultimo ID: 26008
2026-08-05 15:52:05,503 [INFO    ] capture.log_capture: 2 eventos publicados en el stream 'moodle_logs'. Ultimo ID: 26010
2026-08-05 15:52:35,513 [INFO    ] capture.log_capture: 3 eventos publicados en el stream 'moodle_logs'. Ultimo ID: 26013
2026-08-05 15:53:15,524 [INFO    ] capture.log_capture: 3 eventos publicados en el stream 'moodle_logs'. Ultimo ID: 26016
2026-08-05 15:53:45,532 [INFO    ] capture.log_capture: 3 eventos publicados en el stream 'moodle_logs'. Ultimo ID: 26019
2026-08-05 15:54:15,539 [INFO    ] capture.log_capture: 1 eventos publicados en el stream 'moodle_logs'. Ultimo ID: 26020
2026-08-05 15:54:45,548 [INFO    ] capture.log_capture: 3 eventos publicados en el stream 'moodle_logs'. Ultimo ID: 26023
2026-08-05 15:55:15,557 [INFO    ] capture.log_capture: 2 eventos publicados en el stream 'moodle_logs'. Ultimo ID: 26025
2026-08-05 15:55:55,570 [INFO    ] capture.log_capture: 2 eventos publicados en el stream 'moodle_logs'. Ultimo ID: 26027
2026-08-05 15:56:25,579 [INFO    ] capture.log_capture: 3 eventos publicados en el stream 'moodle_logs'. Ultimo ID: 26030
2026-08-05 15:56:55,587 [INFO    ] capture.log_capture: 4 eventos publicados en el stream 'moodle_logs'. Ultimo ID: 26034
2026-08-05 15:57:05,593 [INFO    ] capture.log_capture: 1 eventos publicados en el stream 'moodle_logs'. Ultimo ID: 26035
2026-08-05 15:57:55,607 [INFO    ] capture.log_capture: 3 eventos publicados en el stream 'moodle_logs'. Ultimo ID: 26038
2026-08-05 15:58:25,615 [INFO    ] capture.log_capture: 2 eventos publicados en el stream 'moodle_logs'. Ultimo ID: 26040
2026-08-05 15:58:55,625 [INFO    ] capture.log_capture: 4 eventos publicados en el stream 'moodle_logs'. Ultimo ID: 26044
2026-08-05 15:59:25,634 [INFO    ] capture.log_capture: 2 eventos publicados en el stream 'moodle_logs'. Ultimo ID: 26046
2026-08-05 15:59:45,641 [INFO    ] capture.log_capture: 2 eventos publicados en el stream 'moodle_logs'. Ultimo ID: 26048
2026-08-05 16:00:15,649 [INFO    ] capture.log_capture: 2 eventos publicados en el stream 'moodle_logs'. Ultimo ID: 26050
2026-08-05 16:00:35,654 [INFO    ] capture.log_capture: 1 eventos publicados en el stream 'moodle_logs'. Ultimo ID: 26051
2026-08-05 16:01:05,664 [INFO    ] capture.log_capture: 2 eventos publicados en el stream 'moodle_logs'. Ultimo ID: 26053
2026-08-05 16:01:45,676 [INFO    ] capture.log_capture: 4 eventos publicados en el stream 'moodle_logs'. Ultimo ID: 26057
2026-08-05 16:02:05,682 [INFO    ] capture.log_capture: 2 eventos publicados en el stream 'moodle_logs'. Ultimo ID: 26059
2026-08-05 16:02:45,692 [INFO    ] capture.log_capture: 1 eventos publicados en el stream 'moodle_logs'. Ultimo ID: 26060
2026-08-05 16:03:05,699 [INFO    ] capture.log_capture: 1 eventos publicados en el stream 'moodle_logs'. Ultimo ID: 26061
2026-08-05 16:03:15,704 [INFO    ] capture.log_capture: 2 eventos publicados en el stream 'moodle_logs'. Ultimo ID: 26063
2026-08-05 16:03:35,711 [INFO    ] capture.log_capture: 3 eventos publicados en el stream 'moodle_logs'. Ultimo ID: 26066
2026-08-05 16:04:05,719 [INFO    ] capture.log_capture: 2 eventos publicados en el stream 'moodle_logs'. Ultimo ID: 26068
2026-08-05 16:04:35,727 [INFO    ] capture.log_capture: 1 eventos publicados en el stream 'moodle_logs'. Ultimo ID: 26069
2026-08-05 16:06:55,756 [INFO    ] capture.log_capture: 2 eventos publicados en el stream 'moodle_logs'. Ultimo ID: 26071
2026-08-05 16:07:05,762 [INFO    ] capture.log_capture: 1 eventos publicados en el stream 'moodle_logs'. Ultimo ID: 26072
2026-08-05 16:07:35,770 [INFO    ] capture.log_capture: 1 eventos publicados en el stream 'moodle_logs'. Ultimo ID: 26073
2026-08-05 16:08:05,779 [INFO    ] capture.log_capture: 3 eventos publicados en el stream 'moodle_logs'. Ultimo ID: 26076
2026-08-05 16:08:55,792 [INFO    ] capture.log_capture: 3 eventos publicados en el stream 'moodle_logs'. Ultimo ID: 26079
2026-08-05 16:09:05,798 [INFO    ] capture.log_capture: 2 eventos publicados en el stream 'moodle_logs'. Ultimo ID: 26081
2026-08-05 16:09:55,811 [INFO    ] capture.log_capture: 1 eventos publicados en el stream 'moodle_logs'. Ultimo ID: 26082
2026-08-05 16:10:05,815 [INFO    ] capture.log_capture: 2 eventos publicados en el stream 'moodle_logs'. Ultimo ID: 26084
2026-08-05 16:10:35,825 [INFO    ] capture.log_capture: 2 eventos publicados en el stream 'moodle_logs'. Ultimo ID: 26086
2026-08-05 16:11:15,835 [INFO    ] capture.log_capture: 3 eventos publicados en el stream 'moodle_logs'. Ultimo ID: 26089
2026-08-05 16:11:25,839 [INFO    ] capture.log_capture: 1 eventos publicados en el stream 'moodle_logs'. Ultimo ID: 26090
2026-08-05 16:11:55,848 [INFO    ] capture.log_capture: 3 eventos publicados en el stream 'moodle_logs'. Ultimo ID: 26093
2026-08-05 16:12:15,854 [INFO    ] capture.log_capture: 1 eventos publicados en el stream 'moodle_logs'. Ultimo ID: 26094
2026-08-05 16:12:25,859 [INFO    ] capture.log_capture: 1 eventos publicados en el stream 'moodle_logs'. Ultimo ID: 26095
2026-08-05 16:12:45,865 [INFO    ] capture.log_capture: 4 eventos publicados en el stream 'moodle_logs'. Ultimo ID: 26099
2026-08-05 16:13:15,875 [INFO    ] capture.log_capture: 2 eventos publicados en el stream 'moodle_logs'. Ultimo ID: 26101
2026-08-05 16:13:35,880 [INFO    ] capture.log_capture: 2 eventos publicados en el stream 'moodle_logs'. Ultimo ID: 26103
2026-08-05 16:14:05,890 [INFO    ] capture.log_capture: 4 eventos publicados en el stream 'moodle_logs'. Ultimo ID: 26107
2026-08-05 16:15:05,903 [INFO    ] capture.log_capture: 2 eventos publicados en el stream 'moodle_logs'. Ultimo ID: 26109
2026-08-05 16:15:35,912 [INFO    ] capture.log_capture: 4 eventos publicados en el stream 'moodle_logs'. Ultimo ID: 26113
2026-08-05 16:16:05,920 [INFO    ] capture.log_capture: 2 eventos publicados en el stream 'moodle_logs'. Ultimo ID: 26115
2026-08-05 16:16:35,928 [INFO    ] capture.log_capture: 2 eventos publicados en el stream 'moodle_logs'. Ultimo ID: 26117
2026-08-05 16:16:55,935 [INFO    ] capture.log_capture: 2 eventos publicados en el stream 'moodle_logs'. Ultimo ID: 26119
2026-08-05 16:17:35,945 [INFO    ] capture.log_capture: 3 eventos publicados en el stream 'moodle_logs'. Ultimo ID: 26122
2026-08-05 16:18:05,954 [INFO    ] capture.log_capture: 3 eventos publicados en el stream 'moodle_logs'. Ultimo ID: 26125
2026-08-05 16:18:25,961 [INFO    ] capture.log_capture: 3 eventos publicados en el stream 'moodle_logs'. Ultimo ID: 26128
2026-08-05 16:18:35,966 [INFO    ] capture.log_capture: 2 eventos publicados en el stream 'moodle_logs'. Ultimo ID: 26130
2026-08-05 16:18:55,976 [INFO    ] capture.log_capture: 4 eventos publicados en el stream 'moodle_logs'. Ultimo ID: 26134
2026-08-05 16:19:25,984 [INFO    ] capture.log_capture: 1 eventos publicados en el stream 'moodle_logs'. Ultimo ID: 26135
2026-08-05 16:19:45,991 [INFO    ] capture.log_capture: 3 eventos publicados en el stream 'moodle_logs'. Ultimo ID: 26138
2026-08-05 16:20:15,999 [INFO    ] capture.log_capture: 2 eventos publicados en el stream 'moodle_logs'. Ultimo ID: 26140
2026-08-05 16:20:26,003 [INFO    ] capture.log_capture: 1 eventos publicados en el stream 'moodle_logs'. Ultimo ID: 26141
2026-08-05 16:21:16,014 [INFO    ] capture.log_capture: 1 eventos publicados en el stream 'moodle_logs'. Ultimo ID: 26142
2026-08-05 16:21:46,023 [INFO    ] capture.log_capture: 3 eventos publicados en el stream 'moodle_logs'. Ultimo ID: 26145
2026-08-05 16:22:16,034 [INFO    ] capture.log_capture: 1 eventos publicados en el stream 'moodle_logs'. Ultimo ID: 26146
2026-08-05 16:22:46,042 [INFO    ] capture.log_capture: 2 eventos publicados en el stream 'moodle_logs'. Ultimo ID: 26148
2026-08-05 16:23:16,050 [INFO    ] capture.log_capture: 2 eventos publicados en el stream 'moodle_logs'. Ultimo ID: 26150
2026-08-05 16:24:06,066 [INFO    ] capture.log_capture: 4 eventos publicados en el stream 'moodle_logs'. Ultimo ID: 26154
2026-08-05 16:24:26,073 [INFO    ] capture.log_capture: 2 eventos publicados en el stream 'moodle_logs'. Ultimo ID: 26156
2026-08-05 16:24:56,082 [INFO    ] capture.log_capture: 3 eventos publicados en el stream 'moodle_logs'. Ultimo ID: 26159
2026-08-05 16:25:26,091 [INFO    ] capture.log_capture: 2 eventos publicados en el stream 'moodle_logs'. Ultimo ID: 26161
2026-08-05 16:26:06,101 [INFO    ] capture.log_capture: 2 eventos publicados en el stream 'moodle_logs'. Ultimo ID: 26163
2026-08-05 16:26:36,109 [INFO    ] capture.log_capture: 3 eventos publicados en el stream 'moodle_logs'. Ultimo ID: 26166
2026-08-05 16:26:56,115 [INFO    ] capture.log_capture: 1 eventos publicados en el stream 'moodle_logs'. Ultimo ID: 26167
2026-08-05 16:27:26,123 [INFO    ] capture.log_capture: 1 eventos publicados en el stream 'moodle_logs'. Ultimo ID: 26168
2026-08-05 16:27:46,131 [INFO    ] capture.log_capture: 2 eventos publicados en el stream 'moodle_logs'. Ultimo ID: 26170
2026-08-05 16:28:16,140 [INFO    ] capture.log_capture: 3 eventos publicados en el stream 'moodle_logs'. Ultimo ID: 26173
2026-08-05 16:28:46,148 [INFO    ] capture.log_capture: 2 eventos publicados en el stream 'moodle_logs'. Ultimo ID: 26175
2026-08-05 16:29:26,159 [INFO    ] capture.log_capture: 1 eventos publicados en el stream 'moodle_logs'. Ultimo ID: 26176
2026-08-05 16:29:56,167 [INFO    ] capture.log_capture: 3 eventos publicados en el stream 'moodle_logs'. Ultimo ID: 26179
2026-08-05 16:30:26,180 [INFO    ] capture.log_capture: 2 eventos publicados en el stream 'moodle_logs'. Ultimo ID: 26181
2026-08-05 16:30:56,189 [INFO    ] capture.log_capture: 1 eventos publicados en el stream 'moodle_logs'. Ultimo ID: 26182
2026-08-05 16:31:26,197 [INFO    ] capture.log_capture: 1 eventos publicados en el stream 'moodle_logs'. Ultimo ID: 26183
2026-08-05 16:31:56,206 [INFO    ] capture.log_capture: 2 eventos publicados en el stream 'moodle_logs'. Ultimo ID: 26185
2026-08-05 16:32:36,216 [INFO    ] capture.log_capture: 1 eventos publicados en el stream 'moodle_logs'. Ultimo ID: 26186
2026-08-05 16:32:56,222 [INFO    ] capture.log_capture: 4 eventos publicados en el stream 'moodle_logs'. Ultimo ID: 26190
2026-08-05 16:33:16,229 [INFO    ] capture.log_capture: 2 eventos publicados en el stream 'moodle_logs'. Ultimo ID: 26192
2026-08-05 16:33:46,249 [INFO    ] capture.log_capture: 2 eventos publicados en el stream 'moodle_logs'. Ultimo ID: 26194
2026-08-05 16:34:16,269 [INFO    ] capture.log_capture: 2 eventos publicados en el stream 'moodle_logs'. Ultimo ID: 26196
2026-08-05 16:34:36,274 [INFO    ] capture.log_capture: 2 eventos publicados en el stream 'moodle_logs'. Ultimo ID: 26198
2026-08-05 16:35:46,291 [INFO    ] capture.log_capture: 3 eventos publicados en el stream 'moodle_logs'. Ultimo ID: 26201
2026-08-05 16:36:16,299 [INFO    ] capture.log_capture: 3 eventos publicados en el stream 'moodle_logs'. Ultimo ID: 26204
2026-08-05 16:36:33,496 [INFO    ] models.arima_model: ARIMA((2, 1, 2))x((1, 1, 1, 24)) entrenado con 1347 muestras.
2026-08-05 16:36:46,743 [INFO    ] capture.log_capture: 1 eventos publicados en el stream 'moodle_logs'. Ultimo ID: 26205
2026-08-05 16:36:47,900 [WARNING ] drift.concept_drift_detector: Concept drift detected: error_rate, confidence: 52.34%
2026-08-05 16:37:06,749 [INFO    ] capture.log_capture: 1 eventos publicados en el stream 'moodle_logs'. Ultimo ID: 26206
2026-08-05 16:37:16,754 [INFO    ] capture.log_capture: 2 eventos publicados en el stream 'moodle_logs'. Ultimo ID: 26208
2026-08-05 16:37:36,760 [INFO    ] capture.log_capture: 4 eventos publicados en el stream 'moodle_logs'. Ultimo ID: 26212
2026-08-05 16:37:46,765 [INFO    ] capture.log_capture: 1 eventos publicados en el stream 'moodle_logs'. Ultimo ID: 26213
2026-08-05 16:38:06,773 [INFO    ] capture.log_capture: 2 eventos publicados en el stream 'moodle_logs'. Ultimo ID: 26215
2026-08-05 16:38:16,778 [INFO    ] capture.log_capture: 1 eventos publicados en el stream 'moodle_logs'. Ultimo ID: 26216
2026-08-05 16:38:46,787 [INFO    ] capture.log_capture: 3 eventos publicados en el stream 'moodle_logs'. Ultimo ID: 26219
2026-08-05 16:39:06,794 [INFO    ] capture.log_capture: 5 eventos publicados en el stream 'moodle_logs'. Ultimo ID: 26224
2026-08-05 16:39:17,119 [WARNING ] drift.concept_drift_detector: Concept drift detected: distribution, confidence: 58.39%
2026-08-05 16:40:16,810 [INFO    ] capture.log_capture: 2 eventos publicados en el stream 'moodle_logs'. Ultimo ID: 26226
2026-08-05 16:40:19,077 [WARNING ] drift.concept_drift_detector: Concept drift detected: distribution, confidence: 68.47%
2026-08-05 16:40:36,817 [INFO    ] capture.log_capture: 5 eventos publicados en el stream 'moodle_logs'. Ultimo ID: 26231
2026-08-05 16:41:06,825 [INFO    ] capture.log_capture: 1 eventos publicados en el stream 'moodle_logs'. Ultimo ID: 26232
2026-08-05 16:41:19,128 [WARNING ] drift.concept_drift_detector: Concept drift detected: distribution, confidence: 79.06%
2026-08-05 16:41:36,833 [INFO    ] capture.log_capture: 1 eventos publicados en el stream 'moodle_logs'. Ultimo ID: 26233
2026-08-05 16:42:06,842 [INFO    ] capture.log_capture: 2 eventos publicados en el stream 'moodle_logs'. Ultimo ID: 26235
2026-08-05 16:42:19,097 [WARNING ] drift.concept_drift_detector: Concept drift detected: distribution, confidence: 90.57%
2026-08-05 16:43:06,859 [INFO    ] capture.log_capture: 3 eventos publicados en el stream 'moodle_logs'. Ultimo ID: 26238
2026-08-05 16:43:19,206 [WARNING ] drift.concept_drift_detector: Concept drift detected: distribution, confidence: 100.00%
2026-08-05 16:43:36,868 [INFO    ] capture.log_capture: 3 eventos publicados en el stream 'moodle_logs'. Ultimo ID: 26241
2026-08-05 16:44:06,876 [INFO    ] capture.log_capture: 1 eventos publicados en el stream 'moodle_logs'. Ultimo ID: 26242
2026-08-05 16:44:19,154 [WARNING ] drift.concept_drift_detector: Concept drift detected: distribution, confidence: 100.00%
2026-08-05 16:44:26,881 [INFO    ] capture.log_capture: 1 eventos publicados en el stream 'moodle_logs'. Ultimo ID: 26243
2026-08-05 16:44:36,886 [INFO    ] capture.log_capture: 1 eventos publicados en el stream 'moodle_logs'. Ultimo ID: 26244
2026-08-05 16:44:56,894 [INFO    ] capture.log_capture: 3 eventos publicados en el stream 'moodle_logs'. Ultimo ID: 26247
2026-08-05 16:45:19,312 [WARNING ] drift.concept_drift_detector: Concept drift detected: distribution, confidence: 100.00%
2026-08-05 16:45:26,905 [INFO    ] capture.log_capture: 4 eventos publicados en el stream 'moodle_logs'. Ultimo ID: 26251
2026-08-05 16:45:56,915 [INFO    ] capture.log_capture: 1 eventos publicados en el stream 'moodle_logs'. Ultimo ID: 26252
2026-08-05 16:46:19,389 [WARNING ] drift.concept_drift_detector: Concept drift detected: distribution, confidence: 100.00%
2026-08-05 16:46:26,923 [INFO    ] capture.log_capture: 1 eventos publicados en el stream 'moodle_logs'. Ultimo ID: 26253
2026-08-05 16:46:56,933 [INFO    ] capture.log_capture: 1 eventos publicados en el stream 'moodle_logs'. Ultimo ID: 26254
2026-08-05 16:47:19,396 [WARNING ] drift.concept_drift_detector: Concept drift detected: distribution, confidence: 100.00%
2026-08-05 16:47:26,942 [INFO    ] capture.log_capture: 2 eventos publicados en el stream 'moodle_logs'. Ultimo ID: 26256
2026-08-05 16:47:56,952 [INFO    ] capture.log_capture: 2 eventos publicados en el stream 'moodle_logs'. Ultimo ID: 26258
2026-08-05 16:48:19,421 [WARNING ] drift.concept_drift_detector: Concept drift detected: distribution, confidence: 100.00%
2026-08-05 16:48:26,960 [INFO    ] capture.log_capture: 4 eventos publicados en el stream 'moodle_logs'. Ultimo ID: 26262
2026-08-05 16:48:46,966 [INFO    ] capture.log_capture: 1 eventos publicados en el stream 'moodle_logs'. Ultimo ID: 26263
2026-08-05 16:48:56,970 [INFO    ] capture.log_capture: 2 eventos publicados en el stream 'moodle_logs'. Ultimo ID: 26265
2026-08-05 16:49:21,409 [WARNING ] drift.concept_drift_detector: Concept drift detected: distribution, confidence: 100.00%
2026-08-05 16:49:26,980 [INFO    ] capture.log_capture: 5 eventos publicados en el stream 'moodle_logs'. Ultimo ID: 26270
2026-08-05 16:49:56,989 [INFO    ] capture.log_capture: 3 eventos publicados en el stream 'moodle_logs'. Ultimo ID: 26273
2026-08-05 16:50:21,440 [WARNING ] drift.concept_drift_detector: Concept drift detected: distribution, confidence: 100.00%
2026-08-05 16:50:47,401 [INFO    ] capture.log_capture: 3 eventos publicados en el stream 'moodle_logs'. Ultimo ID: 26276
2026-08-05 16:51:21,982 [WARNING ] drift.concept_drift_detector: Concept drift detected: distribution, confidence: 100.00%
2026-08-05 16:51:27,412 [INFO    ] capture.log_capture: 2 eventos publicados en el stream 'moodle_logs'. Ultimo ID: 26278
2026-08-05 16:51:47,418 [INFO    ] capture.log_capture: 2 eventos publicados en el stream 'moodle_logs'. Ultimo ID: 26280
2026-08-05 16:52:17,429 [INFO    ] capture.log_capture: 4 eventos publicados en el stream 'moodle_logs'. Ultimo ID: 26284
2026-08-05 16:52:23,703 [WARNING ] drift.concept_drift_detector: Concept drift detected: distribution, confidence: 100.00%
2026-08-05 16:52:47,438 [INFO    ] capture.log_capture: 1 eventos publicados en el stream 'moodle_logs'. Ultimo ID: 26285
2026-08-05 16:53:07,444 [INFO    ] capture.log_capture: 1 eventos publicados en el stream 'moodle_logs'. Ultimo ID: 26286
2026-08-05 16:53:23,798 [WARNING ] drift.concept_drift_detector: Concept drift detected: distribution, confidence: 100.00%
2026-08-05 16:53:27,452 [INFO    ] capture.log_capture: 3 eventos publicados en el stream 'moodle_logs'. Ultimo ID: 26289
2026-08-05 16:53:57,460 [INFO    ] capture.log_capture: 1 eventos publicados en el stream 'moodle_logs'. Ultimo ID: 26290
2026-08-05 16:54:23,954 [WARNING ] drift.concept_drift_detector: Concept drift detected: distribution, confidence: 100.00%
2026-08-05 16:54:27,469 [INFO    ] capture.log_capture: 1 eventos publicados en el stream 'moodle_logs'. Ultimo ID: 26291
2026-08-05 16:54:37,473 [INFO    ] capture.log_capture: 1 eventos publicados en el stream 'moodle_logs'. Ultimo ID: 26292
2026-08-05 16:55:07,483 [INFO    ] capture.log_capture: 2 eventos publicados en el stream 'moodle_logs'. Ultimo ID: 26294
2026-08-05 16:55:25,905 [WARNING ] drift.concept_drift_detector: Concept drift detected: distribution, confidence: 100.00%
2026-08-05 16:55:27,489 [INFO    ] capture.log_capture: 3 eventos publicados en el stream 'moodle_logs'. Ultimo ID: 26297
2026-08-05 16:55:37,493 [INFO    ] capture.log_capture: 1 eventos publicados en el stream 'moodle_logs'. Ultimo ID: 26298
2026-08-05 16:56:07,502 [INFO    ] capture.log_capture: 2 eventos publicados en el stream 'moodle_logs'. Ultimo ID: 26300
2026-08-05 16:56:27,509 [INFO    ] capture.log_capture: 3 eventos publicados en el stream 'moodle_logs'. Ultimo ID: 26303
2026-08-05 16:56:27,690 [WARNING ] drift.concept_drift_detector: Concept drift detected: distribution, confidence: 100.00%
2026-08-05 16:57:07,520 [INFO    ] capture.log_capture: 1 eventos publicados en el stream 'moodle_logs'. Ultimo ID: 26304
2026-08-05 16:57:17,533 [INFO    ] capture.log_capture: 1 eventos publicados en el stream 'moodle_logs'. Ultimo ID: 26305
2026-08-05 16:57:28,032 [WARNING ] drift.concept_drift_detector: Concept drift detected: distribution, confidence: 100.00%
2026-08-05 16:57:47,541 [INFO    ] capture.log_capture: 1 eventos publicados en el stream 'moodle_logs'. Ultimo ID: 26306
2026-08-05 16:58:17,550 [INFO    ] capture.log_capture: 2 eventos publicados en el stream 'moodle_logs'. Ultimo ID: 26308
2026-08-05 16:58:27,795 [WARNING ] drift.concept_drift_detector: Concept drift detected: distribution, confidence: 90.57%
2026-08-05 16:58:37,558 [INFO    ] capture.log_capture: 1 eventos publicados en el stream 'moodle_logs'. Ultimo ID: 26309
2026-08-05 16:58:47,564 [INFO    ] capture.log_capture: 2 eventos publicados en el stream 'moodle_logs'. Ultimo ID: 26311
2026-08-05 16:59:07,572 [INFO    ] capture.log_capture: 2 eventos publicados en el stream 'moodle_logs'. Ultimo ID: 26313
2026-08-05 16:59:27,579 [INFO    ] capture.log_capture: 1 eventos publicados en el stream 'moodle_logs'. Ultimo ID: 26314
2026-08-05 16:59:29,778 [WARNING ] drift.concept_drift_detector: Concept drift detected: distribution, confidence: 79.06%
2026-08-05 16:59:57,589 [INFO    ] capture.log_capture: 4 eventos publicados en el stream 'moodle_logs'. Ultimo ID: 26318
2026-08-05 17:00:27,597 [INFO    ] capture.log_capture: 2 eventos publicados en el stream 'moodle_logs'. Ultimo ID: 26320
2026-08-05 17:00:29,856 [WARNING ] drift.concept_drift_detector: Concept drift detected: distribution, confidence: 68.47%
2026-08-05 17:00:57,605 [INFO    ] capture.log_capture: 1 eventos publicados en el stream 'moodle_logs'. Ultimo ID: 26321
2026-08-05 17:01:30,312 [WARNING ] drift.concept_drift_detector: Concept drift detected: distribution, confidence: 58.39%
2026-08-05 17:01:57,619 [INFO    ] capture.log_capture: 2 eventos publicados en el stream 'moodle_logs'. Ultimo ID: 26323
2026-08-05 17:02:32,110 [WARNING ] drift.concept_drift_detector: Concept drift detected: distribution, confidence: 100.00%
2026-08-05 17:02:57,633 [INFO    ] capture.log_capture: 2 eventos publicados en el stream 'moodle_logs'. Ultimo ID: 26325
2026-08-05 17:03:17,640 [INFO    ] capture.log_capture: 1 eventos publicados en el stream 'moodle_logs'. Ultimo ID: 26326
2026-08-05 17:03:33,992 [WARNING ] drift.concept_drift_detector: Concept drift detected: distribution, confidence: 100.00%
2026-08-05 17:03:57,651 [INFO    ] capture.log_capture: 1 eventos publicados en el stream 'moodle_logs'. Ultimo ID: 26327
2026-08-05 17:04:17,658 [INFO    ] capture.log_capture: 3 eventos publicados en el stream 'moodle_logs'. Ultimo ID: 26330
2026-08-05 17:04:34,000 [WARNING ] drift.concept_drift_detector: Concept drift detected: distribution, confidence: 100.00%
2026-08-05 17:04:47,668 [INFO    ] capture.log_capture: 3 eventos publicados en el stream 'moodle_logs'. Ultimo ID: 26333
2026-08-05 17:05:17,678 [INFO    ] capture.log_capture: 2 eventos publicados en el stream 'moodle_logs'. Ultimo ID: 26335
2026-08-05 17:05:34,059 [WARNING ] drift.concept_drift_detector: Concept drift detected: distribution, confidence: 100.00%
2026-08-05 17:05:47,688 [INFO    ] capture.log_capture: 3 eventos publicados en el stream 'moodle_logs'. Ultimo ID: 26338
2026-08-05 17:06:17,697 [INFO    ] capture.log_capture: 2 eventos publicados en el stream 'moodle_logs'. Ultimo ID: 26340
2026-08-05 17:06:36,028 [WARNING ] drift.concept_drift_detector: Concept drift detected: distribution, confidence: 100.00%
2026-08-05 17:06:47,707 [INFO    ] capture.log_capture: 2 eventos publicados en el stream 'moodle_logs'. Ultimo ID: 26342
2026-08-05 17:07:17,716 [INFO    ] capture.log_capture: 1 eventos publicados en el stream 'moodle_logs'. Ultimo ID: 26343
2026-08-05 17:07:36,062 [WARNING ] drift.concept_drift_detector: Concept drift detected: distribution, confidence: 100.00%
2026-08-05 17:08:07,729 [INFO    ] capture.log_capture: 1 eventos publicados en el stream 'moodle_logs'. Ultimo ID: 26344
2026-08-05 17:08:27,737 [INFO    ] capture.log_capture: 4 eventos publicados en el stream 'moodle_logs'. Ultimo ID: 26348
2026-08-05 17:08:38,043 [WARNING ] drift.concept_drift_detector: Concept drift detected: distribution, confidence: 100.00%
2026-08-05 17:08:57,747 [INFO    ] capture.log_capture: 1 eventos publicados en el stream 'moodle_logs'. Ultimo ID: 26349
2026-08-05 17:09:27,753 [INFO    ] capture.log_capture: 1 eventos publicados en el stream 'moodle_logs'. Ultimo ID: 26350
2026-08-05 17:09:40,026 [WARNING ] drift.concept_drift_detector: Concept drift detected: distribution, confidence: 100.00%
2026-08-05 17:09:57,764 [INFO    ] capture.log_capture: 5 eventos publicados en el stream 'moodle_logs'. Ultimo ID: 26355
2026-08-05 17:10:17,813 [INFO    ] capture.log_capture: 2 eventos publicados en el stream 'moodle_logs'. Ultimo ID: 26357
2026-08-05 17:10:37,820 [INFO    ] capture.log_capture: 1 eventos publicados en el stream 'moodle_logs'. Ultimo ID: 26358
2026-08-05 17:10:40,077 [WARNING ] drift.concept_drift_detector: Concept drift detected: distribution, confidence: 100.00%
2026-08-05 17:11:07,830 [INFO    ] capture.log_capture: 3 eventos publicados en el stream 'moodle_logs'. Ultimo ID: 26361
2026-08-05 17:11:37,840 [INFO    ] capture.log_capture: 2 eventos publicados en el stream 'moodle_logs'. Ultimo ID: 26363
2026-08-05 17:11:40,145 [WARNING ] drift.concept_drift_detector: Concept drift detected: distribution, confidence: 100.00%
2026-08-05 17:11:47,844 [INFO    ] capture.log_capture: 1 eventos publicados en el stream 'moodle_logs'. Ultimo ID: 26364
2026-08-05 17:12:07,850 [INFO    ] capture.log_capture: 1 eventos publicados en el stream 'moodle_logs'. Ultimo ID: 26365
2026-08-05 17:12:37,859 [INFO    ] capture.log_capture: 5 eventos publicados en el stream 'moodle_logs'. Ultimo ID: 26370
2026-08-05 17:12:42,130 [WARNING ] drift.concept_drift_detector: Concept drift detected: distribution, confidence: 100.00%
2026-08-05 17:13:07,867 [INFO    ] capture.log_capture: 2 eventos publicados en el stream 'moodle_logs'. Ultimo ID: 26372
2026-08-05 17:13:17,872 [INFO    ] capture.log_capture: 1 eventos publicados en el stream 'moodle_logs'. Ultimo ID: 26373
2026-08-05 17:13:37,878 [INFO    ] capture.log_capture: 2 eventos publicados en el stream 'moodle_logs'. Ultimo ID: 26375
2026-08-05 17:13:42,158 [WARNING ] drift.concept_drift_detector: Concept drift detected: distribution, confidence: 100.00%
2026-08-05 17:13:47,883 [INFO    ] capture.log_capture: 2 eventos publicados en el stream 'moodle_logs'. Ultimo ID: 26377
2026-08-05 17:14:17,892 [INFO    ] capture.log_capture: 2 eventos publicados en el stream 'moodle_logs'. Ultimo ID: 26379
2026-08-05 17:14:42,390 [WARNING ] drift.concept_drift_detector: Concept drift detected: distribution, confidence: 100.00%
2026-08-05 17:14:47,901 [INFO    ] capture.log_capture: 5 eventos publicados en el stream 'moodle_logs'. Ultimo ID: 26384
2026-08-05 17:15:27,912 [INFO    ] capture.log_capture: 2 eventos publicados en el stream 'moodle_logs'. Ultimo ID: 26386
2026-08-05 17:15:44,316 [WARNING ] drift.concept_drift_detector: Concept drift detected: distribution, confidence: 100.00%
2026-08-05 17:15:57,925 [INFO    ] capture.log_capture: 2 eventos publicados en el stream 'moodle_logs'. Ultimo ID: 26388
2026-08-05 17:16:27,933 [INFO    ] capture.log_capture: 1 eventos publicados en el stream 'moodle_logs'. Ultimo ID: 26389
2026-08-05 17:16:37,937 [INFO    ] capture.log_capture: 4 eventos publicados en el stream 'moodle_logs'. Ultimo ID: 26393
2026-08-05 17:16:46,293 [WARNING ] drift.concept_drift_detector: Concept drift detected: distribution, confidence: 100.00%
2026-08-05 17:16:57,945 [INFO    ] capture.log_capture: 3 eventos publicados en el stream 'moodle_logs'. Ultimo ID: 26396
2026-08-05 17:17:17,953 [INFO    ] capture.log_capture: 2 eventos publicados en el stream 'moodle_logs'. Ultimo ID: 26398
2026-08-05 17:17:46,421 [WARNING ] drift.concept_drift_detector: Concept drift detected: distribution, confidence: 100.00%
2026-08-05 17:17:47,963 [INFO    ] capture.log_capture: 2 eventos publicados en el stream 'moodle_logs'. Ultimo ID: 26400
2026-08-05 17:18:17,970 [INFO    ] capture.log_capture: 1 eventos publicados en el stream 'moodle_logs'. Ultimo ID: 26401
2026-08-05 17:18:46,509 [WARNING ] drift.concept_drift_detector: Concept drift detected: distribution, confidence: 100.00%
2026-08-05 17:18:47,980 [INFO    ] capture.log_capture: 2 eventos publicados en el stream 'moodle_logs'. Ultimo ID: 26403
2026-08-05 17:19:07,987 [INFO    ] capture.log_capture: 2 eventos publicados en el stream 'moodle_logs'. Ultimo ID: 26405
2026-08-05 17:19:27,993 [INFO    ] capture.log_capture: 2 eventos publicados en el stream 'moodle_logs'. Ultimo ID: 26407
2026-08-05 17:19:48,402 [WARNING ] drift.concept_drift_detector: Concept drift detected: distribution, confidence: 100.00%
2026-08-05 17:19:58,003 [INFO    ] capture.log_capture: 4 eventos publicados en el stream 'moodle_logs'. Ultimo ID: 26411
2026-08-05 17:20:38,014 [INFO    ] capture.log_capture: 4 eventos publicados en el stream 'moodle_logs'. Ultimo ID: 26415
2026-08-05 17:20:50,356 [WARNING ] drift.concept_drift_detector: Concept drift detected: distribution, confidence: 100.00%
2026-08-05 17:21:08,023 [INFO    ] capture.log_capture: 2 eventos publicados en el stream 'moodle_logs'. Ultimo ID: 26417
2026-08-05 17:21:38,032 [INFO    ] capture.log_capture: 4 eventos publicados en el stream 'moodle_logs'. Ultimo ID: 26421
2026-08-05 17:21:50,357 [WARNING ] drift.concept_drift_detector: Concept drift detected: distribution, confidence: 100.00%
2026-08-05 17:22:18,075 [INFO    ] capture.log_capture: 3 eventos publicados en el stream 'moodle_logs'. Ultimo ID: 26424
2026-08-05 17:22:38,084 [INFO    ] capture.log_capture: 3 eventos publicados en el stream 'moodle_logs'. Ultimo ID: 26427
2026-08-05 17:22:50,408 [WARNING ] drift.concept_drift_detector: Concept drift detected: distribution, confidence: 100.00%
2026-08-05 17:23:18,096 [INFO    ] capture.log_capture: 4 eventos publicados en el stream 'moodle_logs'. Ultimo ID: 26431
2026-08-05 17:23:48,105 [INFO    ] capture.log_capture: 2 eventos publicados en el stream 'moodle_logs'. Ultimo ID: 26433
2026-08-05 17:23:52,357 [WARNING ] drift.concept_drift_detector: Concept drift detected: distribution, confidence: 100.00%
2026-08-05 17:24:18,114 [INFO    ] capture.log_capture: 1 eventos publicados en el stream 'moodle_logs'. Ultimo ID: 26434
2026-08-05 17:24:48,123 [INFO    ] capture.log_capture: 4 eventos publicados en el stream 'moodle_logs'. Ultimo ID: 26438
2026-08-05 17:24:54,351 [WARNING ] drift.concept_drift_detector: Concept drift detected: distribution, confidence: 100.00%
2026-08-05 17:25:18,131 [INFO    ] capture.log_capture: 1 eventos publicados en el stream 'moodle_logs'. Ultimo ID: 26439
2026-08-05 17:25:54,748 [WARNING ] drift.concept_drift_detector: Concept drift detected: distribution, confidence: 96.82%
2026-08-05 17:25:58,142 [INFO    ] capture.log_capture: 3 eventos publicados en el stream 'moodle_logs'. Ultimo ID: 26442
2026-08-05 17:26:28,151 [INFO    ] capture.log_capture: 1 eventos publicados en el stream 'moodle_logs'. Ultimo ID: 26443
2026-08-05 17:26:48,159 [INFO    ] capture.log_capture: 2 eventos publicados en el stream 'moodle_logs'. Ultimo ID: 26445
2026-08-05 17:26:56,470 [WARNING ] drift.concept_drift_detector: Concept drift detected: distribution, confidence: 89.64%
2026-08-05 17:27:08,165 [INFO    ] capture.log_capture: 3 eventos publicados en el stream 'moodle_logs'. Ultimo ID: 26448
2026-08-05 17:27:38,174 [INFO    ] capture.log_capture: 3 eventos publicados en el stream 'moodle_logs'. Ultimo ID: 26451
2026-08-05 17:27:56,535 [WARNING ] drift.concept_drift_detector: Concept drift detected: distribution, confidence: 82.57%
2026-08-05 17:28:08,184 [INFO    ] capture.log_capture: 4 eventos publicados en el stream 'moodle_logs'. Ultimo ID: 26455
2026-08-05 17:28:38,201 [INFO    ] capture.log_capture: 2 eventos publicados en el stream 'moodle_logs'. Ultimo ID: 26457
2026-08-05 17:28:56,643 [WARNING ] drift.concept_drift_detector: Concept drift detected: distribution, confidence: 75.54%
2026-08-05 17:29:08,209 [INFO    ] capture.log_capture: 1 eventos publicados en el stream 'moodle_logs'. Ultimo ID: 26458
2026-08-05 17:29:48,219 [INFO    ] capture.log_capture: 2 eventos publicados en el stream 'moodle_logs'. Ultimo ID: 26460
2026-08-05 17:29:58,541 [WARNING ] drift.concept_drift_detector: Concept drift detected: distribution, confidence: 68.47%
2026-08-05 17:30:18,228 [INFO    ] capture.log_capture: 1 eventos publicados en el stream 'moodle_logs'. Ultimo ID: 26461
2026-08-05 17:30:58,243 [INFO    ] capture.log_capture: 2 eventos publicados en el stream 'moodle_logs'. Ultimo ID: 26463
2026-08-05 17:31:00,490 [WARNING ] drift.concept_drift_detector: Concept drift detected: distribution, confidence: 61.24%
2026-08-05 17:31:00,630 [WARNING ] drift.concept_drift_detector: Concept drift detected: distribution, confidence: 53.71%
2026-08-05 17:31:28,252 [INFO    ] capture.log_capture: 2 eventos publicados en el stream 'moodle_logs'. Ultimo ID: 26465
2026-08-05 17:31:58,261 [INFO    ] capture.log_capture: 3 eventos publicados en el stream 'moodle_logs'. Ultimo ID: 26468
2026-08-05 17:32:00,581 [WARNING ] drift.concept_drift_detector: Concept drift detected: distribution, confidence: 100.00%
2026-08-05 17:32:38,273 [INFO    ] capture.log_capture: 3 eventos publicados en el stream 'moodle_logs'. Ultimo ID: 26471
2026-08-05 17:32:58,280 [INFO    ] capture.log_capture: 2 eventos publicados en el stream 'moodle_logs'. Ultimo ID: 26473
2026-08-05 17:33:00,560 [WARNING ] drift.concept_drift_detector: Concept drift detected: distribution, confidence: 100.00%
2026-08-05 17:33:28,289 [INFO    ] capture.log_capture: 1 eventos publicados en el stream 'moodle_logs'. Ultimo ID: 26474
2026-08-05 17:33:58,298 [INFO    ] capture.log_capture: 3 eventos publicados en el stream 'moodle_logs'. Ultimo ID: 26477
2026-08-05 17:34:02,484 [WARNING ] drift.concept_drift_detector: Concept drift detected: distribution, confidence: 100.00%
2026-08-05 17:34:28,307 [INFO    ] capture.log_capture: 3 eventos publicados en el stream 'moodle_logs'. Ultimo ID: 26480
2026-08-05 17:34:58,316 [INFO    ] capture.log_capture: 3 eventos publicados en el stream 'moodle_logs'. Ultimo ID: 26483
2026-08-05 17:35:02,520 [WARNING ] drift.concept_drift_detector: Concept drift detected: distribution, confidence: 100.00%
2026-08-05 17:35:28,325 [INFO    ] capture.log_capture: 3 eventos publicados en el stream 'moodle_logs'. Ultimo ID: 26486
2026-08-05 17:35:48,332 [INFO    ] capture.log_capture: 1 eventos publicados en el stream 'moodle_logs'. Ultimo ID: 26487
2026-08-05 17:36:02,642 [WARNING ] drift.concept_drift_detector: Concept drift detected: distribution, confidence: 100.00%
2026-08-05 17:36:08,338 [INFO    ] capture.log_capture: 3 eventos publicados en el stream 'moodle_logs'. Ultimo ID: 26490
2026-08-05 17:36:38,349 [INFO    ] capture.log_capture: 1 eventos publicados en el stream 'moodle_logs'. Ultimo ID: 26491
2026-08-05 17:37:02,803 [WARNING ] drift.concept_drift_detector: Concept drift detected: distribution, confidence: 100.00%
2026-08-05 17:37:08,359 [INFO    ] capture.log_capture: 1 eventos publicados en el stream 'moodle_logs'. Ultimo ID: 26492
2026-08-05 17:37:38,368 [INFO    ] capture.log_capture: 2 eventos publicados en el stream 'moodle_logs'. Ultimo ID: 26494
2026-08-05 17:37:58,376 [INFO    ] capture.log_capture: 3 eventos publicados en el stream 'moodle_logs'. Ultimo ID: 26497
2026-08-05 17:38:04,671 [WARNING ] drift.concept_drift_detector: Concept drift detected: distribution, confidence: 100.00%
2026-08-05 17:38:58,392 [INFO    ] capture.log_capture: 4 eventos publicados en el stream 'moodle_logs'. Ultimo ID: 26501
2026-08-05 17:39:06,620 [WARNING ] drift.concept_drift_detector: Concept drift detected: distribution, confidence: 100.00%
2026-08-05 17:39:38,404 [INFO    ] capture.log_capture: 2 eventos publicados en el stream 'moodle_logs'. Ultimo ID: 26503
2026-08-05 17:40:06,852 [WARNING ] drift.concept_drift_detector: Concept drift detected: distribution, confidence: 100.00%
2026-08-05 17:40:08,414 [INFO    ] capture.log_capture: 5 eventos publicados en el stream 'moodle_logs'. Ultimo ID: 26508
2026-08-05 17:40:28,422 [INFO    ] capture.log_capture: 1 eventos publicados en el stream 'moodle_logs'. Ultimo ID: 26509
2026-08-05 17:40:58,432 [INFO    ] capture.log_capture: 2 eventos publicados en el stream 'moodle_logs'. Ultimo ID: 26511
2026-08-05 17:41:08,695 [WARNING ] drift.concept_drift_detector: Concept drift detected: distribution, confidence: 100.00%
2026-08-05 17:42:18,449 [INFO    ] capture.log_capture: 2 eventos publicados en el stream 'moodle_logs'. Ultimo ID: 26513
2026-08-05 17:42:48,458 [INFO    ] capture.log_capture: 2 eventos publicados en el stream 'moodle_logs'. Ultimo ID: 26515
2026-08-05 17:43:08,464 [INFO    ] capture.log_capture: 2 eventos publicados en el stream 'moodle_logs'. Ultimo ID: 26517
2026-08-05 17:43:10,694 [WARNING ] drift.concept_drift_detector: Concept drift detected: distribution, confidence: 100.00%
2026-08-05 17:43:18,470 [INFO    ] capture.log_capture: 1 eventos publicados en el stream 'moodle_logs'. Ultimo ID: 26518
2026-08-05 17:43:38,479 [INFO    ] capture.log_capture: 2 eventos publicados en el stream 'moodle_logs'. Ultimo ID: 26520
2026-08-05 17:44:08,488 [INFO    ] capture.log_capture: 3 eventos publicados en el stream 'moodle_logs'. Ultimo ID: 26523
2026-08-05 17:44:12,669 [WARNING ] drift.concept_drift_detector: Concept drift detected: distribution, confidence: 100.00%
2026-08-05 17:44:38,496 [INFO    ] capture.log_capture: 5 eventos publicados en el stream 'moodle_logs'. Ultimo ID: 26528
2026-08-05 17:45:08,504 [INFO    ] capture.log_capture: 3 eventos publicados en el stream 'moodle_logs'. Ultimo ID: 26531
2026-08-05 17:45:12,697 [WARNING ] drift.concept_drift_detector: Concept drift detected: distribution, confidence: 100.00%
2026-08-05 17:45:28,510 [INFO    ] capture.log_capture: 3 eventos publicados en el stream 'moodle_logs'. Ultimo ID: 26534
2026-08-05 17:46:13,169 [WARNING ] drift.concept_drift_detector: Concept drift detected: distribution, confidence: 100.00%
2026-08-05 17:46:58,532 [INFO    ] capture.log_capture: 2 eventos publicados en el stream 'moodle_logs'. Ultimo ID: 26536
2026-08-05 17:47:14,946 [WARNING ] drift.concept_drift_detector: Concept drift detected: distribution, confidence: 100.00%
2026-08-05 17:47:28,540 [INFO    ] capture.log_capture: 2 eventos publicados en el stream 'moodle_logs'. Ultimo ID: 26538
2026-08-05 17:47:58,549 [INFO    ] capture.log_capture: 3 eventos publicados en el stream 'moodle_logs'. Ultimo ID: 26541
2026-08-05 17:48:14,947 [WARNING ] drift.concept_drift_detector: Concept drift detected: distribution, confidence: 100.00%
2026-08-05 17:48:18,558 [INFO    ] capture.log_capture: 5 eventos publicados en el stream 'moodle_logs'. Ultimo ID: 26546
2026-08-05 17:48:48,567 [INFO    ] capture.log_capture: 3 eventos publicados en el stream 'moodle_logs'. Ultimo ID: 26549
2026-08-05 17:49:15,064 [WARNING ] drift.concept_drift_detector: Concept drift detected: distribution, confidence: 100.00%
2026-08-05 17:49:28,578 [INFO    ] capture.log_capture: 6 eventos publicados en el stream 'moodle_logs'. Ultimo ID: 26555
2026-08-05 17:49:48,585 [INFO    ] capture.log_capture: 2 eventos publicados en el stream 'moodle_logs'. Ultimo ID: 26557
2026-08-05 17:50:15,077 [WARNING ] drift.concept_drift_detector: Concept drift detected: distribution, confidence: 100.00%
2026-08-05 17:50:28,596 [INFO    ] capture.log_capture: 1 eventos publicados en el stream 'moodle_logs'. Ultimo ID: 26558
2026-08-05 17:50:48,603 [INFO    ] capture.log_capture: 1 eventos publicados en el stream 'moodle_logs'. Ultimo ID: 26559
2026-08-05 17:51:15,204 [WARNING ] drift.concept_drift_detector: Concept drift detected: distribution, confidence: 100.00%
2026-08-05 17:51:18,614 [INFO    ] capture.log_capture: 3 eventos publicados en el stream 'moodle_logs'. Ultimo ID: 26562
2026-08-05 17:51:48,623 [INFO    ] capture.log_capture: 3 eventos publicados en el stream 'moodle_logs'. Ultimo ID: 26565
2026-08-05 17:52:08,640 [INFO    ] capture.log_capture: 2 eventos publicados en el stream 'moodle_logs'. Ultimo ID: 26567
2026-08-05 17:52:16,884 [WARNING ] drift.concept_drift_detector: Concept drift detected: distribution, confidence: 100.00%
2026-08-05 17:52:38,648 [INFO    ] capture.log_capture: 1 eventos publicados en el stream 'moodle_logs'. Ultimo ID: 26568
2026-08-05 17:52:58,655 [INFO    ] capture.log_capture: 1 eventos publicados en el stream 'moodle_logs'. Ultimo ID: 26569
2026-08-05 17:53:08,659 [INFO    ] capture.log_capture: 1 eventos publicados en el stream 'moodle_logs'. Ultimo ID: 26570
2026-08-05 17:53:16,951 [WARNING ] drift.concept_drift_detector: Concept drift detected: distribution, confidence: 100.00%
2026-08-05 17:53:28,666 [INFO    ] capture.log_capture: 2 eventos publicados en el stream 'moodle_logs'. Ultimo ID: 26572
2026-08-05 17:53:48,672 [INFO    ] capture.log_capture: 1 eventos publicados en el stream 'moodle_logs'. Ultimo ID: 26573
2026-08-05 17:54:17,274 [WARNING ] drift.concept_drift_detector: Concept drift detected: distribution, confidence: 100.00%
2026-08-05 17:54:18,680 [INFO    ] capture.log_capture: 3 eventos publicados en el stream 'moodle_logs'. Ultimo ID: 26576
2026-08-05 17:54:28,684 [INFO    ] capture.log_capture: 1 eventos publicados en el stream 'moodle_logs'. Ultimo ID: 26577
2026-08-05 17:54:48,693 [INFO    ] capture.log_capture: 2 eventos publicados en el stream 'moodle_logs'. Ultimo ID: 26579
2026-08-05 17:55:17,225 [WARNING ] drift.concept_drift_detector: Concept drift detected: distribution, confidence: 100.00%
2026-08-05 17:55:18,702 [INFO    ] capture.log_capture: 4 eventos publicados en el stream 'moodle_logs'. Ultimo ID: 26583
2026-08-05 17:55:28,708 [INFO    ] capture.log_capture: 1 eventos publicados en el stream 'moodle_logs'. Ultimo ID: 26584
2026-08-05 17:55:58,716 [INFO    ] capture.log_capture: 2 eventos publicados en el stream 'moodle_logs'. Ultimo ID: 26586
2026-08-05 17:56:19,128 [WARNING ] drift.concept_drift_detector: Concept drift detected: distribution, confidence: 100.00%
2026-08-05 17:56:28,731 [INFO    ] capture.log_capture: 2 eventos publicados en el stream 'moodle_logs'. Ultimo ID: 26588
2026-08-05 17:56:58,741 [INFO    ] capture.log_capture: 2 eventos publicados en el stream 'moodle_logs'. Ultimo ID: 26590
2026-08-05 17:57:19,219 [WARNING ] drift.concept_drift_detector: Concept drift detected: distribution, confidence: 100.00%
2026-08-05 17:57:28,751 [INFO    ] capture.log_capture: 1 eventos publicados en el stream 'moodle_logs'. Ultimo ID: 26591
2026-08-05 17:57:38,756 [INFO    ] capture.log_capture: 2 eventos publicados en el stream 'moodle_logs'. Ultimo ID: 26593
2026-08-05 17:58:08,767 [INFO    ] capture.log_capture: 6 eventos publicados en el stream 'moodle_logs'. Ultimo ID: 26599
2026-08-05 17:58:21,123 [WARNING ] drift.concept_drift_detector: Concept drift detected: distribution, confidence: 100.00%
2026-08-05 17:58:38,775 [INFO    ] capture.log_capture: 2 eventos publicados en el stream 'moodle_logs'. Ultimo ID: 26601
2026-08-05 17:59:21,450 [WARNING ] drift.concept_drift_detector: Concept drift detected: distribution, confidence: 100.00%
2026-08-05 17:59:38,790 [INFO    ] capture.log_capture: 4 eventos publicados en el stream 'moodle_logs'. Ultimo ID: 26605
2026-08-05 18:00:08,799 [INFO    ] capture.log_capture: 2 eventos publicados en el stream 'moodle_logs'. Ultimo ID: 26607
2026-08-05 18:00:23,218 [WARNING ] drift.concept_drift_detector: Concept drift detected: distribution, confidence: 100.00%
2026-08-05 18:00:38,807 [INFO    ] capture.log_capture: 1 eventos publicados en el stream 'moodle_logs'. Ultimo ID: 26608
2026-08-05 18:01:08,816 [INFO    ] capture.log_capture: 3 eventos publicados en el stream 'moodle_logs'. Ultimo ID: 26611
2026-08-05 18:01:25,132 [WARNING ] drift.concept_drift_detector: Concept drift detected: distribution, confidence: 100.00%
2026-08-05 18:01:38,824 [INFO    ] capture.log_capture: 2 eventos publicados en el stream 'moodle_logs'. Ultimo ID: 26613
2026-08-05 18:02:08,834 [INFO    ] capture.log_capture: 5 eventos publicados en el stream 'moodle_logs'. Ultimo ID: 26618
2026-08-05 18:02:25,176 [WARNING ] drift.concept_drift_detector: Concept drift detected: distribution, confidence: 100.00%
2026-08-05 18:02:38,844 [INFO    ] capture.log_capture: 5 eventos publicados en el stream 'moodle_logs'. Ultimo ID: 26623
2026-08-05 18:03:08,854 [INFO    ] capture.log_capture: 2 eventos publicados en el stream 'moodle_logs'. Ultimo ID: 26625
2026-08-05 18:03:25,190 [WARNING ] drift.concept_drift_detector: Concept drift detected: distribution, confidence: 100.00%
2026-08-05 18:03:38,862 [INFO    ] capture.log_capture: 1 eventos publicados en el stream 'moodle_logs'. Ultimo ID: 26626
2026-08-05 18:04:18,871 [INFO    ] capture.log_capture: 1 eventos publicados en el stream 'moodle_logs'. Ultimo ID: 26627
2026-08-05 18:04:27,144 [WARNING ] drift.concept_drift_detector: Concept drift detected: distribution, confidence: 99.34%
2026-08-05 18:04:48,879 [INFO    ] capture.log_capture: 1 eventos publicados en el stream 'moodle_logs'. Ultimo ID: 26628
2026-08-05 18:05:18,888 [INFO    ] capture.log_capture: 3 eventos publicados en el stream 'moodle_logs'. Ultimo ID: 26631
2026-08-05 18:05:27,178 [WARNING ] drift.concept_drift_detector: Concept drift detected: distribution, confidence: 93.88%
2026-08-05 18:05:48,896 [INFO    ] capture.log_capture: 2 eventos publicados en el stream 'moodle_logs'. Ultimo ID: 26633
2026-08-05 18:06:18,905 [INFO    ] capture.log_capture: 2 eventos publicados en el stream 'moodle_logs'. Ultimo ID: 26635
2026-08-05 18:06:27,203 [WARNING ] drift.concept_drift_detector: Concept drift detected: distribution, confidence: 88.39%
2026-08-05 18:06:48,914 [INFO    ] capture.log_capture: 2 eventos publicados en el stream 'moodle_logs'. Ultimo ID: 26637
2026-08-05 18:07:27,525 [WARNING ] drift.concept_drift_detector: Concept drift detected: distribution, confidence: 82.82%
2026-08-05 18:07:48,927 [INFO    ] capture.log_capture: 3 eventos publicados en el stream 'moodle_logs'. Ultimo ID: 26640
2026-08-05 18:08:18,936 [INFO    ] capture.log_capture: 2 eventos publicados en el stream 'moodle_logs'. Ultimo ID: 26642
2026-08-05 18:08:28,941 [INFO    ] capture.log_capture: 1 eventos publicados en el stream 'moodle_logs'. Ultimo ID: 26643
2026-08-05 18:08:29,097 [WARNING ] drift.concept_drift_detector: Concept drift detected: distribution, confidence: 77.15%
2026-08-05 18:08:48,946 [INFO    ] capture.log_capture: 1 eventos publicados en el stream 'moodle_logs'. Ultimo ID: 26644
2026-08-05 18:09:28,958 [INFO    ] capture.log_capture: 2 eventos publicados en el stream 'moodle_logs'. Ultimo ID: 26646
2026-08-05 18:09:29,141 [WARNING ] drift.concept_drift_detector: Concept drift detected: distribution, confidence: 71.32%
2026-08-05 18:09:48,966 [INFO    ] capture.log_capture: 3 eventos publicados en el stream 'moodle_logs'. Ultimo ID: 26649
2026-08-05 18:10:08,973 [INFO    ] capture.log_capture: 3 eventos publicados en el stream 'moodle_logs'. Ultimo ID: 26652
2026-08-05 18:10:29,458 [WARNING ] drift.concept_drift_detector: Concept drift detected: distribution, confidence: 65.28%
2026-08-05 18:10:48,984 [INFO    ] capture.log_capture: 1 eventos publicados en el stream 'moodle_logs'. Ultimo ID: 26653
2026-08-05 18:11:08,990 [INFO    ] capture.log_capture: 3 eventos publicados en el stream 'moodle_logs'. Ultimo ID: 26656
2026-08-05 18:11:31,388 [WARNING ] drift.concept_drift_detector: Concept drift detected: distribution, confidence: 58.93%
2026-08-05 18:11:38,999 [INFO    ] capture.log_capture: 1 eventos publicados en el stream 'moodle_logs'. Ultimo ID: 26657
2026-08-05 18:12:09,013 [INFO    ] capture.log_capture: 1 eventos publicados en el stream 'moodle_logs'. Ultimo ID: 26658
2026-08-05 18:12:31,415 [WARNING ] drift.concept_drift_detector: Concept drift detected: distribution, confidence: 52.13%
2026-08-05 18:12:49,023 [INFO    ] capture.log_capture: 2 eventos publicados en el stream 'moodle_logs'. Ultimo ID: 26660
2026-08-05 18:13:19,031 [INFO    ] capture.log_capture: 3 eventos publicados en el stream 'moodle_logs'. Ultimo ID: 26663
2026-08-05 18:13:39,039 [INFO    ] capture.log_capture: 3 eventos publicados en el stream 'moodle_logs'. Ultimo ID: 26666
2026-08-05 18:14:09,047 [INFO    ] capture.log_capture: 3 eventos publicados en el stream 'moodle_logs'. Ultimo ID: 26669
2026-08-05 18:15:29,066 [INFO    ] capture.log_capture: 2 eventos publicados en el stream 'moodle_logs'. Ultimo ID: 26671
2026-08-05 18:15:59,076 [INFO    ] capture.log_capture: 3 eventos publicados en el stream 'moodle_logs'. Ultimo ID: 26674
2026-08-05 18:16:29,085 [INFO    ] capture.log_capture: 4 eventos publicados en el stream 'moodle_logs'. Ultimo ID: 26678
2026-08-05 18:16:59,094 [INFO    ] capture.log_capture: 5 eventos publicados en el stream 'moodle_logs'. Ultimo ID: 26683
2026-08-05 18:17:29,102 [INFO    ] capture.log_capture: 2 eventos publicados en el stream 'moodle_logs'. Ultimo ID: 26685
2026-08-05 18:17:59,110 [INFO    ] capture.log_capture: 1 eventos publicados en el stream 'moodle_logs'. Ultimo ID: 26686
2026-08-05 18:18:29,119 [INFO    ] capture.log_capture: 1 eventos publicados en el stream 'moodle_logs'. Ultimo ID: 26687
2026-08-05 18:18:49,124 [INFO    ] capture.log_capture: 3 eventos publicados en el stream 'moodle_logs'. Ultimo ID: 26690
2026-08-05 18:19:09,134 [INFO    ] capture.log_capture: 4 eventos publicados en el stream 'moodle_logs'. Ultimo ID: 26694
2026-08-05 18:20:09,152 [INFO    ] capture.log_capture: 3 eventos publicados en el stream 'moodle_logs'. Ultimo ID: 26697
2026-08-05 18:20:59,164 [INFO    ] capture.log_capture: 4 eventos publicados en el stream 'moodle_logs'. Ultimo ID: 26701
2026-08-05 18:21:29,174 [INFO    ] capture.log_capture: 3 eventos publicados en el stream 'moodle_logs'. Ultimo ID: 26704
2026-08-05 18:22:09,184 [INFO    ] capture.log_capture: 3 eventos publicados en el stream 'moodle_logs'. Ultimo ID: 26707
2026-08-05 18:22:39,194 [INFO    ] capture.log_capture: 1 eventos publicados en el stream 'moodle_logs'. Ultimo ID: 26708
2026-08-05 18:23:29,206 [INFO    ] capture.log_capture: 1 eventos publicados en el stream 'moodle_logs'. Ultimo ID: 26709
2026-08-05 18:23:39,211 [INFO    ] capture.log_capture: 1 eventos publicados en el stream 'moodle_logs'. Ultimo ID: 26710
2026-08-05 18:23:59,219 [INFO    ] capture.log_capture: 3 eventos publicados en el stream 'moodle_logs'. Ultimo ID: 26713
2026-08-05 18:24:29,229 [INFO    ] capture.log_capture: 2 eventos publicados en el stream 'moodle_logs'. Ultimo ID: 26715
2026-08-05 18:24:59,236 [INFO    ] capture.log_capture: 1 eventos publicados en el stream 'moodle_logs'. Ultimo ID: 26716
2026-08-05 18:26:09,252 [INFO    ] capture.log_capture: 3 eventos publicados en el stream 'moodle_logs'. Ultimo ID: 26719
2026-08-05 18:26:29,260 [INFO    ] capture.log_capture: 3 eventos publicados en el stream 'moodle_logs'. Ultimo ID: 26722
2026-08-05 18:26:59,269 [INFO    ] capture.log_capture: 1 eventos publicados en el stream 'moodle_logs'. Ultimo ID: 26723
2026-08-05 18:27:29,278 [INFO    ] capture.log_capture: 2 eventos publicados en el stream 'moodle_logs'. Ultimo ID: 26725
2026-08-05 18:27:49,285 [INFO    ] capture.log_capture: 3 eventos publicados en el stream 'moodle_logs'. Ultimo ID: 26728
2026-08-05 18:28:19,295 [INFO    ] capture.log_capture: 4 eventos publicados en el stream 'moodle_logs'. Ultimo ID: 26732
2026-08-05 18:28:49,306 [INFO    ] capture.log_capture: 3 eventos publicados en el stream 'moodle_logs'. Ultimo ID: 26735
2026-08-05 18:29:19,315 [INFO    ] capture.log_capture: 1 eventos publicados en el stream 'moodle_logs'. Ultimo ID: 26736
2026-08-05 18:29:49,326 [INFO    ] capture.log_capture: 4 eventos publicados en el stream 'moodle_logs'. Ultimo ID: 26740
2026-08-05 18:30:09,333 [INFO    ] capture.log_capture: 2 eventos publicados en el stream 'moodle_logs'. Ultimo ID: 26742
2026-08-05 18:30:39,341 [INFO    ] capture.log_capture: 1 eventos publicados en el stream 'moodle_logs'. Ultimo ID: 26743
2026-08-05 18:30:49,345 [INFO    ] capture.log_capture: 2 eventos publicados en el stream 'moodle_logs'. Ultimo ID: 26745
2026-08-05 18:31:09,352 [INFO    ] capture.log_capture: 3 eventos publicados en el stream 'moodle_logs'. Ultimo ID: 26748
2026-08-05 18:31:39,362 [INFO    ] capture.log_capture: 1 eventos publicados en el stream 'moodle_logs'. Ultimo ID: 26749
2026-08-05 18:32:39,379 [INFO    ] capture.log_capture: 5 eventos publicados en el stream 'moodle_logs'. Ultimo ID: 26754
2026-08-05 18:33:39,395 [INFO    ] capture.log_capture: 5 eventos publicados en el stream 'moodle_logs'. Ultimo ID: 26759
2026-08-05 18:34:09,403 [INFO    ] capture.log_capture: 1 eventos publicados en el stream 'moodle_logs'. Ultimo ID: 26760
2026-08-05 18:34:49,415 [INFO    ] capture.log_capture: 1 eventos publicados en el stream 'moodle_logs'. Ultimo ID: 26761
2026-08-05 18:35:09,424 [INFO    ] capture.log_capture: 2 eventos publicados en el stream 'moodle_logs'. Ultimo ID: 26763
2026-08-05 18:35:39,433 [INFO    ] capture.log_capture: 3 eventos publicados en el stream 'moodle_logs'. Ultimo ID: 26766
2026-08-05 18:36:39,450 [INFO    ] capture.log_capture: 1 eventos publicados en el stream 'moodle_logs'. Ultimo ID: 26767
2026-08-05 18:37:19,461 [INFO    ] capture.log_capture: 2 eventos publicados en el stream 'moodle_logs'. Ultimo ID: 26769
2026-08-05 18:37:51,992 [WARNING ] drift.concept_drift_detector: Concept drift detected: error_rate, confidence: 54.88%
2026-08-05 18:38:09,473 [INFO    ] capture.log_capture: 1 eventos publicados en el stream 'moodle_logs'. Ultimo ID: 26770
2026-08-05 18:38:29,480 [INFO    ] capture.log_capture: 1 eventos publicados en el stream 'moodle_logs'. Ultimo ID: 26771
2026-08-05 18:38:49,486 [INFO    ] capture.log_capture: 3 eventos publicados en el stream 'moodle_logs'. Ultimo ID: 26774
2026-08-05 18:39:29,497 [INFO    ] capture.log_capture: 2 eventos publicados en el stream 'moodle_logs'. Ultimo ID: 26776
2026-08-05 18:39:49,503 [INFO    ] capture.log_capture: 1 eventos publicados en el stream 'moodle_logs'. Ultimo ID: 26777
2026-08-05 18:40:19,512 [INFO    ] capture.log_capture: 2 eventos publicados en el stream 'moodle_logs'. Ultimo ID: 26779
2026-08-05 18:40:59,521 [INFO    ] capture.log_capture: 1 eventos publicados en el stream 'moodle_logs'. Ultimo ID: 26780
2026-08-05 18:41:19,528 [INFO    ] capture.log_capture: 1 eventos publicados en el stream 'moodle_logs'. Ultimo ID: 26781
2026-08-05 18:41:59,538 [INFO    ] capture.log_capture: 1 eventos publicados en el stream 'moodle_logs'. Ultimo ID: 26782
2026-08-05 18:42:29,548 [INFO    ] capture.log_capture: 2 eventos publicados en el stream 'moodle_logs'. Ultimo ID: 26784
2026-08-05 18:43:09,557 [INFO    ] capture.log_capture: 1 eventos publicados en el stream 'moodle_logs'. Ultimo ID: 26785
2026-08-05 18:43:29,566 [INFO    ] capture.log_capture: 4 eventos publicados en el stream 'moodle_logs'. Ultimo ID: 26789
2026-08-05 18:43:59,576 [INFO    ] capture.log_capture: 1 eventos publicados en el stream 'moodle_logs'. Ultimo ID: 26790
2026-08-05 18:44:29,585 [INFO    ] capture.log_capture: 5 eventos publicados en el stream 'moodle_logs'. Ultimo ID: 26795
2026-08-05 18:44:59,595 [INFO    ] capture.log_capture: 2 eventos publicados en el stream 'moodle_logs'. Ultimo ID: 26797
2026-08-05 18:45:29,604 [INFO    ] capture.log_capture: 2 eventos publicados en el stream 'moodle_logs'. Ultimo ID: 26799
2026-08-05 18:45:59,613 [INFO    ] capture.log_capture: 2 eventos publicados en el stream 'moodle_logs'. Ultimo ID: 26801
2026-08-05 18:46:29,624 [INFO    ] capture.log_capture: 4 eventos publicados en el stream 'moodle_logs'. Ultimo ID: 26805
2026-08-05 18:47:19,637 [INFO    ] capture.log_capture: 2 eventos publicados en el stream 'moodle_logs'. Ultimo ID: 26807
2026-08-05 18:47:49,647 [INFO    ] capture.log_capture: 2 eventos publicados en el stream 'moodle_logs'. Ultimo ID: 26809
2026-08-05 18:48:09,653 [INFO    ] capture.log_capture: 3 eventos publicados en el stream 'moodle_logs'. Ultimo ID: 26812
2026-08-05 18:48:39,662 [INFO    ] capture.log_capture: 1 eventos publicados en el stream 'moodle_logs'. Ultimo ID: 26813
2026-08-05 18:49:09,672 [INFO    ] capture.log_capture: 1 eventos publicados en el stream 'moodle_logs'. Ultimo ID: 26814
2026-08-05 18:49:19,677 [INFO    ] capture.log_capture: 4 eventos publicados en el stream 'moodle_logs'. Ultimo ID: 26818
2026-08-05 18:49:49,685 [INFO    ] capture.log_capture: 2 eventos publicados en el stream 'moodle_logs'. Ultimo ID: 26820
2026-08-05 18:50:09,691 [INFO    ] capture.log_capture: 2 eventos publicados en el stream 'moodle_logs'. Ultimo ID: 26822
2026-08-05 18:50:39,700 [INFO    ] capture.log_capture: 2 eventos publicados en el stream 'moodle_logs'. Ultimo ID: 26824
2026-08-05 18:50:59,707 [INFO    ] capture.log_capture: 3 eventos publicados en el stream 'moodle_logs'. Ultimo ID: 26827
2026-08-05 18:51:39,718 [INFO    ] capture.log_capture: 2 eventos publicados en el stream 'moodle_logs'. Ultimo ID: 26829
2026-08-05 18:52:09,728 [INFO    ] capture.log_capture: 1 eventos publicados en el stream 'moodle_logs'. Ultimo ID: 26830
2026-08-05 18:52:29,734 [INFO    ] capture.log_capture: 3 eventos publicados en el stream 'moodle_logs'. Ultimo ID: 26833
2026-08-05 18:52:59,744 [INFO    ] capture.log_capture: 4 eventos publicados en el stream 'moodle_logs'. Ultimo ID: 26837
2026-08-05 18:53:29,752 [INFO    ] capture.log_capture: 2 eventos publicados en el stream 'moodle_logs'. Ultimo ID: 26839
2026-08-05 18:53:49,760 [INFO    ] capture.log_capture: 1 eventos publicados en el stream 'moodle_logs'. Ultimo ID: 26840
2026-08-05 18:54:19,770 [INFO    ] capture.log_capture: 2 eventos publicados en el stream 'moodle_logs'. Ultimo ID: 26842
2026-08-05 18:54:39,778 [INFO    ] capture.log_capture: 3 eventos publicados en el stream 'moodle_logs'. Ultimo ID: 26845
2026-08-05 18:55:19,791 [INFO    ] capture.log_capture: 3 eventos publicados en el stream 'moodle_logs'. Ultimo ID: 26848
2026-08-05 18:55:49,800 [INFO    ] capture.log_capture: 1 eventos publicados en el stream 'moodle_logs'. Ultimo ID: 26849
2026-08-05 18:56:09,807 [INFO    ] capture.log_capture: 2 eventos publicados en el stream 'moodle_logs'. Ultimo ID: 26851
2026-08-05 18:56:39,816 [INFO    ] capture.log_capture: 4 eventos publicados en el stream 'moodle_logs'. Ultimo ID: 26855
2026-08-05 18:57:09,836 [INFO    ] capture.log_capture: 4 eventos publicados en el stream 'moodle_logs'. Ultimo ID: 26859
2026-08-05 18:57:19,844 [INFO    ] capture.log_capture: 1 eventos publicados en el stream 'moodle_logs'. Ultimo ID: 26860
2026-08-05 18:57:49,943 [INFO    ] capture.log_capture: 2 eventos publicados en el stream 'moodle_logs'. Ultimo ID: 26862
2026-08-05 18:58:09,949 [INFO    ] capture.log_capture: 1 eventos publicados en el stream 'moodle_logs'. Ultimo ID: 26863
2026-08-05 18:58:19,954 [INFO    ] capture.log_capture: 1 eventos publicados en el stream 'moodle_logs'. Ultimo ID: 26864
2026-08-05 18:58:49,962 [INFO    ] capture.log_capture: 1 eventos publicados en el stream 'moodle_logs'. Ultimo ID: 26865
2026-08-05 18:59:09,968 [INFO    ] capture.log_capture: 3 eventos publicados en el stream 'moodle_logs'. Ultimo ID: 26868
2026-08-05 18:59:39,976 [INFO    ] capture.log_capture: 3 eventos publicados en el stream 'moodle_logs'. Ultimo ID: 26871
2026-08-05 18:59:59,983 [INFO    ] capture.log_capture: 1 eventos publicados en el stream 'moodle_logs'. Ultimo ID: 26872
2026-08-05 19:00:49,994 [INFO    ] capture.log_capture: 1 eventos publicados en el stream 'moodle_logs'. Ultimo ID: 26873
2026-08-05 19:01:20,002 [INFO    ] capture.log_capture: 1 eventos publicados en el stream 'moodle_logs'. Ultimo ID: 26874
2026-08-05 19:01:50,010 [INFO    ] capture.log_capture: 3 eventos publicados en el stream 'moodle_logs'. Ultimo ID: 26877
2026-08-05 19:02:10,017 [INFO    ] capture.log_capture: 2 eventos publicados en el stream 'moodle_logs'. Ultimo ID: 26879
2026-08-05 19:02:50,164 [INFO    ] capture.log_capture: 3 eventos publicados en el stream 'moodle_logs'. Ultimo ID: 26882
2026-08-05 19:03:20,172 [INFO    ] capture.log_capture: 1 eventos publicados en el stream 'moodle_logs'. Ultimo ID: 26883
2026-08-05 19:04:10,184 [INFO    ] capture.log_capture: 2 eventos publicados en el stream 'moodle_logs'. Ultimo ID: 26885
2026-08-05 19:04:40,199 [INFO    ] capture.log_capture: 2 eventos publicados en el stream 'moodle_logs'. Ultimo ID: 26887
2026-08-05 19:05:10,208 [INFO    ] capture.log_capture: 1 eventos publicados en el stream 'moodle_logs'. Ultimo ID: 26888
2026-08-05 19:05:50,219 [INFO    ] capture.log_capture: 4 eventos publicados en el stream 'moodle_logs'. Ultimo ID: 26892
2026-08-05 19:06:20,228 [INFO    ] capture.log_capture: 2 eventos publicados en el stream 'moodle_logs'. Ultimo ID: 26894
2026-08-05 19:06:50,236 [INFO    ] capture.log_capture: 1 eventos publicados en el stream 'moodle_logs'. Ultimo ID: 26895
2026-08-05 19:07:20,244 [INFO    ] capture.log_capture: 2 eventos publicados en el stream 'moodle_logs'. Ultimo ID: 26897
2026-08-05 19:07:40,250 [INFO    ] capture.log_capture: 2 eventos publicados en el stream 'moodle_logs'. Ultimo ID: 26899
2026-08-05 19:08:10,260 [INFO    ] capture.log_capture: 4 eventos publicados en el stream 'moodle_logs'. Ultimo ID: 26903
2026-08-05 19:08:16,477 [WARNING ] drift.concept_drift_detector: Concept drift detected: error_rate, confidence: 51.13%
2026-08-05 19:08:40,271 [INFO    ] capture.log_capture: 2 eventos publicados en el stream 'moodle_logs'. Ultimo ID: 26905
2026-08-05 19:09:30,286 [INFO    ] capture.log_capture: 2 eventos publicados en el stream 'moodle_logs'. Ultimo ID: 26907
2026-08-05 19:10:10,299 [INFO    ] capture.log_capture: 2 eventos publicados en el stream 'moodle_logs'. Ultimo ID: 26909
2026-08-05 19:11:10,314 [INFO    ] capture.log_capture: 3 eventos publicados en el stream 'moodle_logs'. Ultimo ID: 26912
2026-08-05 19:11:18,946 [INFO    ] models.anomaly_detector: Isolation Forest reentrenado con 1500 muestras.
2026-08-05 19:11:40,323 [INFO    ] capture.log_capture: 4 eventos publicados en el stream 'moodle_logs'. Ultimo ID: 26916
2026-08-05 19:12:00,329 [INFO    ] capture.log_capture: 1 eventos publicados en el stream 'moodle_logs'. Ultimo ID: 26917
2026-08-05 19:12:10,335 [INFO    ] capture.log_capture: 3 eventos publicados en el stream 'moodle_logs'. Ultimo ID: 26920
2026-08-05 19:13:00,349 [INFO    ] capture.log_capture: 2 eventos publicados en el stream 'moodle_logs'. Ultimo ID: 26922
2026-08-05 19:13:20,356 [INFO    ] capture.log_capture: 1 eventos publicados en el stream 'moodle_logs'. Ultimo ID: 26923
2026-08-05 19:14:00,366 [INFO    ] capture.log_capture: 2 eventos publicados en el stream 'moodle_logs'. Ultimo ID: 26925
2026-08-05 19:15:00,380 [INFO    ] capture.log_capture: 1 eventos publicados en el stream 'moodle_logs'. Ultimo ID: 26926
2026-08-05 19:15:30,389 [INFO    ] capture.log_capture: 2 eventos publicados en el stream 'moodle_logs'. Ultimo ID: 26928
2026-08-05 19:15:50,395 [INFO    ] capture.log_capture: 1 eventos publicados en el stream 'moodle_logs'. Ultimo ID: 26929
2026-08-05 19:16:10,404 [INFO    ] capture.log_capture: 3 eventos publicados en el stream 'moodle_logs'. Ultimo ID: 26932
2026-08-05 19:16:40,413 [INFO    ] capture.log_capture: 3 eventos publicados en el stream 'moodle_logs'. Ultimo ID: 26935
2026-08-05 19:17:10,422 [INFO    ] capture.log_capture: 3 eventos publicados en el stream 'moodle_logs'. Ultimo ID: 26938
2026-08-05 19:17:40,431 [INFO    ] capture.log_capture: 2 eventos publicados en el stream 'moodle_logs'. Ultimo ID: 26940
2026-08-05 19:18:10,440 [INFO    ] capture.log_capture: 3 eventos publicados en el stream 'moodle_logs'. Ultimo ID: 26943
2026-08-05 19:18:40,449 [INFO    ] capture.log_capture: 3 eventos publicados en el stream 'moodle_logs'. Ultimo ID: 26946
2026-08-05 19:19:40,466 [INFO    ] capture.log_capture: 1 eventos publicados en el stream 'moodle_logs'. Ultimo ID: 26947
2026-08-05 19:20:00,473 [INFO    ] capture.log_capture: 2 eventos publicados en el stream 'moodle_logs'. Ultimo ID: 26949
2026-08-05 19:20:30,482 [INFO    ] capture.log_capture: 1 eventos publicados en el stream 'moodle_logs'. Ultimo ID: 26950
2026-08-05 19:21:10,494 [INFO    ] capture.log_capture: 2 eventos publicados en el stream 'moodle_logs'. Ultimo ID: 26952
2026-08-05 19:21:30,502 [INFO    ] capture.log_capture: 2 eventos publicados en el stream 'moodle_logs'. Ultimo ID: 26954
2026-08-05 19:23:00,525 [INFO    ] capture.log_capture: 3 eventos publicados en el stream 'moodle_logs'. Ultimo ID: 26957
2026-08-05 19:23:30,533 [INFO    ] capture.log_capture: 1 eventos publicados en el stream 'moodle_logs'. Ultimo ID: 26958
2026-08-05 19:23:40,538 [INFO    ] capture.log_capture: 2 eventos publicados en el stream 'moodle_logs'. Ultimo ID: 26960
2026-08-05 19:24:10,555 [INFO    ] capture.log_capture: 1 eventos publicados en el stream 'moodle_logs'. Ultimo ID: 26961
2026-08-05 19:24:40,563 [INFO    ] capture.log_capture: 2 eventos publicados en el stream 'moodle_logs'. Ultimo ID: 26963
2026-08-05 19:25:10,572 [INFO    ] capture.log_capture: 1 eventos publicados en el stream 'moodle_logs'. Ultimo ID: 26964
2026-08-05 19:25:40,581 [INFO    ] capture.log_capture: 3 eventos publicados en el stream 'moodle_logs'. Ultimo ID: 26967
2026-08-05 19:26:20,590 [INFO    ] capture.log_capture: 1 eventos publicados en el stream 'moodle_logs'. Ultimo ID: 26968
2026-08-05 19:26:50,601 [INFO    ] capture.log_capture: 3 eventos publicados en el stream 'moodle_logs'. Ultimo ID: 26971
2026-08-05 19:27:20,610 [INFO    ] capture.log_capture: 4 eventos publicados en el stream 'moodle_logs'. Ultimo ID: 26975
2026-08-05 19:28:00,620 [INFO    ] capture.log_capture: 4 eventos publicados en el stream 'moodle_logs'. Ultimo ID: 26979
2026-08-05 19:28:20,628 [INFO    ] capture.log_capture: 4 eventos publicados en el stream 'moodle_logs'. Ultimo ID: 26983
2026-08-05 19:29:00,639 [INFO    ] capture.log_capture: 5 eventos publicados en el stream 'moodle_logs'. Ultimo ID: 26988
2026-08-05 19:29:20,647 [INFO    ] capture.log_capture: 2 eventos publicados en el stream 'moodle_logs'. Ultimo ID: 26990
2026-08-05 19:30:00,658 [INFO    ] capture.log_capture: 2 eventos publicados en el stream 'moodle_logs'. Ultimo ID: 26992
2026-08-05 19:30:20,667 [INFO    ] capture.log_capture: 3 eventos publicados en el stream 'moodle_logs'. Ultimo ID: 26995
2026-08-05 19:30:50,682 [INFO    ] capture.log_capture: 1 eventos publicados en el stream 'moodle_logs'. Ultimo ID: 26996
2026-08-05 19:31:20,691 [INFO    ] capture.log_capture: 2 eventos publicados en el stream 'moodle_logs'. Ultimo ID: 26998
2026-08-05 19:31:50,700 [INFO    ] capture.log_capture: 2 eventos publicados en el stream 'moodle_logs'. Ultimo ID: 27000
2026-08-05 19:32:40,712 [INFO    ] capture.log_capture: 2 eventos publicados en el stream 'moodle_logs'. Ultimo ID: 27002
2026-08-05 19:33:30,723 [INFO    ] capture.log_capture: 3 eventos publicados en el stream 'moodle_logs'. Ultimo ID: 27005
2026-08-05 19:34:00,732 [INFO    ] capture.log_capture: 1 eventos publicados en el stream 'moodle_logs'. Ultimo ID: 27006
2026-08-05 19:34:30,742 [INFO    ] capture.log_capture: 3 eventos publicados en el stream 'moodle_logs'. Ultimo ID: 27009
2026-08-05 19:35:00,752 [INFO    ] capture.log_capture: 1 eventos publicados en el stream 'moodle_logs'. Ultimo ID: 27010
2026-08-05 19:35:20,759 [INFO    ] capture.log_capture: 3 eventos publicados en el stream 'moodle_logs'. Ultimo ID: 27013
2026-08-05 19:36:20,773 [INFO    ] capture.log_capture: 2 eventos publicados en el stream 'moodle_logs'. Ultimo ID: 27015
2026-08-05 19:36:50,780 [INFO    ] capture.log_capture: 1 eventos publicados en el stream 'moodle_logs'. Ultimo ID: 27016
2026-08-05 19:37:00,785 [INFO    ] capture.log_capture: 1 eventos publicados en el stream 'moodle_logs'. Ultimo ID: 27017
2026-08-05 19:37:20,794 [INFO    ] capture.log_capture: 3 eventos publicados en el stream 'moodle_logs'. Ultimo ID: 27020
2026-08-05 19:37:50,803 [INFO    ] capture.log_capture: 5 eventos publicados en el stream 'moodle_logs'. Ultimo ID: 27025
2026-08-05 19:38:20,812 [INFO    ] capture.log_capture: 2 eventos publicados en el stream 'moodle_logs'. Ultimo ID: 27027
2026-08-05 19:38:50,820 [INFO    ] capture.log_capture: 3 eventos publicados en el stream 'moodle_logs'. Ultimo ID: 27030
2026-08-05 19:39:30,834 [INFO    ] capture.log_capture: 3 eventos publicados en el stream 'moodle_logs'. Ultimo ID: 27033
2026-08-05 19:39:50,842 [INFO    ] capture.log_capture: 2 eventos publicados en el stream 'moodle_logs'. Ultimo ID: 27035
2026-08-05 19:40:50,856 [INFO    ] capture.log_capture: 2 eventos publicados en el stream 'moodle_logs'. Ultimo ID: 27037
2026-08-05 19:41:20,867 [INFO    ] capture.log_capture: 3 eventos publicados en el stream 'moodle_logs'. Ultimo ID: 27040
2026-08-05 19:41:50,876 [INFO    ] capture.log_capture: 1 eventos publicados en el stream 'moodle_logs'. Ultimo ID: 27041
2026-08-05 19:42:31,059 [INFO    ] capture.log_capture: 1 eventos publicados en el stream 'moodle_logs'. Ultimo ID: 27042
2026-08-05 19:42:51,067 [INFO    ] capture.log_capture: 1 eventos publicados en el stream 'moodle_logs'. Ultimo ID: 27043
2026-08-05 19:43:21,074 [INFO    ] capture.log_capture: 2 eventos publicados en el stream 'moodle_logs'. Ultimo ID: 27045
2026-08-05 19:43:41,505 [WARNING ] drift.concept_drift_detector: Concept drift detected: error_rate, confidence: 53.31%
2026-08-05 19:44:01,096 [INFO    ] capture.log_capture: 3 eventos publicados en el stream 'moodle_logs'. Ultimo ID: 27048
2026-08-05 19:44:31,105 [INFO    ] capture.log_capture: 4 eventos publicados en el stream 'moodle_logs'. Ultimo ID: 27052
2026-08-05 19:45:01,113 [INFO    ] capture.log_capture: 2 eventos publicados en el stream 'moodle_logs'. Ultimo ID: 27054
2026-08-05 19:45:31,126 [INFO    ] capture.log_capture: 4 eventos publicados en el stream 'moodle_logs'. Ultimo ID: 27058
2026-08-05 19:46:11,414 [INFO    ] capture.log_capture: 2 eventos publicados en el stream 'moodle_logs'. Ultimo ID: 27060
2026-08-05 19:46:31,420 [INFO    ] capture.log_capture: 3 eventos publicados en el stream 'moodle_logs'. Ultimo ID: 27063
2026-08-05 19:46:51,426 [INFO    ] capture.log_capture: 3 eventos publicados en el stream 'moodle_logs'. Ultimo ID: 27066
2026-08-05 19:47:21,436 [INFO    ] capture.log_capture: 3 eventos publicados en el stream 'moodle_logs'. Ultimo ID: 27069
2026-08-05 19:47:51,443 [INFO    ] capture.log_capture: 1 eventos publicados en el stream 'moodle_logs'. Ultimo ID: 27070
2026-08-05 19:48:21,460 [INFO    ] capture.log_capture: 2 eventos publicados en el stream 'moodle_logs'. Ultimo ID: 27072
2026-08-05 19:48:41,467 [INFO    ] capture.log_capture: 1 eventos publicados en el stream 'moodle_logs'. Ultimo ID: 27073
2026-08-05 19:49:41,523 [INFO    ] capture.log_capture: 1 eventos publicados en el stream 'moodle_logs'. Ultimo ID: 27074
2026-08-05 19:50:51,545 [INFO    ] capture.log_capture: 2 eventos publicados en el stream 'moodle_logs'. Ultimo ID: 27076
2026-08-05 19:51:31,556 [INFO    ] capture.log_capture: 1 eventos publicados en el stream 'moodle_logs'. Ultimo ID: 27077
2026-08-05 19:51:51,563 [INFO    ] capture.log_capture: 2 eventos publicados en el stream 'moodle_logs'. Ultimo ID: 27079
2026-08-05 19:52:11,642 [INFO    ] capture.log_capture: 3 eventos publicados en el stream 'moodle_logs'. Ultimo ID: 27082
2026-08-05 19:52:41,651 [INFO    ] capture.log_capture: 2 eventos publicados en el stream 'moodle_logs'. Ultimo ID: 27084
2026-08-05 19:53:11,662 [INFO    ] capture.log_capture: 4 eventos publicados en el stream 'moodle_logs'. Ultimo ID: 27088
2026-08-07 10:26:27,704 [INFO    ] main: Sinal de parada recibida. Terminando subsistemas...
2026-08-07 10:26:27,931 [INFO    ] capture.log_capture: Subsistema de captura detenido.
2026-08-14 18:29:18,890 [INFO    ] main: ============================================================
2026-08-14 18:29:18,891 [INFO    ] main: Sistema de Deteccion Temprana de Anomalias - UCI Moodle
2026-08-14 18:29:18,891 [INFO    ] main: ============================================================
2026-08-14 18:29:18,896 [INFO    ] capture.log_capture: Grupo de consumo ya existe.
2026-08-14 18:29:18,981 [INFO    ] mysql.connector: package: mysql.connector.plugins
2026-08-14 18:29:18,981 [INFO    ] mysql.connector: plugin_name: mysql_native_password
2026-08-14 18:29:18,982 [INFO    ] mysql.connector: AUTHENTICATION_PLUGIN_CLASS: MySQLNativePasswordAuthPlugin
2026-08-14 18:29:18,983 [INFO    ] capture.log_capture: Conexion a Moodle DB establecida.
2026-08-14 18:29:18,984 [INFO    ] capture.log_capture: Ultimo ID de log recuperado de Redis: 14512
2026-08-14 18:29:18,993 [INFO    ] dashboard.influx_writer: Conexion a InfluxDB establecida: http://localhost:8086 (bucket=moodle_metrics)
2026-08-14 18:29:19,449 [INFO    ] models.lstm_model: Modelo LSTM cargado desde disco.
2026-08-14 18:29:19,450 [INFO    ] capture.log_capture: Subsistema de captura iniciado. Intervalo: 10s
2026-08-14 18:29:19,450 [INFO    ] main: Hilo 'Capture' iniciado.
2026-08-14 18:29:19,451 [INFO    ] preprocessing.preprocessor: Preprocesador iniciado. Ventana: 60s
2026-08-14 18:29:19,451 [INFO    ] main: Hilo 'Preprocessor' iniciado.
2026-08-14 18:29:19,452 [INFO    ] main: Motor de analisis iniciado.
2026-08-14 18:29:19,452 [INFO    ] main: Hilo 'Analytics' iniciado.
2026-08-14 18:29:19,453 [INFO    ] main: Sistema en ejecucion. Presione Ctrl+C para detener.
2026-08-14 18:29:49,463 [INFO    ] capture.log_capture: 27 eventos publicados en el stream 'moodle_logs'. Ultimo ID: 14539
2026-08-14 18:29:59,478 [INFO    ] capture.log_capture: 55 eventos publicados en el stream 'moodle_logs'. Ultimo ID: 14594
2026-08-14 18:30:09,498 [INFO    ] capture.log_capture: 55 eventos publicados en el stream 'moodle_logs'. Ultimo ID: 14649
2026-08-14 18:30:19,518 [INFO    ] capture.log_capture: 19 eventos publicados en el stream 'moodle_logs'. Ultimo ID: 14668
2026-08-14 18:54:19,763 [INFO    ] capture.log_capture: 1 eventos publicados en el stream 'moodle_logs'. Ultimo ID: 14669
2026-08-14 18:55:29,781 [INFO    ] capture.log_capture: 2 eventos publicados en el stream 'moodle_logs'. Ultimo ID: 14671
2026-08-14 18:55:39,784 [INFO    ] capture.log_capture: 1 eventos publicados en el stream 'moodle_logs'. Ultimo ID: 14672
2026-08-14 18:56:49,827 [INFO    ] capture.log_capture: 3 eventos publicados en el stream 'moodle_logs'. Ultimo ID: 14675
2026-08-14 18:57:09,836 [INFO    ] capture.log_capture: 2 eventos publicados en el stream 'moodle_logs'. Ultimo ID: 14677
2026-08-14 18:57:19,841 [INFO    ] capture.log_capture: 2 eventos publicados en el stream 'moodle_logs'. Ultimo ID: 14679
2026-08-14 18:57:39,850 [INFO    ] capture.log_capture: 5 eventos publicados en el stream 'moodle_logs'. Ultimo ID: 14684
2026-08-14 18:58:09,860 [INFO    ] capture.log_capture: 4 eventos publicados en el stream 'moodle_logs'. Ultimo ID: 14688
2026-08-14 18:58:39,869 [INFO    ] capture.log_capture: 8 eventos publicados en el stream 'moodle_logs'. Ultimo ID: 14696
2026-08-14 18:58:59,878 [INFO    ] capture.log_capture: 7 eventos publicados en el stream 'moodle_logs'. Ultimo ID: 14703
2026-08-14 18:59:19,886 [INFO    ] capture.log_capture: 7 eventos publicados en el stream 'moodle_logs'. Ultimo ID: 14710
2026-08-14 18:59:49,894 [INFO    ] capture.log_capture: 6 eventos publicados en el stream 'moodle_logs'. Ultimo ID: 14716
2026-08-14 19:00:09,902 [INFO    ] capture.log_capture: 8 eventos publicados en el stream 'moodle_logs'. Ultimo ID: 14724
2026-08-14 19:00:29,910 [INFO    ] capture.log_capture: 3 eventos publicados en el stream 'moodle_logs'. Ultimo ID: 14727
2026-08-14 19:00:59,920 [INFO    ] capture.log_capture: 3 eventos publicados en el stream 'moodle_logs'. Ultimo ID: 14730
2026-08-14 19:01:29,930 [INFO    ] capture.log_capture: 8 eventos publicados en el stream 'moodle_logs'. Ultimo ID: 14738
2026-08-14 19:01:49,936 [INFO    ] capture.log_capture: 3 eventos publicados en el stream 'moodle_logs'. Ultimo ID: 14741
2026-08-14 19:02:09,942 [INFO    ] capture.log_capture: 5 eventos publicados en el stream 'moodle_logs'. Ultimo ID: 14746
2026-08-14 19:02:39,950 [INFO    ] capture.log_capture: 4 eventos publicados en el stream 'moodle_logs'. Ultimo ID: 14750
2026-08-14 19:03:09,994 [INFO    ] capture.log_capture: 7 eventos publicados en el stream 'moodle_logs'. Ultimo ID: 14757
2026-08-14 19:03:30,000 [INFO    ] capture.log_capture: 4 eventos publicados en el stream 'moodle_logs'. Ultimo ID: 14761
2026-08-14 19:03:50,011 [INFO    ] capture.log_capture: 6 eventos publicados en el stream 'moodle_logs'. Ultimo ID: 14767
2026-08-14 19:04:20,023 [INFO    ] capture.log_capture: 6 eventos publicados en el stream 'moodle_logs'. Ultimo ID: 14773
2026-08-14 19:04:50,031 [INFO    ] capture.log_capture: 6 eventos publicados en el stream 'moodle_logs'. Ultimo ID: 14779
2026-08-14 19:05:20,040 [INFO    ] capture.log_capture: 3 eventos publicados en el stream 'moodle_logs'. Ultimo ID: 14782
2026-08-14 19:05:50,051 [INFO    ] capture.log_capture: 5 eventos publicados en el stream 'moodle_logs'. Ultimo ID: 14787
2026-08-14 19:06:10,063 [INFO    ] capture.log_capture: 8 eventos publicados en el stream 'moodle_logs'. Ultimo ID: 14795
2026-08-14 19:06:50,074 [INFO    ] capture.log_capture: 5 eventos publicados en el stream 'moodle_logs'. Ultimo ID: 14800
2026-08-14 19:07:20,084 [INFO    ] capture.log_capture: 8 eventos publicados en el stream 'moodle_logs'. Ultimo ID: 14808
2026-08-14 19:07:40,091 [INFO    ] capture.log_capture: 3 eventos publicados en el stream 'moodle_logs'. Ultimo ID: 14811
2026-08-14 19:08:10,110 [INFO    ] capture.log_capture: 6 eventos publicados en el stream 'moodle_logs'. Ultimo ID: 14817
2026-08-14 19:08:50,123 [INFO    ] capture.log_capture: 7 eventos publicados en el stream 'moodle_logs'. Ultimo ID: 14824
2026-08-14 19:09:20,233 [INFO    ] capture.log_capture: 7 eventos publicados en el stream 'moodle_logs'. Ultimo ID: 14831
2026-08-14 19:09:50,243 [INFO    ] capture.log_capture: 5 eventos publicados en el stream 'moodle_logs'. Ultimo ID: 14836
2026-08-14 19:10:20,256 [INFO    ] capture.log_capture: 8 eventos publicados en el stream 'moodle_logs'. Ultimo ID: 14844
2026-08-14 19:10:50,317 [INFO    ] capture.log_capture: 4 eventos publicados en el stream 'moodle_logs'. Ultimo ID: 14848
2026-08-14 19:11:20,325 [INFO    ] capture.log_capture: 5 eventos publicados en el stream 'moodle_logs'. Ultimo ID: 14853
2026-08-14 19:11:50,332 [INFO    ] capture.log_capture: 6 eventos publicados en el stream 'moodle_logs'. Ultimo ID: 14859
2026-08-14 19:12:10,338 [INFO    ] capture.log_capture: 2 eventos publicados en el stream 'moodle_logs'. Ultimo ID: 14861
2026-08-14 19:12:20,346 [INFO    ] capture.log_capture: 6 eventos publicados en el stream 'moodle_logs'. Ultimo ID: 14867
2026-08-14 19:12:40,353 [INFO    ] capture.log_capture: 4 eventos publicados en el stream 'moodle_logs'. Ultimo ID: 14871
2026-08-14 19:13:10,362 [INFO    ] capture.log_capture: 3 eventos publicados en el stream 'moodle_logs'. Ultimo ID: 14874
2026-08-14 19:13:30,384 [INFO    ] capture.log_capture: 5 eventos publicados en el stream 'moodle_logs'. Ultimo ID: 14879
2026-08-14 19:13:50,431 [INFO    ] capture.log_capture: 2 eventos publicados en el stream 'moodle_logs'. Ultimo ID: 14881
2026-08-14 19:14:00,437 [INFO    ] capture.log_capture: 6 eventos publicados en el stream 'moodle_logs'. Ultimo ID: 14887
2026-08-14 19:14:20,445 [INFO    ] capture.log_capture: 1 eventos publicados en el stream 'moodle_logs'. Ultimo ID: 14888
2026-08-14 19:14:30,451 [INFO    ] capture.log_capture: 6 eventos publicados en el stream 'moodle_logs'. Ultimo ID: 14894
2026-08-14 19:15:00,459 [INFO    ] capture.log_capture: 3 eventos publicados en el stream 'moodle_logs'. Ultimo ID: 14897
2026-08-14 19:15:30,467 [INFO    ] capture.log_capture: 5 eventos publicados en el stream 'moodle_logs'. Ultimo ID: 14902
2026-08-14 19:15:50,480 [INFO    ] capture.log_capture: 8 eventos publicados en el stream 'moodle_logs'. Ultimo ID: 14910
2026-08-14 19:16:30,489 [INFO    ] capture.log_capture: 7 eventos publicados en el stream 'moodle_logs'. Ultimo ID: 14917
2026-08-14 19:16:50,497 [INFO    ] capture.log_capture: 6 eventos publicados en el stream 'moodle_logs'. Ultimo ID: 14923
2026-08-14 19:17:20,504 [INFO    ] capture.log_capture: 8 eventos publicados en el stream 'moodle_logs'. Ultimo ID: 14931
2026-08-14 19:17:50,513 [INFO    ] capture.log_capture: 8 eventos publicados en el stream 'moodle_logs'. Ultimo ID: 14939
2026-08-14 19:18:20,522 [INFO    ] capture.log_capture: 8 eventos publicados en el stream 'moodle_logs'. Ultimo ID: 14947
2026-08-14 19:18:50,531 [INFO    ] capture.log_capture: 6 eventos publicados en el stream 'moodle_logs'. Ultimo ID: 14953
2026-08-14 19:19:10,540 [INFO    ] capture.log_capture: 6 eventos publicados en el stream 'moodle_logs'. Ultimo ID: 14959
2026-08-14 19:19:40,548 [INFO    ] capture.log_capture: 4 eventos publicados en el stream 'moodle_logs'. Ultimo ID: 14963
2026-08-14 19:20:10,556 [INFO    ] capture.log_capture: 7 eventos publicados en el stream 'moodle_logs'. Ultimo ID: 14970
2026-08-14 19:20:50,569 [INFO    ] capture.log_capture: 7 eventos publicados en el stream 'moodle_logs'. Ultimo ID: 14977
2026-08-14 19:21:20,581 [INFO    ] capture.log_capture: 7 eventos publicados en el stream 'moodle_logs'. Ultimo ID: 14984
2026-08-14 19:21:40,586 [INFO    ] capture.log_capture: 3 eventos publicados en el stream 'moodle_logs'. Ultimo ID: 14987
2026-08-14 19:22:10,595 [INFO    ] capture.log_capture: 8 eventos publicados en el stream 'moodle_logs'. Ultimo ID: 14995
2026-08-14 19:22:40,601 [INFO    ] capture.log_capture: 4 eventos publicados en el stream 'moodle_logs'. Ultimo ID: 14999
2026-08-14 19:23:00,607 [INFO    ] capture.log_capture: 5 eventos publicados en el stream 'moodle_logs'. Ultimo ID: 15004
2026-08-14 19:23:30,617 [INFO    ] capture.log_capture: 7 eventos publicados en el stream 'moodle_logs'. Ultimo ID: 15011
2026-08-14 19:23:50,623 [INFO    ] capture.log_capture: 6 eventos publicados en el stream 'moodle_logs'. Ultimo ID: 15017
2026-08-14 19:24:20,631 [INFO    ] capture.log_capture: 5 eventos publicados en el stream 'moodle_logs'. Ultimo ID: 15022
2026-08-14 19:24:50,639 [INFO    ] capture.log_capture: 8 eventos publicados en el stream 'moodle_logs'. Ultimo ID: 15030
2026-08-14 19:25:10,646 [INFO    ] capture.log_capture: 3 eventos publicados en el stream 'moodle_logs'. Ultimo ID: 15033
2026-08-14 19:25:50,662 [INFO    ] capture.log_capture: 5 eventos publicados en el stream 'moodle_logs'. Ultimo ID: 15038
2026-08-14 19:26:10,750 [INFO    ] capture.log_capture: 8 eventos publicados en el stream 'moodle_logs'. Ultimo ID: 15046
2026-08-14 19:26:40,758 [INFO    ] capture.log_capture: 5 eventos publicados en el stream 'moodle_logs'. Ultimo ID: 15051
2026-08-14 19:27:00,764 [INFO    ] capture.log_capture: 3 eventos publicados en el stream 'moodle_logs'. Ultimo ID: 15054
2026-08-14 19:27:20,773 [INFO    ] capture.log_capture: 5 eventos publicados en el stream 'moodle_logs'. Ultimo ID: 15059
2026-08-14 19:27:50,782 [INFO    ] capture.log_capture: 7 eventos publicados en el stream 'moodle_logs'. Ultimo ID: 15066
2026-08-14 19:28:10,790 [INFO    ] capture.log_capture: 7 eventos publicados en el stream 'moodle_logs'. Ultimo ID: 15073
2026-08-14 19:28:40,800 [INFO    ] capture.log_capture: 6 eventos publicados en el stream 'moodle_logs'. Ultimo ID: 15079
2026-08-14 19:29:10,809 [INFO    ] capture.log_capture: 5 eventos publicados en el stream 'moodle_logs'. Ultimo ID: 15084
2026-08-14 19:29:40,817 [INFO    ] capture.log_capture: 5 eventos publicados en el stream 'moodle_logs'. Ultimo ID: 15089
2026-08-14 19:30:10,828 [INFO    ] capture.log_capture: 8 eventos publicados en el stream 'moodle_logs'. Ultimo ID: 15097
2026-08-14 19:30:40,838 [INFO    ] capture.log_capture: 7 eventos publicados en el stream 'moodle_logs'. Ultimo ID: 15104
2026-08-14 19:31:10,847 [INFO    ] capture.log_capture: 7 eventos publicados en el stream 'moodle_logs'. Ultimo ID: 15111
2026-08-14 19:31:30,853 [INFO    ] capture.log_capture: 2 eventos publicados en el stream 'moodle_logs'. Ultimo ID: 15113
2026-08-14 19:31:40,858 [INFO    ] capture.log_capture: 2 eventos publicados en el stream 'moodle_logs'. Ultimo ID: 15115
2026-08-14 19:32:00,866 [INFO    ] capture.log_capture: 8 eventos publicados en el stream 'moodle_logs'. Ultimo ID: 15123
2026-08-14 19:32:30,876 [INFO    ] capture.log_capture: 6 eventos publicados en el stream 'moodle_logs'. Ultimo ID: 15129
2026-08-14 19:32:50,884 [INFO    ] capture.log_capture: 3 eventos publicados en el stream 'moodle_logs'. Ultimo ID: 15132
2026-08-14 19:33:20,891 [INFO    ] capture.log_capture: 2 eventos publicados en el stream 'moodle_logs'. Ultimo ID: 15134
2026-08-14 19:33:30,896 [INFO    ] capture.log_capture: 6 eventos publicados en el stream 'moodle_logs'. Ultimo ID: 15140
2026-08-14 19:33:50,904 [INFO    ] capture.log_capture: 3 eventos publicados en el stream 'moodle_logs'. Ultimo ID: 15143
2026-08-14 19:34:20,919 [INFO    ] capture.log_capture: 3 eventos publicados en el stream 'moodle_logs'. Ultimo ID: 15146
2026-08-14 19:34:40,927 [INFO    ] capture.log_capture: 6 eventos publicados en el stream 'moodle_logs'. Ultimo ID: 15152
2026-08-14 19:35:10,937 [INFO    ] capture.log_capture: 8 eventos publicados en el stream 'moodle_logs'. Ultimo ID: 15160
2026-08-14 19:35:30,943 [INFO    ] capture.log_capture: 5 eventos publicados en el stream 'moodle_logs'. Ultimo ID: 15165
2026-08-14 19:36:10,954 [INFO    ] capture.log_capture: 5 eventos publicados en el stream 'moodle_logs'. Ultimo ID: 15170
2026-08-14 19:36:30,960 [INFO    ] capture.log_capture: 3 eventos publicados en el stream 'moodle_logs'. Ultimo ID: 15173
2026-08-14 19:37:00,968 [INFO    ] capture.log_capture: 4 eventos publicados en el stream 'moodle_logs'. Ultimo ID: 15177
2026-08-14 19:37:10,972 [INFO    ] capture.log_capture: 3 eventos publicados en el stream 'moodle_logs'. Ultimo ID: 15180
2026-08-14 19:37:30,980 [INFO    ] capture.log_capture: 6 eventos publicados en el stream 'moodle_logs'. Ultimo ID: 15186
2026-08-14 19:38:00,989 [INFO    ] capture.log_capture: 8 eventos publicados en el stream 'moodle_logs'. Ultimo ID: 15194
2026-08-14 19:38:30,997 [INFO    ] capture.log_capture: 6 eventos publicados en el stream 'moodle_logs'. Ultimo ID: 15200
2026-08-14 19:38:51,007 [INFO    ] capture.log_capture: 7 eventos publicados en el stream 'moodle_logs'. Ultimo ID: 15207
2026-08-14 19:39:11,014 [INFO    ] capture.log_capture: 7 eventos publicados en el stream 'moodle_logs'. Ultimo ID: 15214
2026-08-14 19:39:51,026 [INFO    ] capture.log_capture: 3 eventos publicados en el stream 'moodle_logs'. Ultimo ID: 15217
2026-08-14 19:40:21,034 [INFO    ] capture.log_capture: 6 eventos publicados en el stream 'moodle_logs'. Ultimo ID: 15223
2026-08-14 19:40:41,043 [INFO    ] capture.log_capture: 8 eventos publicados en el stream 'moodle_logs'. Ultimo ID: 15231
2026-08-14 19:41:11,052 [INFO    ] capture.log_capture: 4 eventos publicados en el stream 'moodle_logs'. Ultimo ID: 15235
2026-08-14 19:41:41,063 [INFO    ] capture.log_capture: 8 eventos publicados en el stream 'moodle_logs'. Ultimo ID: 15243
2026-08-14 19:42:01,072 [INFO    ] capture.log_capture: 5 eventos publicados en el stream 'moodle_logs'. Ultimo ID: 15248
2026-08-14 19:42:15,449 [INFO    ] models.arima_model: ARIMA((2, 1, 2))x((1, 1, 1, 24)) entrenado con 50 muestras.
2026-08-14 19:42:31,082 [INFO    ] capture.log_capture: 8 eventos publicados en el stream 'moodle_logs'. Ultimo ID: 15256
2026-08-14 19:43:01,091 [INFO    ] capture.log_capture: 6 eventos publicados en el stream 'moodle_logs'. Ultimo ID: 15262
2026-08-14 19:43:41,104 [INFO    ] capture.log_capture: 7 eventos publicados en el stream 'moodle_logs'. Ultimo ID: 15269
2026-08-14 19:44:01,174 [INFO    ] capture.log_capture: 3 eventos publicados en el stream 'moodle_logs'. Ultimo ID: 15272
2026-08-14 19:44:21,181 [INFO    ] capture.log_capture: 5 eventos publicados en el stream 'moodle_logs'. Ultimo ID: 15277
2026-08-14 19:44:51,190 [INFO    ] capture.log_capture: 4 eventos publicados en el stream 'moodle_logs'. Ultimo ID: 15281
2026-08-14 19:45:21,197 [INFO    ] capture.log_capture: 4 eventos publicados en el stream 'moodle_logs'. Ultimo ID: 15285
2026-08-14 19:45:51,205 [INFO    ] capture.log_capture: 6 eventos publicados en el stream 'moodle_logs'. Ultimo ID: 15291
2026-08-14 19:46:21,216 [INFO    ] capture.log_capture: 7 eventos publicados en el stream 'moodle_logs'. Ultimo ID: 15298
2026-08-14 19:46:51,226 [INFO    ] capture.log_capture: 6 eventos publicados en el stream 'moodle_logs'. Ultimo ID: 15304
2026-08-14 19:47:21,234 [INFO    ] capture.log_capture: 3 eventos publicados en el stream 'moodle_logs'. Ultimo ID: 15307
2026-08-14 19:47:41,241 [INFO    ] capture.log_capture: 4 eventos publicados en el stream 'moodle_logs'. Ultimo ID: 15311
2026-08-14 19:47:51,245 [INFO    ] capture.log_capture: 2 eventos publicados en el stream 'moodle_logs'. Ultimo ID: 15313
2026-08-14 19:48:11,252 [INFO    ] capture.log_capture: 6 eventos publicados en el stream 'moodle_logs'. Ultimo ID: 15319
2026-08-14 19:48:41,260 [INFO    ] capture.log_capture: 8 eventos publicados en el stream 'moodle_logs'. Ultimo ID: 15327
2026-08-14 19:49:01,267 [INFO    ] capture.log_capture: 3 eventos publicados en el stream 'moodle_logs'. Ultimo ID: 15330
2026-08-14 19:49:31,276 [INFO    ] capture.log_capture: 7 eventos publicados en el stream 'moodle_logs'. Ultimo ID: 15337
2026-08-14 19:50:01,294 [INFO    ] capture.log_capture: 6 eventos publicados en el stream 'moodle_logs'. Ultimo ID: 15343
2026-08-14 19:50:31,303 [INFO    ] capture.log_capture: 6 eventos publicados en el stream 'moodle_logs'. Ultimo ID: 15349
2026-08-14 19:51:01,310 [INFO    ] capture.log_capture: 3 eventos publicados en el stream 'moodle_logs'. Ultimo ID: 15352
2026-08-14 19:51:31,318 [INFO    ] capture.log_capture: 4 eventos publicados en el stream 'moodle_logs'. Ultimo ID: 15356
2026-08-14 19:52:01,327 [INFO    ] capture.log_capture: 7 eventos publicados en el stream 'moodle_logs'. Ultimo ID: 15363
2026-08-14 19:52:41,338 [INFO    ] capture.log_capture: 6 eventos publicados en el stream 'moodle_logs'. Ultimo ID: 15369
2026-08-14 19:53:11,345 [INFO    ] capture.log_capture: 4 eventos publicados en el stream 'moodle_logs'. Ultimo ID: 15373
2026-08-14 19:53:41,353 [INFO    ] capture.log_capture: 7 eventos publicados en el stream 'moodle_logs'. Ultimo ID: 15380
2026-08-14 19:54:11,365 [INFO    ] capture.log_capture: 7 eventos publicados en el stream 'moodle_logs'. Ultimo ID: 15387
2026-08-14 19:54:21,369 [INFO    ] capture.log_capture: 1 eventos publicados en el stream 'moodle_logs'. Ultimo ID: 15388
2026-08-14 19:54:51,394 [INFO    ] capture.log_capture: 6 eventos publicados en el stream 'moodle_logs'. Ultimo ID: 15394
2026-08-14 19:55:11,403 [INFO    ] capture.log_capture: 4 eventos publicados en el stream 'moodle_logs'. Ultimo ID: 15398
2026-08-14 19:55:51,415 [INFO    ] capture.log_capture: 6 eventos publicados en el stream 'moodle_logs'. Ultimo ID: 15404
2026-08-14 19:56:21,423 [INFO    ] capture.log_capture: 3 eventos publicados en el stream 'moodle_logs'. Ultimo ID: 15407
2026-08-14 19:56:51,432 [INFO    ] capture.log_capture: 7 eventos publicados en el stream 'moodle_logs'. Ultimo ID: 15414
2026-08-14 19:57:11,439 [INFO    ] capture.log_capture: 4 eventos publicados en el stream 'moodle_logs'. Ultimo ID: 15418
2026-08-14 19:57:41,447 [INFO    ] capture.log_capture: 5 eventos publicados en el stream 'moodle_logs'. Ultimo ID: 15423
2026-08-14 19:58:11,455 [INFO    ] capture.log_capture: 6 eventos publicados en el stream 'moodle_logs'. Ultimo ID: 15429
2026-08-14 19:58:31,462 [INFO    ] capture.log_capture: 6 eventos publicados en el stream 'moodle_logs'. Ultimo ID: 15435
2026-08-14 19:59:11,478 [INFO    ] capture.log_capture: 6 eventos publicados en el stream 'moodle_logs'. Ultimo ID: 15441
2026-08-14 19:59:41,486 [INFO    ] capture.log_capture: 7 eventos publicados en el stream 'moodle_logs'. Ultimo ID: 15448
2026-08-14 20:00:11,494 [INFO    ] capture.log_capture: 7 eventos publicados en el stream 'moodle_logs'. Ultimo ID: 15455
2026-08-14 20:00:41,502 [INFO    ] capture.log_capture: 8 eventos publicados en el stream 'moodle_logs'. Ultimo ID: 15463
2026-08-14 20:01:11,509 [INFO    ] capture.log_capture: 4 eventos publicados en el stream 'moodle_logs'. Ultimo ID: 15467
2026-08-14 20:01:41,517 [INFO    ] capture.log_capture: 3 eventos publicados en el stream 'moodle_logs'. Ultimo ID: 15470
2026-08-14 20:02:11,527 [INFO    ] capture.log_capture: 4 eventos publicados en el stream 'moodle_logs'. Ultimo ID: 15474
2026-08-14 20:02:40,683 [INFO    ] models.lstm_model: LSTM entrenado con 10 secuencias. Umbral: 0.1233
2026-08-14 20:02:41,539 [INFO    ] capture.log_capture: 4 eventos publicados en el stream 'moodle_logs'. Ultimo ID: 15478
2026-08-14 20:03:01,545 [INFO    ] capture.log_capture: 3 eventos publicados en el stream 'moodle_logs'. Ultimo ID: 15481
2026-08-14 20:03:31,552 [INFO    ] capture.log_capture: 4 eventos publicados en el stream 'moodle_logs'. Ultimo ID: 15485
2026-08-14 20:04:01,561 [INFO    ] capture.log_capture: 5 eventos publicados en el stream 'moodle_logs'. Ultimo ID: 15490
2026-08-14 20:04:21,568 [INFO    ] capture.log_capture: 4 eventos publicados en el stream 'moodle_logs'. Ultimo ID: 15494
2026-08-14 20:04:51,579 [INFO    ] capture.log_capture: 5 eventos publicados en el stream 'moodle_logs'. Ultimo ID: 15499
2026-08-14 20:05:11,587 [INFO    ] capture.log_capture: 4 eventos publicados en el stream 'moodle_logs'. Ultimo ID: 15503
2026-08-14 20:05:31,594 [INFO    ] capture.log_capture: 5 eventos publicados en el stream 'moodle_logs'. Ultimo ID: 15508
2026-08-14 20:06:01,633 [INFO    ] capture.log_capture: 3 eventos publicados en el stream 'moodle_logs'. Ultimo ID: 15511
2026-08-14 20:06:11,638 [INFO    ] capture.log_capture: 3 eventos publicados en el stream 'moodle_logs'. Ultimo ID: 15514
2026-08-14 20:06:31,644 [INFO    ] capture.log_capture: 3 eventos publicados en el stream 'moodle_logs'. Ultimo ID: 15517
2026-08-14 20:06:51,654 [INFO    ] capture.log_capture: 7 eventos publicados en el stream 'moodle_logs'. Ultimo ID: 15524
2026-08-14 20:07:21,664 [INFO    ] capture.log_capture: 5 eventos publicados en el stream 'moodle_logs'. Ultimo ID: 15529
2026-08-14 20:07:41,671 [INFO    ] capture.log_capture: 5 eventos publicados en el stream 'moodle_logs'. Ultimo ID: 15534
2026-08-14 20:08:11,679 [INFO    ] capture.log_capture: 5 eventos publicados en el stream 'moodle_logs'. Ultimo ID: 15539
2026-08-14 20:08:41,687 [INFO    ] capture.log_capture: 4 eventos publicados en el stream 'moodle_logs'. Ultimo ID: 15543
2026-08-14 20:09:01,695 [INFO    ] capture.log_capture: 4 eventos publicados en el stream 'moodle_logs'. Ultimo ID: 15547
2026-08-14 20:09:31,702 [INFO    ] capture.log_capture: 3 eventos publicados en el stream 'moodle_logs'. Ultimo ID: 15550
2026-08-14 20:10:01,714 [INFO    ] capture.log_capture: 5 eventos publicados en el stream 'moodle_logs'. Ultimo ID: 15555
2026-08-14 20:10:31,723 [INFO    ] capture.log_capture: 7 eventos publicados en el stream 'moodle_logs'. Ultimo ID: 15562
2026-08-14 20:10:37,955 [WARNING ] drift.concept_drift_detector: Concept drift detected: error_rate, confidence: 53.58%
2026-08-14 20:10:51,730 [INFO    ] capture.log_capture: 4 eventos publicados en el stream 'moodle_logs'. Ultimo ID: 15566
2026-08-14 20:11:11,737 [INFO    ] capture.log_capture: 5 eventos publicados en el stream 'moodle_logs'. Ultimo ID: 15571
2026-08-14 20:11:41,745 [INFO    ] capture.log_capture: 4 eventos publicados en el stream 'moodle_logs'. Ultimo ID: 15575
2026-08-14 20:12:21,757 [INFO    ] capture.log_capture: 8 eventos publicados en el stream 'moodle_logs'. Ultimo ID: 15583
2026-08-14 20:12:51,764 [INFO    ] capture.log_capture: 6 eventos publicados en el stream 'moodle_logs'. Ultimo ID: 15589
2026-08-14 20:13:21,775 [INFO    ] capture.log_capture: 5 eventos publicados en el stream 'moodle_logs'. Ultimo ID: 15594
2026-08-14 20:13:51,784 [INFO    ] capture.log_capture: 7 eventos publicados en el stream 'moodle_logs'. Ultimo ID: 15601
2026-08-14 20:14:21,851 [INFO    ] capture.log_capture: 6 eventos publicados en el stream 'moodle_logs'. Ultimo ID: 15607
2026-08-14 20:14:51,860 [INFO    ] capture.log_capture: 3 eventos publicados en el stream 'moodle_logs'. Ultimo ID: 15610
2026-08-14 20:15:21,868 [INFO    ] capture.log_capture: 3 eventos publicados en el stream 'moodle_logs'. Ultimo ID: 15613
2026-08-14 20:15:51,876 [INFO    ] capture.log_capture: 6 eventos publicados en el stream 'moodle_logs'. Ultimo ID: 15619
2026-08-14 20:16:21,884 [INFO    ] capture.log_capture: 3 eventos publicados en el stream 'moodle_logs'. Ultimo ID: 15622
2026-08-14 20:16:41,892 [INFO    ] capture.log_capture: 4 eventos publicados en el stream 'moodle_logs'. Ultimo ID: 15626
2026-08-14 20:17:11,904 [INFO    ] capture.log_capture: 7 eventos publicados en el stream 'moodle_logs'. Ultimo ID: 15633
2026-08-14 20:17:41,913 [INFO    ] capture.log_capture: 5 eventos publicados en el stream 'moodle_logs'. Ultimo ID: 15638
2026-08-14 20:18:11,925 [INFO    ] capture.log_capture: 8 eventos publicados en el stream 'moodle_logs'. Ultimo ID: 15646
2026-08-14 20:18:51,940 [INFO    ] capture.log_capture: 6 eventos publicados en el stream 'moodle_logs'. Ultimo ID: 15652
2026-08-14 20:19:11,947 [INFO    ] capture.log_capture: 4 eventos publicados en el stream 'moodle_logs'. Ultimo ID: 15656
2026-08-14 20:19:41,956 [INFO    ] capture.log_capture: 3 eventos publicados en el stream 'moodle_logs'. Ultimo ID: 15659
2026-08-14 20:20:01,964 [INFO    ] capture.log_capture: 6 eventos publicados en el stream 'moodle_logs'. Ultimo ID: 15665
2026-08-14 20:20:21,971 [INFO    ] capture.log_capture: 3 eventos publicados en el stream 'moodle_logs'. Ultimo ID: 15668
2026-08-14 20:20:51,984 [INFO    ] capture.log_capture: 6 eventos publicados en el stream 'moodle_logs'. Ultimo ID: 15674
2026-08-14 20:21:11,992 [INFO    ] capture.log_capture: 7 eventos publicados en el stream 'moodle_logs'. Ultimo ID: 15681
2026-08-14 20:21:42,004 [INFO    ] capture.log_capture: 3 eventos publicados en el stream 'moodle_logs'. Ultimo ID: 15684
2026-08-14 20:22:12,013 [INFO    ] capture.log_capture: 5 eventos publicados en el stream 'moodle_logs'. Ultimo ID: 15689
2026-08-14 20:22:42,021 [INFO    ] capture.log_capture: 6 eventos publicados en el stream 'moodle_logs'. Ultimo ID: 15695
2026-08-14 20:23:12,030 [INFO    ] capture.log_capture: 7 eventos publicados en el stream 'moodle_logs'. Ultimo ID: 15702
2026-08-14 20:23:32,038 [INFO    ] capture.log_capture: 4 eventos publicados en el stream 'moodle_logs'. Ultimo ID: 15706
2026-08-14 20:23:52,045 [INFO    ] capture.log_capture: 7 eventos publicados en el stream 'moodle_logs'. Ultimo ID: 15713
2026-08-14 20:24:22,053 [INFO    ] capture.log_capture: 3 eventos publicados en el stream 'moodle_logs'. Ultimo ID: 15716
2026-08-14 20:24:42,061 [INFO    ] capture.log_capture: 8 eventos publicados en el stream 'moodle_logs'. Ultimo ID: 15724
2026-08-14 20:25:12,070 [INFO    ] capture.log_capture: 8 eventos publicados en el stream 'moodle_logs'. Ultimo ID: 15732
2026-08-14 20:25:32,079 [INFO    ] capture.log_capture: 7 eventos publicados en el stream 'moodle_logs'. Ultimo ID: 15739
2026-08-14 20:25:42,083 [INFO    ] capture.log_capture: 1 eventos publicados en el stream 'moodle_logs'. Ultimo ID: 15740
2026-08-14 20:26:02,089 [INFO    ] capture.log_capture: 7 eventos publicados en el stream 'moodle_logs'. Ultimo ID: 15747
2026-08-14 20:26:04,817 [INFO    ] main: Sinal de parada recibida. Terminando subsistemas...
2026-08-14 20:26:04,817 [INFO    ] capture.log_capture: Subsistema de captura detenido.
2026-08-14 20:26:23,326 [INFO    ] main: ============================================================
2026-08-14 20:26:23,326 [INFO    ] main: Sistema de Deteccion Temprana de Anomalias - UCI Moodle
2026-08-14 20:26:23,326 [INFO    ] main: ============================================================
2026-08-14 20:26:23,330 [INFO    ] capture.log_capture: Grupo de consumo ya existe.
2026-08-14 20:26:23,427 [INFO    ] mysql.connector: package: mysql.connector.plugins
2026-08-14 20:26:23,428 [INFO    ] mysql.connector: plugin_name: mysql_native_password
2026-08-14 20:26:23,429 [INFO    ] mysql.connector: AUTHENTICATION_PLUGIN_CLASS: MySQLNativePasswordAuthPlugin
2026-08-14 20:26:23,430 [INFO    ] capture.log_capture: Conexion a Moodle DB establecida.
2026-08-14 20:26:23,431 [INFO    ] capture.log_capture: Ultimo ID de log recuperado de Redis: 15747
2026-08-14 20:26:23,441 [INFO    ] dashboard.influx_writer: Conexion a InfluxDB establecida: http://localhost:8086 (bucket=moodle_metrics)
2026-08-14 20:26:23,441 [INFO    ] models.arima_model: Historial ARIMA recuperado de disco: 93 muestras.
2026-08-14 20:26:23,463 [INFO    ] models.arima_model: Modelo ARIMA cargado desde disco.
2026-08-14 20:26:23,464 [INFO    ] models.lstm_model: Buffer LSTM recuperado de disco: 93 muestras.
2026-08-14 20:26:23,826 [INFO    ] models.lstm_model: Modelo LSTM cargado desde disco.
2026-08-14 20:26:23,827 [INFO    ] models.anomaly_detector: Buffer Isolation Forest recuperado de disco: 93 muestras (contador: 93).
2026-08-14 20:26:23,827 [INFO    ] capture.log_capture: Subsistema de captura iniciado. Intervalo: 10s
2026-08-14 20:26:23,827 [INFO    ] main: Hilo 'Capture' iniciado.
2026-08-14 20:26:23,828 [INFO    ] preprocessing.preprocessor: Preprocesador iniciado. Ventana: 60s
2026-08-14 20:26:23,828 [INFO    ] main: Hilo 'Preprocessor' iniciado.
2026-08-14 20:26:23,829 [INFO    ] main: Motor de analisis iniciado.
2026-08-14 20:26:23,829 [INFO    ] main: Hilo 'Analytics' iniciado.
2026-08-14 20:26:23,829 [INFO    ] main: Sistema en ejecucion. Presione Ctrl+C para detener.
2026-08-14 20:26:33,835 [INFO    ] capture.log_capture: 4 eventos publicados en el stream 'moodle_logs'. Ultimo ID: 15751
2026-08-14 20:26:53,842 [INFO    ] capture.log_capture: 5 eventos publicados en el stream 'moodle_logs'. Ultimo ID: 15756
2026-08-14 20:27:23,851 [INFO    ] capture.log_capture: 8 eventos publicados en el stream 'moodle_logs'. Ultimo ID: 15764
2026-08-14 20:27:25,931 [INFO    ] models.arima_model: ARIMA((2, 1, 2))x((1, 1, 1, 24)) entrenado con 94 muestras.
2026-08-14 20:27:39,189 [INFO    ] models.lstm_model: LSTM entrenado con 34 secuencias. Umbral: 0.1080
2026-08-14 20:27:53,860 [INFO    ] capture.log_capture: 7 eventos publicados en el stream 'moodle_logs'. Ultimo ID: 15771
2026-08-14 20:28:13,867 [INFO    ] capture.log_capture: 3 eventos publicados en el stream 'moodle_logs'. Ultimo ID: 15774
2026-08-14 20:28:43,879 [INFO    ] capture.log_capture: 8 eventos publicados en el stream 'moodle_logs'. Ultimo ID: 15782
2026-08-14 20:29:13,890 [INFO    ] capture.log_capture: 8 eventos publicados en el stream 'moodle_logs'. Ultimo ID: 15790
2026-08-14 20:29:33,896 [INFO    ] capture.log_capture: 5 eventos publicados en el stream 'moodle_logs'. Ultimo ID: 15795
2026-08-14 20:30:03,908 [INFO    ] capture.log_capture: 4 eventos publicados en el stream 'moodle_logs'. Ultimo ID: 15799
2026-08-14 20:30:23,916 [INFO    ] capture.log_capture: 8 eventos publicados en el stream 'moodle_logs'. Ultimo ID: 15807
2026-08-14 20:30:53,924 [INFO    ] capture.log_capture: 4 eventos publicados en el stream 'moodle_logs'. Ultimo ID: 15811
2026-08-14 20:31:23,933 [INFO    ] capture.log_capture: 8 eventos publicados en el stream 'moodle_logs'. Ultimo ID: 15819
2026-08-14 20:31:53,942 [INFO    ] capture.log_capture: 7 eventos publicados en el stream 'moodle_logs'. Ultimo ID: 15826
2026-08-14 20:32:23,950 [INFO    ] capture.log_capture: 5 eventos publicados en el stream 'moodle_logs'. Ultimo ID: 15831
2026-08-14 20:33:03,961 [INFO    ] capture.log_capture: 4 eventos publicados en el stream 'moodle_logs'. Ultimo ID: 15835
2026-08-14 20:33:28,538 [INFO    ] models.anomaly_detector: Isolation Forest reentrenado con 100 muestras.
2026-08-14 20:33:28,580 [WARNING ] alerts.alert_manager: [HIGH] Anomalia detectada | Score=0.682 | Votos={'isolation_forest': 0.0, 'arima': 1.0, 'lstm': 0.0} | Metricas={'request_count': 5.0, 'unique_users': 5.0, 'error_count': 0.0, 'course_count': 4.0}
2026-08-14 20:33:28,580 [INFO    ] alerts: [HIGH] Anomalia detectada | Score=0.682 | Votos={'isolation_forest': 0.0, 'arima': 1.0, 'lstm': 0.0} | Metricas={'request_count': 5.0, 'unique_users': 5.0, 'error_count': 0.0, 'course_count': 4.0}
2026-08-14 20:33:28,586 [INFO    ] dashboard.influx_writer: Alerta escrita en InfluxDB: 2026-08-15T00:32:00+00:00
2026-08-14 20:33:33,970 [INFO    ] capture.log_capture: 5 eventos publicados en el stream 'moodle_logs'. Ultimo ID: 15840
2026-08-14 20:34:03,978 [INFO    ] capture.log_capture: 4 eventos publicados en el stream 'moodle_logs'. Ultimo ID: 15844
2026-08-14 20:34:33,988 [INFO    ] capture.log_capture: 7 eventos publicados en el stream 'moodle_logs'. Ultimo ID: 15851
2026-08-14 20:35:04,000 [INFO    ] capture.log_capture: 8 eventos publicados en el stream 'moodle_logs'. Ultimo ID: 15859
2026-08-14 20:35:09,026 [INFO    ] main: Sinal de parada recibida. Terminando subsistemas...
2026-08-14 20:35:09,027 [INFO    ] capture.log_capture: Subsistema de captura detenido.
2026-08-15 10:40:48,138 [INFO    ] main: ============================================================
2026-08-15 10:40:48,138 [INFO    ] main: Sistema de Deteccion Temprana de Anomalias - UCI Moodle
2026-08-15 10:40:48,139 [INFO    ] main: ============================================================
2026-08-15 10:40:48,143 [INFO    ] capture.log_capture: Grupo de consumo ya existe.
2026-08-15 10:40:48,261 [INFO    ] mysql.connector: package: mysql.connector.plugins
2026-08-15 10:40:48,262 [INFO    ] mysql.connector: plugin_name: mysql_native_password
2026-08-15 10:40:48,263 [INFO    ] mysql.connector: AUTHENTICATION_PLUGIN_CLASS: MySQLNativePasswordAuthPlugin
2026-08-15 10:40:48,265 [INFO    ] capture.log_capture: Conexion a Moodle DB establecida.
2026-08-15 10:40:48,267 [INFO    ] capture.log_capture: Ultimo ID de log recuperado de Redis: 15859
2026-08-15 10:40:48,280 [INFO    ] dashboard.influx_writer: Conexion a InfluxDB establecida: http://localhost:8086 (bucket=moodle_metrics)
2026-08-15 10:40:48,281 [INFO    ] models.arima_model: Historial ARIMA recuperado de disco: 101 muestras.
2026-08-15 10:40:48,386 [INFO    ] models.arima_model: Modelo ARIMA cargado desde disco.
2026-08-15 10:40:48,386 [INFO    ] models.lstm_model: Buffer LSTM recuperado de disco: 101 muestras.
2026-08-15 10:40:48,886 [INFO    ] models.lstm_model: Modelo LSTM cargado desde disco.
2026-08-15 10:40:48,886 [INFO    ] models.anomaly_detector: Buffer Isolation Forest recuperado de disco: 101 muestras (contador: 101).
2026-08-15 10:40:48,895 [INFO    ] models.anomaly_detector: Isolation Forest cargado desde disco.
2026-08-15 10:40:48,895 [INFO    ] capture.log_capture: Subsistema de captura iniciado. Intervalo: 10s
2026-08-15 10:40:48,896 [INFO    ] main: Hilo 'Capture' iniciado.
2026-08-15 10:40:48,896 [INFO    ] preprocessing.preprocessor: Preprocesador iniciado. Ventana: 60s
2026-08-15 10:40:48,897 [INFO    ] main: Hilo 'Preprocessor' iniciado.
2026-08-15 10:40:48,898 [INFO    ] main: Motor de analisis iniciado.
2026-08-15 10:40:48,898 [INFO    ] main: Hilo 'Analytics' iniciado.
2026-08-15 10:40:48,899 [INFO    ] main: Sistema en ejecucion. Presione Ctrl+C para detener.
2026-08-15 10:40:48,920 [INFO    ] capture.log_capture: 78 eventos publicados en el stream 'moodle_logs'. Ultimo ID: 15937
2026-08-15 10:40:58,943 [INFO    ] capture.log_capture: 52 eventos publicados en el stream 'moodle_logs'. Ultimo ID: 15989
2026-08-15 10:41:08,952 [INFO    ] capture.log_capture: 30 eventos publicados en el stream 'moodle_logs'. Ultimo ID: 16019
2026-08-15 10:41:38,962 [INFO    ] capture.log_capture: 3 eventos publicados en el stream 'moodle_logs'. Ultimo ID: 16022
2026-08-15 10:41:50,733 [INFO    ] models.arima_model: ARIMA((2, 1, 2))x((1, 1, 1, 24)) entrenado con 102 muestras.
2026-08-15 10:42:09,070 [INFO    ] capture.log_capture: 3 eventos publicados en el stream 'moodle_logs'. Ultimo ID: 16025
2026-08-15 10:42:17,828 [INFO    ] models.lstm_model: LSTM entrenado con 42 secuencias. Umbral: 0.0690
2026-08-15 10:42:39,083 [INFO    ] capture.log_capture: 4 eventos publicados en el stream 'moodle_logs'. Ultimo ID: 16029
2026-08-15 10:42:49,420 [WARNING ] drift.concept_drift_detector: Concept drift detected: error_rate, confidence: 93.10%
2026-08-15 10:42:59,090 [INFO    ] capture.log_capture: 7 eventos publicados en el stream 'moodle_logs'. Ultimo ID: 16036
2026-08-15 10:43:29,103 [INFO    ] capture.log_capture: 6 eventos publicados en el stream 'moodle_logs'. Ultimo ID: 16042
2026-08-15 10:43:49,438 [WARNING ] drift.concept_drift_detector: Concept drift detected: error_rate, confidence: 100.00%
2026-08-15 10:43:59,118 [INFO    ] capture.log_capture: 4 eventos publicados en el stream 'moodle_logs'. Ultimo ID: 16046
2026-08-15 10:44:29,129 [INFO    ] capture.log_capture: 5 eventos publicados en el stream 'moodle_logs'. Ultimo ID: 16051
2026-08-15 10:44:49,625 [WARNING ] drift.concept_drift_detector: Concept drift detected: error_rate, confidence: 100.00%
2026-08-15 10:44:59,136 [INFO    ] capture.log_capture: 8 eventos publicados en el stream 'moodle_logs'. Ultimo ID: 16059
2026-08-15 10:45:19,215 [INFO    ] capture.log_capture: 67 eventos publicados en el stream 'moodle_logs'. Ultimo ID: 16126
2026-08-15 10:45:29,225 [INFO    ] capture.log_capture: 20 eventos publicados en el stream 'moodle_logs'. Ultimo ID: 16146
2026-08-15 10:45:49,778 [WARNING ] drift.concept_drift_detector: Concept drift detected: error_rate, confidence: 100.00%
2026-08-15 10:45:59,234 [INFO    ] capture.log_capture: 5 eventos publicados en el stream 'moodle_logs'. Ultimo ID: 16151
2026-08-15 10:46:29,244 [INFO    ] capture.log_capture: 7 eventos publicados en el stream 'moodle_logs'. Ultimo ID: 16158
2026-08-15 10:46:49,251 [INFO    ] capture.log_capture: 7 eventos publicados en el stream 'moodle_logs'. Ultimo ID: 16165
2026-08-15 10:46:51,492 [WARNING ] alerts.alert_manager: [HIGH] Anomalia detectada | Score=0.733 | Votos={'isolation_forest': 1.0, 'arima': 0.0, 'lstm': 1.0} | Metricas={'request_count': 92.0, 'unique_users': 40.0, 'error_count': 80.0, 'course_count': 6.0}
2026-08-15 10:46:51,493 [INFO    ] alerts: [HIGH] Anomalia detectada | Score=0.733 | Votos={'isolation_forest': 1.0, 'arima': 0.0, 'lstm': 1.0} | Metricas={'request_count': 92.0, 'unique_users': 40.0, 'error_count': 80.0, 'course_count': 6.0}
2026-08-15 10:46:51,496 [INFO    ] dashboard.influx_writer: Alerta escrita en InfluxDB: 2026-08-15T14:45:00+00:00
2026-08-15 10:47:09,257 [INFO    ] capture.log_capture: 3 eventos publicados en el stream 'moodle_logs'. Ultimo ID: 16168
2026-08-15 10:47:39,268 [INFO    ] capture.log_capture: 3 eventos publicados en el stream 'moodle_logs'. Ultimo ID: 16171
2026-08-15 10:47:51,601 [WARNING ] drift.concept_drift_detector: Concept drift detected: error_rate, confidence: 100.00%
2026-08-15 10:47:59,276 [INFO    ] capture.log_capture: 7 eventos publicados en el stream 'moodle_logs'. Ultimo ID: 16178
2026-08-15 10:48:29,289 [INFO    ] capture.log_capture: 6 eventos publicados en el stream 'moodle_logs'. Ultimo ID: 16184
2026-08-15 10:48:51,735 [WARNING ] drift.concept_drift_detector: Concept drift detected: error_rate, confidence: 100.00%
2026-08-15 10:49:09,300 [INFO    ] capture.log_capture: 4 eventos publicados en el stream 'moodle_logs'. Ultimo ID: 16188
2026-08-15 10:49:39,310 [INFO    ] capture.log_capture: 7 eventos publicados en el stream 'moodle_logs'. Ultimo ID: 16195
2026-08-15 10:49:53,696 [WARNING ] drift.concept_drift_detector: Concept drift detected: error_rate, confidence: 100.00%
2026-08-15 10:50:09,321 [INFO    ] capture.log_capture: 5 eventos publicados en el stream 'moodle_logs'. Ultimo ID: 16200
2026-08-15 10:50:39,329 [INFO    ] capture.log_capture: 3 eventos publicados en el stream 'moodle_logs'. Ultimo ID: 16203
2026-08-15 10:50:53,732 [WARNING ] drift.concept_drift_detector: Concept drift detected: error_rate, confidence: 100.00%
2026-08-15 10:51:09,337 [INFO    ] capture.log_capture: 5 eventos publicados en el stream 'moodle_logs'. Ultimo ID: 16208
2026-08-15 10:51:39,345 [INFO    ] capture.log_capture: 5 eventos publicados en el stream 'moodle_logs'. Ultimo ID: 16213
2026-08-15 10:51:53,886 [WARNING ] alerts.alert_manager: [MEDIUM] Anomalia detectada | Score=0.612 | Votos={'isolation_forest': 0.0, 'arima': 0.0, 'lstm': 1.0} | Metricas={'request_count': 8.0, 'unique_users': 7.0, 'error_count': 0.0, 'course_count': 4.0}
2026-08-15 10:51:53,890 [INFO    ] alerts: [MEDIUM] Anomalia detectada | Score=0.612 | Votos={'isolation_forest': 0.0, 'arima': 0.0, 'lstm': 1.0} | Metricas={'request_count': 8.0, 'unique_users': 7.0, 'error_count': 0.0, 'course_count': 4.0}
2026-08-15 10:51:53,901 [INFO    ] dashboard.influx_writer: Alerta escrita en InfluxDB: 2026-08-15T14:50:00+00:00
2026-08-15 10:51:53,902 [WARNING ] drift.concept_drift_detector: Concept drift detected: error_rate, confidence: 100.00%
2026-08-15 10:52:19,362 [INFO    ] capture.log_capture: 5 eventos publicados en el stream 'moodle_logs'. Ultimo ID: 16218
2026-08-15 10:52:49,380 [INFO    ] capture.log_capture: 7 eventos publicados en el stream 'moodle_logs'. Ultimo ID: 16225
2026-08-15 10:52:55,660 [WARNING ] drift.concept_drift_detector: Concept drift detected: error_rate, confidence: 100.00%
2026-08-15 10:53:19,389 [INFO    ] capture.log_capture: 5 eventos publicados en el stream 'moodle_logs'. Ultimo ID: 16230
2026-08-15 10:53:39,399 [INFO    ] capture.log_capture: 8 eventos publicados en el stream 'moodle_logs'. Ultimo ID: 16238
2026-08-15 10:53:55,734 [WARNING ] drift.concept_drift_detector: Concept drift detected: error_rate, confidence: 98.35%
2026-08-15 10:54:09,407 [INFO    ] capture.log_capture: 8 eventos publicados en el stream 'moodle_logs'. Ultimo ID: 16246
2026-08-15 10:54:39,416 [INFO    ] capture.log_capture: 5 eventos publicados en el stream 'moodle_logs'. Ultimo ID: 16251
2026-08-15 10:54:57,836 [WARNING ] drift.concept_drift_detector: Concept drift detected: error_rate, confidence: 96.27%
2026-08-15 10:54:59,425 [INFO    ] capture.log_capture: 3 eventos publicados en el stream 'moodle_logs'. Ultimo ID: 16254
2026-08-15 10:55:29,433 [INFO    ] capture.log_capture: 5 eventos publicados en el stream 'moodle_logs'. Ultimo ID: 16259
2026-08-15 10:55:57,854 [WARNING ] drift.concept_drift_detector: Concept drift detected: error_rate, confidence: 92.26%
2026-08-15 10:55:59,444 [INFO    ] capture.log_capture: 8 eventos publicados en el stream 'moodle_logs'. Ultimo ID: 16267
2026-08-15 10:56:19,452 [INFO    ] capture.log_capture: 3 eventos publicados en el stream 'moodle_logs'. Ultimo ID: 16270
2026-08-15 10:56:39,456 [INFO    ] capture.log_capture: 1 eventos publicados en el stream 'moodle_logs'. Ultimo ID: 16271
2026-08-15 10:56:49,461 [INFO    ] capture.log_capture: 7 eventos publicados en el stream 'moodle_logs'. Ultimo ID: 16278
2026-08-15 10:56:59,940 [WARNING ] drift.concept_drift_detector: Concept drift detected: error_rate, confidence: 94.24%
2026-08-15 10:57:09,470 [INFO    ] capture.log_capture: 5 eventos publicados en el stream 'moodle_logs'. Ultimo ID: 16283
2026-08-15 10:57:29,479 [INFO    ] capture.log_capture: 7 eventos publicados en el stream 'moodle_logs'. Ultimo ID: 16290
2026-08-15 10:58:00,036 [WARNING ] drift.concept_drift_detector: Concept drift detected: error_rate, confidence: 95.21%
2026-08-15 10:58:09,491 [INFO    ] capture.log_capture: 5 eventos publicados en el stream 'moodle_logs'. Ultimo ID: 16295
2026-08-15 10:58:29,495 [INFO    ] capture.log_capture: 3 eventos publicados en el stream 'moodle_logs'. Ultimo ID: 16298
2026-08-15 10:58:59,504 [INFO    ] capture.log_capture: 4 eventos publicados en el stream 'moodle_logs'. Ultimo ID: 16302
2026-08-15 10:59:01,704 [WARNING ] drift.concept_drift_detector: Concept drift detected: error_rate, confidence: 93.22%
2026-08-15 10:59:01,829 [WARNING ] drift.concept_drift_detector: Concept drift detected: error_rate, confidence: 92.25%
2026-08-15 10:59:29,511 [INFO    ] capture.log_capture: 6 eventos publicados en el stream 'moodle_logs'. Ultimo ID: 16308
2026-08-15 10:59:49,518 [INFO    ] capture.log_capture: 7 eventos publicados en el stream 'moodle_logs'. Ultimo ID: 16315
2026-08-15 10:59:59,522 [INFO    ] capture.log_capture: 1 eventos publicados en el stream 'moodle_logs'. Ultimo ID: 16316
2026-08-15 11:00:01,758 [WARNING ] drift.concept_drift_detector: Concept drift detected: error_rate, confidence: 89.32%
2026-08-15 11:00:19,529 [INFO    ] capture.log_capture: 7 eventos publicados en el stream 'moodle_logs'. Ultimo ID: 16323
2026-08-15 11:00:49,539 [INFO    ] capture.log_capture: 8 eventos publicados en el stream 'moodle_logs'. Ultimo ID: 16331
2026-08-15 11:01:01,757 [WARNING ] alerts.alert_manager: [HIGH] Anomalia detectada | Score=0.653 | Votos={'isolation_forest': 0.0, 'arima': 0.0, 'lstm': 1.0} | Metricas={'request_count': 15.0, 'unique_users': 10.0, 'error_count': 0.0, 'course_count': 4.0}
2026-08-15 11:01:01,757 [INFO    ] alerts: [HIGH] Anomalia detectada | Score=0.653 | Votos={'isolation_forest': 0.0, 'arima': 0.0, 'lstm': 1.0} | Metricas={'request_count': 15.0, 'unique_users': 10.0, 'error_count': 0.0, 'course_count': 4.0}
2026-08-15 11:01:01,761 [INFO    ] dashboard.influx_writer: Alerta escrita en InfluxDB: 2026-08-15T15:00:00+00:00
2026-08-15 11:01:01,762 [WARNING ] drift.concept_drift_detector: Concept drift detected: error_rate, confidence: 87.43%
2026-08-15 11:01:19,547 [INFO    ] capture.log_capture: 6 eventos publicados en el stream 'moodle_logs'. Ultimo ID: 16337
2026-08-15 11:01:49,555 [INFO    ] capture.log_capture: 5 eventos publicados en el stream 'moodle_logs'. Ultimo ID: 16342
2026-08-15 11:02:01,772 [WARNING ] drift.concept_drift_detector: Concept drift detected: error_rate, confidence: 90.51%
2026-08-15 11:02:19,563 [INFO    ] capture.log_capture: 4 eventos publicados en el stream 'moodle_logs'. Ultimo ID: 16346
2026-08-15 11:02:39,570 [INFO    ] capture.log_capture: 7 eventos publicados en el stream 'moodle_logs'. Ultimo ID: 16353
2026-08-15 11:03:02,029 [WARNING ] drift.concept_drift_detector: Concept drift detected: error_rate, confidence: 89.60%
2026-08-15 11:03:09,580 [INFO    ] capture.log_capture: 8 eventos publicados en el stream 'moodle_logs'. Ultimo ID: 16361
2026-08-15 11:03:39,589 [INFO    ] capture.log_capture: 5 eventos publicados en el stream 'moodle_logs'. Ultimo ID: 16366
2026-08-15 11:04:03,969 [WARNING ] drift.concept_drift_detector: Concept drift detected: error_rate, confidence: 86.73%
2026-08-15 11:04:09,597 [INFO    ] capture.log_capture: 4 eventos publicados en el stream 'moodle_logs'. Ultimo ID: 16370
2026-08-15 11:04:39,606 [INFO    ] capture.log_capture: 7 eventos publicados en el stream 'moodle_logs'. Ultimo ID: 16377
2026-08-15 11:05:04,067 [WARNING ] drift.concept_drift_detector: Concept drift detected: error_rate, confidence: 87.85%
2026-08-15 11:05:09,616 [INFO    ] capture.log_capture: 5 eventos publicados en el stream 'moodle_logs'. Ultimo ID: 16382
2026-08-15 11:05:39,625 [INFO    ] capture.log_capture: 3 eventos publicados en el stream 'moodle_logs'. Ultimo ID: 16385
2026-08-15 11:06:06,016 [WARNING ] drift.concept_drift_detector: Concept drift detected: error_rate, confidence: 89.95%
2026-08-15 11:06:09,634 [INFO    ] capture.log_capture: 3 eventos publicados en el stream 'moodle_logs'. Ultimo ID: 16388
2026-08-15 11:06:49,644 [INFO    ] capture.log_capture: 3 eventos publicados en el stream 'moodle_logs'. Ultimo ID: 16391
2026-08-15 11:07:08,068 [WARNING ] alerts.alert_manager: [HIGH] Anomalia detectada | Score=0.644 | Votos={'isolation_forest': 0.0, 'arima': 0.0, 'lstm': 1.0} | Metricas={'request_count': 6.0, 'unique_users': 6.0, 'error_count': 0.0, 'course_count': 5.0}
2026-08-15 11:07:08,068 [INFO    ] alerts: [HIGH] Anomalia detectada | Score=0.644 | Votos={'isolation_forest': 0.0, 'arima': 0.0, 'lstm': 1.0} | Metricas={'request_count': 6.0, 'unique_users': 6.0, 'error_count': 0.0, 'course_count': 5.0}
2026-08-15 11:07:08,073 [INFO    ] dashboard.influx_writer: Alerta escrita en InfluxDB: 2026-08-15T15:06:00+00:00
2026-08-15 11:07:08,074 [WARNING ] drift.concept_drift_detector: Concept drift detected: error_rate, confidence: 91.04%
2026-08-15 11:07:09,651 [INFO    ] capture.log_capture: 5 eventos publicados en el stream 'moodle_logs'. Ultimo ID: 16396
2026-08-15 11:07:49,663 [INFO    ] capture.log_capture: 7 eventos publicados en el stream 'moodle_logs'. Ultimo ID: 16403
2026-08-15 11:08:08,010 [WARNING ] drift.concept_drift_detector: Concept drift detected: error_rate, confidence: 84.22%
2026-08-15 11:08:19,683 [INFO    ] capture.log_capture: 7 eventos publicados en el stream 'moodle_logs'. Ultimo ID: 16410
2026-08-15 11:08:49,691 [INFO    ] capture.log_capture: 5 eventos publicados en el stream 'moodle_logs'. Ultimo ID: 16415
2026-08-15 11:09:10,238 [WARNING ] drift.concept_drift_detector: Concept drift detected: error_rate, confidence: 83.41%
2026-08-15 11:09:19,699 [INFO    ] capture.log_capture: 6 eventos publicados en el stream 'moodle_logs'. Ultimo ID: 16421
2026-08-15 11:09:49,707 [INFO    ] capture.log_capture: 4 eventos publicados en el stream 'moodle_logs'. Ultimo ID: 16425
2026-08-15 11:10:09,714 [INFO    ] capture.log_capture: 6 eventos publicados en el stream 'moodle_logs'. Ultimo ID: 16431
2026-08-15 11:10:11,928 [WARNING ] drift.concept_drift_detector: Concept drift detected: error_rate, confidence: 84.58%
2026-08-15 11:10:19,718 [INFO    ] capture.log_capture: 2 eventos publicados en el stream 'moodle_logs'. Ultimo ID: 16433
2026-08-15 11:10:39,723 [INFO    ] capture.log_capture: 5 eventos publicados en el stream 'moodle_logs'. Ultimo ID: 16438
2026-08-15 11:11:09,734 [INFO    ] capture.log_capture: 7 eventos publicados en el stream 'moodle_logs'. Ultimo ID: 16445
2026-08-15 11:11:13,915 [WARNING ] drift.concept_drift_detector: Concept drift detected: error_rate, confidence: 80.81%
2026-08-15 11:11:29,741 [INFO    ] capture.log_capture: 6 eventos publicados en el stream 'moodle_logs'. Ultimo ID: 16451
2026-08-15 11:11:49,748 [INFO    ] capture.log_capture: 4 eventos publicados en el stream 'moodle_logs'. Ultimo ID: 16455
2026-08-15 11:12:14,176 [WARNING ] alerts.alert_manager: [HIGH] Anomalia detectada | Score=0.666 | Votos={'isolation_forest': 0.0, 'arima': 0.0, 'lstm': 1.0} | Metricas={'request_count': 17.0, 'unique_users': 16.0, 'error_count': 0.0, 'course_count': 6.0}
2026-08-15 11:12:14,176 [INFO    ] alerts: [HIGH] Anomalia detectada | Score=0.666 | Votos={'isolation_forest': 0.0, 'arima': 0.0, 'lstm': 1.0} | Metricas={'request_count': 17.0, 'unique_users': 16.0, 'error_count': 0.0, 'course_count': 6.0}
2026-08-15 11:12:14,180 [INFO    ] dashboard.influx_writer: Alerta escrita en InfluxDB: 2026-08-15T15:11:00+00:00
2026-08-15 11:12:14,180 [WARNING ] drift.concept_drift_detector: Concept drift detected: error_rate, confidence: 76.08%
2026-08-15 11:12:19,758 [INFO    ] capture.log_capture: 8 eventos publicados en el stream 'moodle_logs'. Ultimo ID: 16463
2026-08-15 11:12:49,767 [INFO    ] capture.log_capture: 4 eventos publicados en el stream 'moodle_logs'. Ultimo ID: 16467
2026-08-15 11:13:09,773 [INFO    ] capture.log_capture: 4 eventos publicados en el stream 'moodle_logs'. Ultimo ID: 16471
2026-08-15 11:13:15,981 [WARNING ] drift.concept_drift_detector: Concept drift detected: error_rate, confidence: 80.32%
2026-08-15 11:13:39,784 [INFO    ] capture.log_capture: 8 eventos publicados en el stream 'moodle_logs'. Ultimo ID: 16479
2026-08-15 11:14:09,793 [INFO    ] capture.log_capture: 6 eventos publicados en el stream 'moodle_logs'. Ultimo ID: 16485
2026-08-15 11:14:18,024 [WARNING ] drift.concept_drift_detector: Concept drift detected: error_rate, confidence: 79.56%
2026-08-15 11:14:39,802 [INFO    ] capture.log_capture: 4 eventos publicados en el stream 'moodle_logs'. Ultimo ID: 16489
2026-08-15 11:14:59,809 [INFO    ] capture.log_capture: 3 eventos publicados en el stream 'moodle_logs'. Ultimo ID: 16492
2026-08-15 11:15:18,160 [WARNING ] drift.concept_drift_detector: Concept drift detected: error_rate, confidence: 77.82%
2026-08-15 11:15:29,816 [INFO    ] capture.log_capture: 5 eventos publicados en el stream 'moodle_logs'. Ultimo ID: 16497
2026-08-15 11:15:49,823 [INFO    ] capture.log_capture: 3 eventos publicados en el stream 'moodle_logs'. Ultimo ID: 16500
2026-08-15 11:16:09,830 [INFO    ] capture.log_capture: 4 eventos publicados en el stream 'moodle_logs'. Ultimo ID: 16504
2026-08-15 11:16:20,050 [WARNING ] drift.concept_drift_detector: Concept drift detected: error_rate, confidence: 82.04%
2026-08-15 11:16:39,839 [INFO    ] capture.log_capture: 5 eventos publicados en el stream 'moodle_logs'. Ultimo ID: 16509
2026-08-15 11:16:59,847 [INFO    ] capture.log_capture: 8 eventos publicados en el stream 'moodle_logs'. Ultimo ID: 16517
2026-08-15 11:17:20,261 [WARNING ] alerts.alert_manager: [HIGH] Anomalia detectada | Score=0.637 | Votos={'isolation_forest': 0.0, 'arima': 0.0, 'lstm': 1.0} | Metricas={'request_count': 17.0, 'unique_users': 15.0, 'error_count': 0.0, 'course_count': 6.0}
2026-08-15 11:17:20,261 [INFO    ] alerts: [HIGH] Anomalia detectada | Score=0.637 | Votos={'isolation_forest': 0.0, 'arima': 0.0, 'lstm': 1.0} | Metricas={'request_count': 17.0, 'unique_users': 15.0, 'error_count': 0.0, 'course_count': 6.0}
2026-08-15 11:17:20,264 [INFO    ] dashboard.influx_writer: Alerta escrita en InfluxDB: 2026-08-15T15:16:00+00:00
2026-08-15 11:17:20,265 [WARNING ] drift.concept_drift_detector: Concept drift detected: error_rate, confidence: 72.37%
2026-08-15 11:17:39,857 [INFO    ] capture.log_capture: 3 eventos publicados en el stream 'moodle_logs'. Ultimo ID: 16520
2026-08-15 11:18:09,867 [INFO    ] capture.log_capture: 6 eventos publicados en el stream 'moodle_logs'. Ultimo ID: 16526
2026-08-15 11:18:22,442 [WARNING ] drift.concept_drift_detector: Concept drift detected: error_rate, confidence: 85.55%
2026-08-15 11:18:39,876 [INFO    ] capture.log_capture: 7 eventos publicados en el stream 'moodle_logs'. Ultimo ID: 16533
2026-08-15 11:18:59,881 [INFO    ] capture.log_capture: 4 eventos publicados en el stream 'moodle_logs'. Ultimo ID: 16537
2026-08-15 11:19:09,885 [INFO    ] capture.log_capture: 2 eventos publicados en el stream 'moodle_logs'. Ultimo ID: 16539
2026-08-15 11:19:24,162 [WARNING ] drift.concept_drift_detector: Concept drift detected: error_rate, confidence: 70.89%
2026-08-15 11:19:39,896 [INFO    ] capture.log_capture: 4 eventos publicados en el stream 'moodle_logs'. Ultimo ID: 16543
2026-08-15 11:20:09,904 [INFO    ] capture.log_capture: 3 eventos publicados en el stream 'moodle_logs'. Ultimo ID: 16546
2026-08-15 11:20:24,181 [WARNING ] drift.concept_drift_detector: Concept drift detected: error_rate, confidence: 81.12%
2026-08-15 11:20:29,913 [INFO    ] capture.log_capture: 3 eventos publicados en el stream 'moodle_logs'. Ultimo ID: 16549
2026-08-15 11:20:59,921 [INFO    ] capture.log_capture: 4 eventos publicados en el stream 'moodle_logs'. Ultimo ID: 16553
2026-08-15 11:21:24,380 [WARNING ] drift.concept_drift_detector: Concept drift detected: error_rate, confidence: 76.41%
2026-08-15 11:21:29,928 [INFO    ] capture.log_capture: 6 eventos publicados en el stream 'moodle_logs'. Ultimo ID: 16559
2026-08-15 11:21:59,935 [INFO    ] capture.log_capture: 3 eventos publicados en el stream 'moodle_logs'. Ultimo ID: 16562
2026-08-15 11:22:24,364 [WARNING ] drift.concept_drift_detector: Concept drift detected: error_rate, confidence: 76.69%
2026-08-15 11:22:29,944 [INFO    ] capture.log_capture: 6 eventos publicados en el stream 'moodle_logs'. Ultimo ID: 16568
2026-08-15 11:22:59,952 [INFO    ] capture.log_capture: 8 eventos publicados en el stream 'moodle_logs'. Ultimo ID: 16576
2026-08-15 11:23:19,958 [INFO    ] capture.log_capture: 4 eventos publicados en el stream 'moodle_logs'. Ultimo ID: 16580
2026-08-15 11:23:26,170 [WARNING ] drift.concept_drift_detector: Concept drift detected: error_rate, confidence: 71.03%
2026-08-15 11:23:39,964 [INFO    ] capture.log_capture: 8 eventos publicados en el stream 'moodle_logs'. Ultimo ID: 16588
2026-08-15 11:24:09,970 [INFO    ] capture.log_capture: 3 eventos publicados en el stream 'moodle_logs'. Ultimo ID: 16591
2026-08-15 11:24:26,242 [WARNING ] drift.concept_drift_detector: Concept drift detected: error_rate, confidence: 72.36%
2026-08-15 11:24:39,978 [INFO    ] capture.log_capture: 3 eventos publicados en el stream 'moodle_logs'. Ultimo ID: 16594
2026-08-15 11:25:09,987 [INFO    ] capture.log_capture: 5 eventos publicados en el stream 'moodle_logs'. Ultimo ID: 16599
2026-08-15 11:25:26,455 [WARNING ] alerts.alert_manager: [HIGH] Anomalia detectada | Score=0.733 | Votos={'isolation_forest': 0.0, 'arima': 0.0, 'lstm': 1.0} | Metricas={'request_count': 6.0, 'unique_users': 5.0, 'error_count': 0.0, 'course_count': 3.0}
2026-08-15 11:25:26,455 [INFO    ] alerts: [HIGH] Anomalia detectada | Score=0.733 | Votos={'isolation_forest': 0.0, 'arima': 0.0, 'lstm': 1.0} | Metricas={'request_count': 6.0, 'unique_users': 5.0, 'error_count': 0.0, 'course_count': 3.0}
2026-08-15 11:25:26,460 [INFO    ] dashboard.influx_writer: Alerta escrita en InfluxDB: 2026-08-15T15:24:00+00:00
2026-08-15 11:25:26,461 [WARNING ] drift.concept_drift_detector: Concept drift detected: error_rate, confidence: 77.64%
2026-08-15 11:25:49,998 [INFO    ] capture.log_capture: 5 eventos publicados en el stream 'moodle_logs'. Ultimo ID: 16604
2026-08-15 11:26:20,006 [INFO    ] capture.log_capture: 4 eventos publicados en el stream 'moodle_logs'. Ultimo ID: 16608
2026-08-15 11:26:28,310 [WARNING ] drift.concept_drift_detector: Concept drift detected: error_rate, confidence: 72.96%
2026-08-15 11:26:50,014 [INFO    ] capture.log_capture: 6 eventos publicados en el stream 'moodle_logs'. Ultimo ID: 16614
2026-08-15 11:27:10,033 [INFO    ] capture.log_capture: 8 eventos publicados en el stream 'moodle_logs'. Ultimo ID: 16622
2026-08-15 11:27:28,500 [WARNING ] drift.concept_drift_detector: Concept drift detected: error_rate, confidence: 72.30%
2026-08-15 11:27:50,058 [INFO    ] capture.log_capture: 7 eventos publicados en el stream 'moodle_logs'. Ultimo ID: 16629
2026-08-15 11:28:20,067 [INFO    ] capture.log_capture: 7 eventos publicados en el stream 'moodle_logs'. Ultimo ID: 16636
2026-08-15 11:28:30,391 [WARNING ] drift.concept_drift_detector: Concept drift detected: error_rate, confidence: 66.68%
2026-08-15 11:29:00,080 [INFO    ] capture.log_capture: 8 eventos publicados en el stream 'moodle_logs'. Ultimo ID: 16644
2026-08-15 11:29:30,089 [INFO    ] capture.log_capture: 4 eventos publicados en el stream 'moodle_logs'. Ultimo ID: 16648
2026-08-15 11:29:32,304 [WARNING ] drift.concept_drift_detector: Concept drift detected: error_rate, confidence: 74.00%
2026-08-15 11:29:50,095 [INFO    ] capture.log_capture: 7 eventos publicados en el stream 'moodle_logs'. Ultimo ID: 16655
2026-08-15 11:30:20,103 [INFO    ] capture.log_capture: 3 eventos publicados en el stream 'moodle_logs'. Ultimo ID: 16658
2026-08-15 11:30:32,371 [WARNING ] alerts.alert_manager: [HIGH] Anomalia detectada | Score=0.689 | Votos={'isolation_forest': 0.0, 'arima': 0.0, 'lstm': 1.0} | Metricas={'request_count': 19.0, 'unique_users': 16.0, 'error_count': 0.0, 'course_count': 6.0}
2026-08-15 11:30:32,371 [INFO    ] alerts: [HIGH] Anomalia detectada | Score=0.689 | Votos={'isolation_forest': 0.0, 'arima': 0.0, 'lstm': 1.0} | Metricas={'request_count': 19.0, 'unique_users': 16.0, 'error_count': 0.0, 'course_count': 6.0}
2026-08-15 11:30:32,374 [INFO    ] dashboard.influx_writer: Alerta escrita en InfluxDB: 2026-08-15T15:29:00+00:00
2026-08-15 11:30:32,374 [WARNING ] drift.concept_drift_detector: Concept drift detected: error_rate, confidence: 61.44%
2026-08-15 11:30:50,113 [INFO    ] capture.log_capture: 6 eventos publicados en el stream 'moodle_logs'. Ultimo ID: 16664
2026-08-15 11:31:20,122 [INFO    ] capture.log_capture: 7 eventos publicados en el stream 'moodle_logs'. Ultimo ID: 16671
2026-08-15 11:31:32,469 [WARNING ] drift.concept_drift_detector: Concept drift detected: error_rate, confidence: 70.79%
2026-08-15 11:31:50,131 [INFO    ] capture.log_capture: 8 eventos publicados en el stream 'moodle_logs'. Ultimo ID: 16679
2026-08-15 11:32:10,137 [INFO    ] capture.log_capture: 5 eventos publicados en el stream 'moodle_logs'. Ultimo ID: 16684
2026-08-15 11:32:32,549 [WARNING ] drift.concept_drift_detector: Concept drift detected: error_rate, confidence: 64.20%
2026-08-15 11:32:40,144 [INFO    ] capture.log_capture: 4 eventos publicados en el stream 'moodle_logs'. Ultimo ID: 16688
2026-08-15 11:33:00,150 [INFO    ] capture.log_capture: 2 eventos publicados en el stream 'moodle_logs'. Ultimo ID: 16690
2026-08-15 11:33:10,155 [INFO    ] capture.log_capture: 4 eventos publicados en el stream 'moodle_logs'. Ultimo ID: 16694
2026-08-15 11:33:30,161 [INFO    ] capture.log_capture: 7 eventos publicados en el stream 'moodle_logs'. Ultimo ID: 16701
2026-08-15 11:33:34,346 [WARNING ] drift.concept_drift_detector: Concept drift detected: error_rate, confidence: 69.56%
2026-08-15 11:34:00,170 [INFO    ] capture.log_capture: 5 eventos publicados en el stream 'moodle_logs'. Ultimo ID: 16706
2026-08-15 11:34:20,179 [INFO    ] capture.log_capture: 1 eventos publicados en el stream 'moodle_logs'. Ultimo ID: 16707
2026-08-15 11:34:30,183 [INFO    ] capture.log_capture: 4 eventos publicados en el stream 'moodle_logs'. Ultimo ID: 16711
2026-08-15 11:34:34,404 [WARNING ] drift.concept_drift_detector: Concept drift detected: error_rate, confidence: 64.97%
2026-08-15 11:34:50,194 [INFO    ] capture.log_capture: 3 eventos publicados en el stream 'moodle_logs'. Ultimo ID: 16714
2026-08-15 11:35:00,199 [INFO    ] capture.log_capture: 4 eventos publicados en el stream 'moodle_logs'. Ultimo ID: 16718
2026-08-15 11:35:30,207 [INFO    ] capture.log_capture: 4 eventos publicados en el stream 'moodle_logs'. Ultimo ID: 16722
2026-08-15 11:35:34,411 [WARNING ] drift.concept_drift_detector: Concept drift detected: error_rate, confidence: 64.38%
2026-08-15 11:35:50,214 [INFO    ] capture.log_capture: 3 eventos publicados en el stream 'moodle_logs'. Ultimo ID: 16725
2026-08-15 11:36:20,223 [INFO    ] capture.log_capture: 7 eventos publicados en el stream 'moodle_logs'. Ultimo ID: 16732
2026-08-15 11:36:34,493 [WARNING ] alerts.alert_manager: [MEDIUM] Anomalia detectada | Score=0.592 | Votos={'isolation_forest': 0.0, 'arima': 0.0, 'lstm': 1.0} | Metricas={'request_count': 11.0, 'unique_users': 9.0, 'error_count': 0.0, 'course_count': 4.0}
2026-08-15 11:36:34,493 [INFO    ] alerts: [MEDIUM] Anomalia detectada | Score=0.592 | Votos={'isolation_forest': 0.0, 'arima': 0.0, 'lstm': 1.0} | Metricas={'request_count': 11.0, 'unique_users': 9.0, 'error_count': 0.0, 'course_count': 4.0}
2026-08-15 11:36:34,497 [INFO    ] dashboard.influx_writer: Alerta escrita en InfluxDB: 2026-08-15T15:35:00+00:00
2026-08-15 11:36:34,497 [WARNING ] drift.concept_drift_detector: Concept drift detected: error_rate, confidence: 65.78%
2026-08-15 11:37:00,232 [INFO    ] capture.log_capture: 3 eventos publicados en el stream 'moodle_logs'. Ultimo ID: 16735
2026-08-15 11:37:20,239 [INFO    ] capture.log_capture: 4 eventos publicados en el stream 'moodle_logs'. Ultimo ID: 16739
2026-08-15 11:37:34,569 [WARNING ] drift.concept_drift_detector: Concept drift detected: error_rate, confidence: 69.15%
2026-08-15 11:37:50,249 [INFO    ] capture.log_capture: 6 eventos publicados en el stream 'moodle_logs'. Ultimo ID: 16745
2026-08-15 11:38:20,259 [INFO    ] capture.log_capture: 8 eventos publicados en el stream 'moodle_logs'. Ultimo ID: 16753
2026-08-15 11:38:36,594 [WARNING ] drift.concept_drift_detector: Concept drift detected: error_rate, confidence: 62.58%
2026-08-15 11:38:50,268 [INFO    ] capture.log_capture: 7 eventos publicados en el stream 'moodle_logs'. Ultimo ID: 16760
2026-08-15 11:39:30,279 [INFO    ] capture.log_capture: 3 eventos publicados en el stream 'moodle_logs'. Ultimo ID: 16763
2026-08-15 11:39:38,551 [WARNING ] drift.concept_drift_detector: Concept drift detected: error_rate, confidence: 60.03%
2026-08-15 11:39:50,286 [INFO    ] capture.log_capture: 4 eventos publicados en el stream 'moodle_logs'. Ultimo ID: 16767
2026-08-15 11:40:00,291 [INFO    ] capture.log_capture: 4 eventos publicados en el stream 'moodle_logs'. Ultimo ID: 16771
2026-08-15 11:40:20,299 [INFO    ] capture.log_capture: 8 eventos publicados en el stream 'moodle_logs'. Ultimo ID: 16779
2026-08-15 11:40:38,684 [WARNING ] drift.concept_drift_detector: Concept drift detected: error_rate, confidence: 67.42%
2026-08-15 11:40:40,307 [INFO    ] capture.log_capture: 7 eventos publicados en el stream 'moodle_logs'. Ultimo ID: 16786
2026-08-15 11:41:20,318 [INFO    ] capture.log_capture: 4 eventos publicados en el stream 'moodle_logs'. Ultimo ID: 16790
2026-08-15 11:41:38,703 [WARNING ] alerts.alert_manager: [HIGH] Anomalia detectada | Score=0.689 | Votos={'isolation_forest': 0.0, 'arima': 0.0, 'lstm': 1.0} | Metricas={'request_count': 19.0, 'unique_users': 16.0, 'error_count': 0.0, 'course_count': 6.0}
2026-08-15 11:41:38,703 [INFO    ] alerts: [HIGH] Anomalia detectada | Score=0.689 | Votos={'isolation_forest': 0.0, 'arima': 0.0, 'lstm': 1.0} | Metricas={'request_count': 19.0, 'unique_users': 16.0, 'error_count': 0.0, 'course_count': 6.0}
2026-08-15 11:41:38,706 [INFO    ] dashboard.influx_writer: Alerta escrita en InfluxDB: 2026-08-15T15:40:00+00:00
2026-08-15 11:41:38,707 [WARNING ] drift.concept_drift_detector: Concept drift detected: error_rate, confidence: 54.92%
2026-08-15 11:41:50,330 [INFO    ] capture.log_capture: 7 eventos publicados en el stream 'moodle_logs'. Ultimo ID: 16797
2026-08-15 11:42:20,339 [INFO    ] capture.log_capture: 6 eventos publicados en el stream 'moodle_logs'. Ultimo ID: 16803
2026-08-15 11:42:40,345 [INFO    ] capture.log_capture: 3 eventos publicados en el stream 'moodle_logs'. Ultimo ID: 16806
2026-08-15 11:42:40,495 [WARNING ] drift.concept_drift_detector: Concept drift detected: error_rate, confidence: 62.35%
2026-08-15 11:43:10,355 [INFO    ] capture.log_capture: 7 eventos publicados en el stream 'moodle_logs'. Ultimo ID: 16813
2026-08-15 11:43:40,369 [INFO    ] capture.log_capture: 3 eventos publicados en el stream 'moodle_logs'. Ultimo ID: 16816
2026-08-15 11:43:40,643 [WARNING ] drift.concept_drift_detector: Concept drift detected: error_rate, confidence: 63.77%
2026-08-15 11:44:20,378 [INFO    ] capture.log_capture: 6 eventos publicados en el stream 'moodle_logs'. Ultimo ID: 16822
2026-08-15 11:44:41,065 [WARNING ] drift.concept_drift_detector: Concept drift detected: error_rate, confidence: 62.20%
2026-08-15 11:44:50,424 [INFO    ] capture.log_capture: 3 eventos publicados en el stream 'moodle_logs'. Ultimo ID: 16825
2026-08-15 11:45:10,429 [INFO    ] capture.log_capture: 5 eventos publicados en el stream 'moodle_logs'. Ultimo ID: 16830
2026-08-15 11:45:40,438 [INFO    ] capture.log_capture: 7 eventos publicados en el stream 'moodle_logs'. Ultimo ID: 16837
2026-08-15 11:45:42,586 [WARNING ] drift.concept_drift_detector: Concept drift detected: error_rate, confidence: 62.63%
2026-08-15 11:46:00,446 [INFO    ] capture.log_capture: 5 eventos publicados en el stream 'moodle_logs'. Ultimo ID: 16842
2026-08-15 11:46:30,454 [INFO    ] capture.log_capture: 4 eventos publicados en el stream 'moodle_logs'. Ultimo ID: 16846
2026-08-15 11:46:42,762 [WARNING ] drift.concept_drift_detector: Concept drift detected: error_rate, confidence: 59.10%
2026-08-15 11:47:10,465 [INFO    ] capture.log_capture: 4 eventos publicados en el stream 'moodle_logs'. Ultimo ID: 16850
2026-08-15 11:47:30,472 [INFO    ] capture.log_capture: 5 eventos publicados en el stream 'moodle_logs'. Ultimo ID: 16855
2026-08-15 11:47:44,747 [WARNING ] drift.concept_drift_detector: Concept drift detected: error_rate, confidence: 61.54%
2026-08-15 11:48:00,483 [INFO    ] capture.log_capture: 6 eventos publicados en el stream 'moodle_logs'. Ultimo ID: 16861
2026-08-15 11:48:30,492 [INFO    ] capture.log_capture: 4 eventos publicados en el stream 'moodle_logs'. Ultimo ID: 16865
2026-08-15 11:48:44,828 [WARNING ] drift.concept_drift_detector: Concept drift detected: error_rate, confidence: 60.98%
2026-08-15 11:48:50,498 [INFO    ] capture.log_capture: 1 eventos publicados en el stream 'moodle_logs'. Ultimo ID: 16866
2026-08-15 11:49:00,504 [INFO    ] capture.log_capture: 2 eventos publicados en el stream 'moodle_logs'. Ultimo ID: 16868
2026-08-15 11:49:30,512 [INFO    ] capture.log_capture: 7 eventos publicados en el stream 'moodle_logs'. Ultimo ID: 16875
2026-08-15 11:49:46,851 [WARNING ] drift.concept_drift_detector: Concept drift detected: error_rate, confidence: 58.45%
2026-08-15 11:49:50,518 [INFO    ] capture.log_capture: 4 eventos publicados en el stream 'moodle_logs'. Ultimo ID: 16879
2026-08-15 11:50:10,525 [INFO    ] capture.log_capture: 3 eventos publicados en el stream 'moodle_logs'. Ultimo ID: 16882
2026-08-15 11:50:47,014 [WARNING ] drift.concept_drift_detector: Concept drift detected: error_rate, confidence: 55.94%
2026-08-15 11:50:50,536 [INFO    ] capture.log_capture: 3 eventos publicados en el stream 'moodle_logs'. Ultimo ID: 16885
2026-08-15 11:51:10,543 [INFO    ] capture.log_capture: 8 eventos publicados en el stream 'moodle_logs'. Ultimo ID: 16893
2026-08-15 11:51:40,552 [INFO    ] capture.log_capture: 7 eventos publicados en el stream 'moodle_logs'. Ultimo ID: 16900
2026-08-15 11:51:48,807 [WARNING ] drift.concept_drift_detector: Concept drift detected: error_rate, confidence: 62.37%
2026-08-15 11:52:10,562 [INFO    ] capture.log_capture: 4 eventos publicados en el stream 'moodle_logs'. Ultimo ID: 16904
2026-08-15 11:52:40,573 [INFO    ] capture.log_capture: 7 eventos publicados en el stream 'moodle_logs'. Ultimo ID: 16911
2026-08-15 11:52:50,802 [WARNING ] drift.concept_drift_detector: Concept drift detected: error_rate, confidence: 52.89%
2026-08-15 11:53:00,580 [INFO    ] capture.log_capture: 5 eventos publicados en el stream 'moodle_logs'. Ultimo ID: 16916
2026-08-15 11:53:30,592 [INFO    ] capture.log_capture: 5 eventos publicados en el stream 'moodle_logs'. Ultimo ID: 16921
2026-08-15 11:53:50,599 [INFO    ] capture.log_capture: 3 eventos publicados en el stream 'moodle_logs'. Ultimo ID: 16924
2026-08-15 11:53:52,792 [WARNING ] drift.concept_drift_detector: Concept drift detected: error_rate, confidence: 56.38%
2026-08-15 11:54:20,608 [INFO    ] capture.log_capture: 7 eventos publicados en el stream 'moodle_logs'. Ultimo ID: 16931
2026-08-15 11:54:50,618 [INFO    ] capture.log_capture: 3 eventos publicados en el stream 'moodle_logs'. Ultimo ID: 16934
2026-08-15 11:54:54,816 [WARNING ] drift.concept_drift_detector: Concept drift detected: error_rate, confidence: 53.89%
2026-08-15 11:55:10,628 [INFO    ] capture.log_capture: 7 eventos publicados en el stream 'moodle_logs'. Ultimo ID: 16941
2026-08-15 11:55:40,635 [INFO    ] capture.log_capture: 3 eventos publicados en el stream 'moodle_logs'. Ultimo ID: 16944
2026-08-15 11:55:54,980 [WARNING ] drift.concept_drift_detector: Concept drift detected: error_rate, confidence: 56.37%
2026-08-15 11:56:00,642 [INFO    ] capture.log_capture: 3 eventos publicados en el stream 'moodle_logs'. Ultimo ID: 16947
2026-08-15 11:56:10,646 [INFO    ] capture.log_capture: 2 eventos publicados en el stream 'moodle_logs'. Ultimo ID: 16949
2026-08-15 11:56:30,654 [INFO    ] capture.log_capture: 5 eventos publicados en el stream 'moodle_logs'. Ultimo ID: 16954
2026-08-15 11:56:50,660 [INFO    ] capture.log_capture: 5 eventos publicados en el stream 'moodle_logs'. Ultimo ID: 16959
2026-08-15 11:56:56,882 [WARNING ] drift.concept_drift_detector: Concept drift detected: error_rate, confidence: 55.86%
2026-08-15 11:57:00,665 [INFO    ] capture.log_capture: 2 eventos publicados en el stream 'moodle_logs'. Ultimo ID: 16961
2026-08-15 11:57:30,675 [INFO    ] capture.log_capture: 6 eventos publicados en el stream 'moodle_logs'. Ultimo ID: 16967
2026-08-15 11:57:50,681 [INFO    ] capture.log_capture: 5 eventos publicados en el stream 'moodle_logs'. Ultimo ID: 16972
2026-08-15 11:57:56,966 [WARNING ] drift.concept_drift_detector: Concept drift detected: error_rate, confidence: 50.40%
2026-08-15 11:58:10,689 [INFO    ] capture.log_capture: 8 eventos publicados en el stream 'moodle_logs'. Ultimo ID: 16980
2026-08-15 11:58:50,697 [INFO    ] capture.log_capture: 3 eventos publicados en el stream 'moodle_logs'. Ultimo ID: 16983
2026-08-15 11:58:58,945 [WARNING ] drift.concept_drift_detector: Concept drift detected: error_rate, confidence: 51.93%
2026-08-15 11:59:20,708 [INFO    ] capture.log_capture: 8 eventos publicados en el stream 'moodle_logs'. Ultimo ID: 16991
2026-08-15 11:59:50,717 [INFO    ] capture.log_capture: 8 eventos publicados en el stream 'moodle_logs'. Ultimo ID: 16999
2026-08-15 12:00:00,960 [WARNING ] drift.concept_drift_detector: Concept drift detected: error_rate, confidence: 53.44%
2026-08-15 12:00:20,726 [INFO    ] capture.log_capture: 4 eventos publicados en el stream 'moodle_logs'. Ultimo ID: 17003
2026-08-15 12:00:50,736 [INFO    ] capture.log_capture: 4 eventos publicados en el stream 'moodle_logs'. Ultimo ID: 17007
2026-08-15 12:01:01,040 [WARNING ] drift.concept_drift_detector: Concept drift detected: error_rate, confidence: 100.00%
2026-08-15 12:01:20,746 [INFO    ] capture.log_capture: 4 eventos publicados en el stream 'moodle_logs'. Ultimo ID: 17011
2026-08-15 12:01:50,754 [INFO    ] capture.log_capture: 4 eventos publicados en el stream 'moodle_logs'. Ultimo ID: 17015
2026-08-15 12:02:03,091 [WARNING ] drift.concept_drift_detector: Concept drift detected: error_rate, confidence: 54.99%
2026-08-15 12:02:10,771 [INFO    ] capture.log_capture: 4 eventos publicados en el stream 'moodle_logs'. Ultimo ID: 17019
2026-08-15 12:02:40,781 [INFO    ] capture.log_capture: 7 eventos publicados en el stream 'moodle_logs'. Ultimo ID: 17026
2026-08-15 12:03:03,139 [WARNING ] drift.concept_drift_detector: Concept drift detected: error_rate, confidence: 51.52%
2026-08-15 12:03:10,791 [INFO    ] capture.log_capture: 6 eventos publicados en el stream 'moodle_logs'. Ultimo ID: 17032
2026-08-15 12:03:30,803 [INFO    ] capture.log_capture: 6 eventos publicados en el stream 'moodle_logs'. Ultimo ID: 17038
2026-08-15 12:04:03,325 [WARNING ] drift.concept_drift_detector: Concept drift detected: error_rate, confidence: 50.07%
2026-08-15 12:04:10,816 [INFO    ] capture.log_capture: 6 eventos publicados en el stream 'moodle_logs'. Ultimo ID: 17044
2026-08-15 12:04:40,825 [INFO    ] capture.log_capture: 8 eventos publicados en el stream 'moodle_logs'. Ultimo ID: 17052
2026-08-15 12:05:00,832 [INFO    ] capture.log_capture: 6 eventos publicados en el stream 'moodle_logs'. Ultimo ID: 17058
2026-08-15 12:05:30,840 [INFO    ] capture.log_capture: 3 eventos publicados en el stream 'moodle_logs'. Ultimo ID: 17061
2026-08-15 12:05:50,849 [INFO    ] capture.log_capture: 4 eventos publicados en el stream 'moodle_logs'. Ultimo ID: 17065
2026-08-15 12:06:05,109 [WARNING ] drift.concept_drift_detector: Concept drift detected: error_rate, confidence: 95.81%
2026-08-15 12:06:20,858 [INFO    ] capture.log_capture: 7 eventos publicados en el stream 'moodle_logs'. Ultimo ID: 17072
2026-08-15 12:06:50,866 [INFO    ] capture.log_capture: 7 eventos publicados en el stream 'moodle_logs'. Ultimo ID: 17079
2026-08-15 12:07:20,876 [INFO    ] capture.log_capture: 7 eventos publicados en el stream 'moodle_logs'. Ultimo ID: 17086
2026-08-15 12:07:50,884 [INFO    ] capture.log_capture: 8 eventos publicados en el stream 'moodle_logs'. Ultimo ID: 17094
2026-08-15 12:08:07,188 [WARNING ] drift.concept_drift_detector: Concept drift detected: error_rate, confidence: 92.09%
2026-08-15 12:08:20,891 [INFO    ] capture.log_capture: 3 eventos publicados en el stream 'moodle_logs'. Ultimo ID: 17097
2026-08-15 12:08:40,898 [INFO    ] capture.log_capture: 8 eventos publicados en el stream 'moodle_logs'. Ultimo ID: 17105
2026-08-15 12:09:00,904 [INFO    ] capture.log_capture: 1 eventos publicados en el stream 'moodle_logs'. Ultimo ID: 17106
2026-08-15 12:09:10,909 [INFO    ] capture.log_capture: 5 eventos publicados en el stream 'moodle_logs'. Ultimo ID: 17111
2026-08-15 12:09:40,917 [INFO    ] capture.log_capture: 4 eventos publicados en el stream 'moodle_logs'. Ultimo ID: 17115
2026-08-15 12:10:00,925 [INFO    ] capture.log_capture: 4 eventos publicados en el stream 'moodle_logs'. Ultimo ID: 17119
2026-08-15 12:10:09,229 [WARNING ] drift.concept_drift_detector: Concept drift detected: error_rate, confidence: 98.32%
2026-08-15 12:10:30,932 [INFO    ] capture.log_capture: 5 eventos publicados en el stream 'moodle_logs'. Ultimo ID: 17124
2026-08-15 12:10:50,937 [INFO    ] capture.log_capture: 4 eventos publicados en el stream 'moodle_logs'. Ultimo ID: 17128
2026-08-15 12:11:30,946 [INFO    ] capture.log_capture: 3 eventos publicados en el stream 'moodle_logs'. Ultimo ID: 17131
2026-08-15 12:11:50,951 [INFO    ] capture.log_capture: 3 eventos publicados en el stream 'moodle_logs'. Ultimo ID: 17134
2026-08-15 12:12:11,278 [WARNING ] drift.concept_drift_detector: Concept drift detected: error_rate, confidence: 98.53%
2026-08-15 12:12:20,958 [INFO    ] capture.log_capture: 6 eventos publicados en el stream 'moodle_logs'. Ultimo ID: 17140
2026-08-15 12:12:40,963 [INFO    ] capture.log_capture: 2 eventos publicados en el stream 'moodle_logs'. Ultimo ID: 17142
2026-08-15 12:12:50,967 [INFO    ] capture.log_capture: 4 eventos publicados en el stream 'moodle_logs'. Ultimo ID: 17146
2026-08-15 12:13:20,975 [INFO    ] capture.log_capture: 7 eventos publicados en el stream 'moodle_logs'. Ultimo ID: 17153
2026-08-15 12:13:50,982 [INFO    ] capture.log_capture: 6 eventos publicados en el stream 'moodle_logs'. Ultimo ID: 17159
2026-08-15 12:14:13,379 [WARNING ] drift.concept_drift_detector: Concept drift detected: error_rate, confidence: 90.79%
2026-08-15 12:14:20,989 [INFO    ] capture.log_capture: 3 eventos publicados en el stream 'moodle_logs'. Ultimo ID: 17162
2026-08-15 12:15:00,997 [INFO    ] capture.log_capture: 3 eventos publicados en el stream 'moodle_logs'. Ultimo ID: 17165
2026-08-15 12:15:15,271 [WARNING ] drift.concept_drift_detector: Concept drift detected: error_rate, confidence: 54.19%
2026-08-15 12:15:31,004 [INFO    ] capture.log_capture: 4 eventos publicados en el stream 'moodle_logs'. Ultimo ID: 17169
2026-08-15 12:15:51,010 [INFO    ] capture.log_capture: 7 eventos publicados en el stream 'moodle_logs'. Ultimo ID: 17176
2026-08-15 12:16:21,018 [INFO    ] capture.log_capture: 7 eventos publicados en el stream 'moodle_logs'. Ultimo ID: 17183
2026-08-15 12:16:51,026 [INFO    ] capture.log_capture: 8 eventos publicados en el stream 'moodle_logs'. Ultimo ID: 17191
2026-08-15 12:17:17,426 [WARNING ] drift.concept_drift_detector: Concept drift detected: error_rate, confidence: 84.20%
2026-08-15 12:17:21,033 [INFO    ] capture.log_capture: 3 eventos publicados en el stream 'moodle_logs'. Ultimo ID: 17194
2026-08-15 12:17:41,039 [INFO    ] capture.log_capture: 8 eventos publicados en el stream 'moodle_logs'. Ultimo ID: 17202
2026-08-15 12:18:11,047 [INFO    ] capture.log_capture: 4 eventos publicados en el stream 'moodle_logs'. Ultimo ID: 17206
2026-08-15 12:18:41,064 [INFO    ] capture.log_capture: 4 eventos publicados en el stream 'moodle_logs'. Ultimo ID: 17210
2026-08-15 12:19:01,072 [INFO    ] capture.log_capture: 6 eventos publicados en el stream 'moodle_logs'. Ultimo ID: 17216
2026-08-15 12:19:19,503 [WARNING ] drift.concept_drift_detector: Concept drift detected: error_rate, confidence: 92.54%
2026-08-15 12:19:31,080 [INFO    ] capture.log_capture: 7 eventos publicados en el stream 'moodle_logs'. Ultimo ID: 17223
2026-08-15 12:19:51,086 [INFO    ] capture.log_capture: 4 eventos publicados en el stream 'moodle_logs'. Ultimo ID: 17227
2026-08-15 12:20:11,094 [INFO    ] capture.log_capture: 5 eventos publicados en el stream 'moodle_logs'. Ultimo ID: 17232
2026-08-15 12:20:41,101 [INFO    ] capture.log_capture: 3 eventos publicados en el stream 'moodle_logs'. Ultimo ID: 17235
2026-08-15 12:21:11,109 [INFO    ] capture.log_capture: 3 eventos publicados en el stream 'moodle_logs'. Ultimo ID: 17238
2026-08-15 12:21:21,113 [INFO    ] capture.log_capture: 3 eventos publicados en el stream 'moodle_logs'. Ultimo ID: 17241
2026-08-15 12:21:23,362 [WARNING ] drift.concept_drift_detector: Concept drift detected: error_rate, confidence: 84.94%
2026-08-15 12:21:41,119 [INFO    ] capture.log_capture: 4 eventos publicados en el stream 'moodle_logs'. Ultimo ID: 17245
2026-08-15 12:22:11,128 [INFO    ] capture.log_capture: 6 eventos publicados en el stream 'moodle_logs'. Ultimo ID: 17251
2026-08-15 12:22:31,137 [INFO    ] capture.log_capture: 6 eventos publicados en el stream 'moodle_logs'. Ultimo ID: 17257
2026-08-15 12:22:51,143 [INFO    ] capture.log_capture: 3 eventos publicados en el stream 'moodle_logs'. Ultimo ID: 17260
2026-08-15 12:23:11,150 [INFO    ] capture.log_capture: 3 eventos publicados en el stream 'moodle_logs'. Ultimo ID: 17263
2026-08-15 12:23:25,426 [WARNING ] drift.concept_drift_detector: Concept drift detected: error_rate, confidence: 83.32%
2026-08-15 12:23:51,160 [INFO    ] capture.log_capture: 7 eventos publicados en el stream 'moodle_logs'. Ultimo ID: 17270
2026-08-15 12:24:21,170 [INFO    ] capture.log_capture: 3 eventos publicados en el stream 'moodle_logs'. Ultimo ID: 17273
2026-08-15 12:24:51,179 [INFO    ] capture.log_capture: 3 eventos publicados en el stream 'moodle_logs'. Ultimo ID: 17276
2026-08-15 12:25:11,187 [INFO    ] capture.log_capture: 4 eventos publicados en el stream 'moodle_logs'. Ultimo ID: 17280
2026-08-15 12:25:27,601 [WARNING ] drift.concept_drift_detector: Concept drift detected: error_rate, confidence: 90.70%
2026-08-15 12:25:41,196 [INFO    ] capture.log_capture: 8 eventos publicados en el stream 'moodle_logs'. Ultimo ID: 17288
2026-08-15 12:26:11,213 [INFO    ] capture.log_capture: 5 eventos publicados en el stream 'moodle_logs'. Ultimo ID: 17293
2026-08-15 12:26:41,221 [INFO    ] capture.log_capture: 3 eventos publicados en el stream 'moodle_logs'. Ultimo ID: 17296
2026-08-15 12:27:11,234 [INFO    ] capture.log_capture: 8 eventos publicados en el stream 'moodle_logs'. Ultimo ID: 17304
2026-08-15 12:27:31,608 [WARNING ] drift.concept_drift_detector: Concept drift detected: error_rate, confidence: 85.09%
2026-08-15 12:27:41,242 [INFO    ] capture.log_capture: 3 eventos publicados en el stream 'moodle_logs'. Ultimo ID: 17307
2026-08-15 12:28:11,252 [INFO    ] capture.log_capture: 4 eventos publicados en el stream 'moodle_logs'. Ultimo ID: 17311
2026-08-15 12:28:41,261 [INFO    ] capture.log_capture: 5 eventos publicados en el stream 'moodle_logs'. Ultimo ID: 17316
2026-08-15 12:29:11,271 [INFO    ] capture.log_capture: 4 eventos publicados en el stream 'moodle_logs'. Ultimo ID: 17320
2026-08-15 12:29:31,278 [INFO    ] capture.log_capture: 3 eventos publicados en el stream 'moodle_logs'. Ultimo ID: 17323
2026-08-15 12:29:35,459 [WARNING ] drift.concept_drift_detector: Concept drift detected: error_rate, confidence: 83.51%
2026-08-15 12:29:51,285 [INFO    ] capture.log_capture: 5 eventos publicados en el stream 'moodle_logs'. Ultimo ID: 17328
2026-08-15 12:30:21,298 [INFO    ] capture.log_capture: 8 eventos publicados en el stream 'moodle_logs'. Ultimo ID: 17336
2026-08-15 12:30:51,306 [INFO    ] capture.log_capture: 3 eventos publicados en el stream 'moodle_logs'. Ultimo ID: 17339
2026-08-15 12:31:21,316 [INFO    ] capture.log_capture: 8 eventos publicados en el stream 'moodle_logs'. Ultimo ID: 17347
2026-08-15 12:31:37,640 [WARNING ] drift.concept_drift_detector: Concept drift detected: error_rate, confidence: 78.99%
2026-08-15 12:32:01,327 [INFO    ] capture.log_capture: 8 eventos publicados en el stream 'moodle_logs'. Ultimo ID: 17355
2026-08-15 12:32:21,334 [INFO    ] capture.log_capture: 7 eventos publicados en el stream 'moodle_logs'. Ultimo ID: 17362
2026-08-15 12:33:01,344 [INFO    ] capture.log_capture: 7 eventos publicados en el stream 'moodle_logs'. Ultimo ID: 17369
2026-08-15 12:33:31,355 [INFO    ] capture.log_capture: 7 eventos publicados en el stream 'moodle_logs'. Ultimo ID: 17376
2026-08-15 12:33:39,677 [WARNING ] drift.concept_drift_detector: Concept drift detected: error_rate, confidence: 77.49%
2026-08-15 12:33:51,363 [INFO    ] capture.log_capture: 4 eventos publicados en el stream 'moodle_logs'. Ultimo ID: 17380
2026-08-15 12:34:21,374 [INFO    ] capture.log_capture: 8 eventos publicados en el stream 'moodle_logs'. Ultimo ID: 17388
2026-08-15 12:34:51,381 [INFO    ] capture.log_capture: 3 eventos publicados en el stream 'moodle_logs'. Ultimo ID: 17391
2026-08-15 12:35:21,390 [INFO    ] capture.log_capture: 3 eventos publicados en el stream 'moodle_logs'. Ultimo ID: 17394
2026-08-15 12:35:41,757 [WARNING ] drift.concept_drift_detector: Concept drift detected: error_rate, confidence: 70.16%
2026-08-15 12:35:51,403 [INFO    ] capture.log_capture: 6 eventos publicados en el stream 'moodle_logs'. Ultimo ID: 17400
2026-08-15 12:36:31,414 [INFO    ] capture.log_capture: 6 eventos publicados en el stream 'moodle_logs'. Ultimo ID: 17406
2026-08-15 12:37:01,422 [INFO    ] capture.log_capture: 3 eventos publicados en el stream 'moodle_logs'. Ultimo ID: 17409
2026-08-15 12:37:31,429 [INFO    ] capture.log_capture: 3 eventos publicados en el stream 'moodle_logs'. Ultimo ID: 17412
2026-08-15 12:37:43,710 [WARNING ] drift.concept_drift_detector: Concept drift detected: error_rate, confidence: 82.64%
2026-08-15 12:37:51,437 [INFO    ] capture.log_capture: 8 eventos publicados en el stream 'moodle_logs'. Ultimo ID: 17420
2026-08-15 12:38:21,446 [INFO    ] capture.log_capture: 6 eventos publicados en el stream 'moodle_logs'. Ultimo ID: 17426
2026-08-15 12:38:51,456 [INFO    ] capture.log_capture: 4 eventos publicados en el stream 'moodle_logs'. Ultimo ID: 17430
2026-08-15 12:39:21,466 [INFO    ] capture.log_capture: 7 eventos publicados en el stream 'moodle_logs'. Ultimo ID: 17437
2026-08-15 12:39:41,474 [INFO    ] capture.log_capture: 8 eventos publicados en el stream 'moodle_logs'. Ultimo ID: 17445
2026-08-15 12:39:45,735 [WARNING ] drift.concept_drift_detector: Concept drift detected: error_rate, confidence: 72.21%
2026-08-15 12:40:01,482 [INFO    ] capture.log_capture: 7 eventos publicados en el stream 'moodle_logs'. Ultimo ID: 17452
2026-08-15 12:40:31,495 [INFO    ] capture.log_capture: 3 eventos publicados en el stream 'moodle_logs'. Ultimo ID: 17455
2026-08-15 12:40:51,504 [INFO    ] capture.log_capture: 7 eventos publicados en el stream 'moodle_logs'. Ultimo ID: 17462
2026-08-15 12:41:21,515 [INFO    ] capture.log_capture: 8 eventos publicados en el stream 'moodle_logs'. Ultimo ID: 17470
2026-08-15 12:41:41,521 [INFO    ] capture.log_capture: 6 eventos publicados en el stream 'moodle_logs'. Ultimo ID: 17476
2026-08-15 12:41:47,836 [WARNING ] drift.concept_drift_detector: Concept drift detected: error_rate, confidence: 62.91%
2026-08-15 12:42:21,532 [INFO    ] capture.log_capture: 8 eventos publicados en el stream 'moodle_logs'. Ultimo ID: 17484
2026-08-15 12:42:41,538 [INFO    ] capture.log_capture: 3 eventos publicados en el stream 'moodle_logs'. Ultimo ID: 17487
2026-08-15 12:42:51,544 [INFO    ] capture.log_capture: 5 eventos publicados en el stream 'moodle_logs'. Ultimo ID: 17492
2026-08-15 12:43:11,550 [INFO    ] capture.log_capture: 3 eventos publicados en el stream 'moodle_logs'. Ultimo ID: 17495
2026-08-15 12:43:41,560 [INFO    ] capture.log_capture: 6 eventos publicados en el stream 'moodle_logs'. Ultimo ID: 17501
2026-08-15 12:43:47,844 [WARNING ] drift.concept_drift_detector: Concept drift detected: error_rate, confidence: 63.66%
2026-08-15 12:44:11,568 [INFO    ] capture.log_capture: 6 eventos publicados en el stream 'moodle_logs'. Ultimo ID: 17507
2026-08-15 12:44:31,574 [INFO    ] capture.log_capture: 5 eventos publicados en el stream 'moodle_logs'. Ultimo ID: 17512
2026-08-15 12:45:01,582 [INFO    ] capture.log_capture: 5 eventos publicados en el stream 'moodle_logs'. Ultimo ID: 17517
2026-08-15 12:45:21,591 [INFO    ] capture.log_capture: 3 eventos publicados en el stream 'moodle_logs'. Ultimo ID: 17520
2026-08-15 12:45:48,178 [WARNING ] drift.concept_drift_detector: Concept drift detected: error_rate, confidence: 72.30%
2026-08-15 12:45:51,599 [INFO    ] capture.log_capture: 3 eventos publicados en el stream 'moodle_logs'. Ultimo ID: 17523
2026-08-15 12:46:21,607 [INFO    ] capture.log_capture: 6 eventos publicados en el stream 'moodle_logs'. Ultimo ID: 17529
2026-08-15 12:46:51,616 [INFO    ] capture.log_capture: 4 eventos publicados en el stream 'moodle_logs'. Ultimo ID: 17533
2026-08-15 12:47:21,625 [INFO    ] capture.log_capture: 8 eventos publicados en el stream 'moodle_logs'. Ultimo ID: 17541
2026-08-15 12:47:50,051 [WARNING ] drift.concept_drift_detector: Concept drift detected: error_rate, confidence: 69.95%
2026-08-15 12:47:51,635 [INFO    ] capture.log_capture: 8 eventos publicados en el stream 'moodle_logs'. Ultimo ID: 17549
2026-08-15 12:48:21,644 [INFO    ] capture.log_capture: 3 eventos publicados en el stream 'moodle_logs'. Ultimo ID: 17552
2026-08-15 12:48:51,651 [INFO    ] capture.log_capture: 6 eventos publicados en el stream 'moodle_logs'. Ultimo ID: 17558
2026-08-15 12:49:21,659 [INFO    ] capture.log_capture: 5 eventos publicados en el stream 'moodle_logs'. Ultimo ID: 17563
2026-08-15 12:49:51,667 [INFO    ] capture.log_capture: 5 eventos publicados en el stream 'moodle_logs'. Ultimo ID: 17568
2026-08-15 12:49:51,798 [WARNING ] drift.concept_drift_detector: Concept drift detected: error_rate, confidence: 64.68%
2026-08-15 12:50:21,676 [INFO    ] capture.log_capture: 3 eventos publicados en el stream 'moodle_logs'. Ultimo ID: 17571
2026-08-15 12:50:51,686 [INFO    ] capture.log_capture: 8 eventos publicados en el stream 'moodle_logs'. Ultimo ID: 17579
2026-08-15 12:51:21,696 [INFO    ] capture.log_capture: 7 eventos publicados en el stream 'moodle_logs'. Ultimo ID: 17586
2026-08-15 12:51:51,706 [INFO    ] capture.log_capture: 5 eventos publicados en el stream 'moodle_logs'. Ultimo ID: 17591
2026-08-15 12:51:51,850 [WARNING ] drift.concept_drift_detector: Concept drift detected: error_rate, confidence: 67.35%
2026-08-15 12:52:21,719 [INFO    ] capture.log_capture: 4 eventos publicados en el stream 'moodle_logs'. Ultimo ID: 17595
2026-08-15 12:52:51,729 [INFO    ] capture.log_capture: 6 eventos publicados en el stream 'moodle_logs'. Ultimo ID: 17601
2026-08-15 12:53:11,736 [INFO    ] capture.log_capture: 7 eventos publicados en el stream 'moodle_logs'. Ultimo ID: 17608
2026-08-15 12:53:51,747 [INFO    ] capture.log_capture: 8 eventos publicados en el stream 'moodle_logs'. Ultimo ID: 17616
2026-08-15 12:53:51,926 [WARNING ] drift.concept_drift_detector: Concept drift detected: error_rate, confidence: 65.07%
2026-08-15 12:54:11,754 [INFO    ] capture.log_capture: 4 eventos publicados en el stream 'moodle_logs'. Ultimo ID: 17620
2026-08-15 12:54:41,776 [INFO    ] capture.log_capture: 6 eventos publicados en el stream 'moodle_logs'. Ultimo ID: 17626
2026-08-15 12:55:01,903 [INFO    ] capture.log_capture: 3 eventos publicados en el stream 'moodle_logs'. Ultimo ID: 17629
2026-08-15 12:55:11,909 [INFO    ] capture.log_capture: 4 eventos publicados en el stream 'moodle_logs'. Ultimo ID: 17633
2026-08-15 12:55:31,915 [INFO    ] capture.log_capture: 3 eventos publicados en el stream 'moodle_logs'. Ultimo ID: 17636
2026-08-15 12:55:41,925 [INFO    ] capture.log_capture: 3 eventos publicados en el stream 'moodle_logs'. Ultimo ID: 17639
2026-08-15 12:55:52,162 [WARNING ] drift.concept_drift_detector: Concept drift detected: error_rate, confidence: 60.85%
2026-08-15 12:56:01,930 [INFO    ] capture.log_capture: 2 eventos publicados en el stream 'moodle_logs'. Ultimo ID: 17641
2026-08-15 12:56:11,935 [INFO    ] capture.log_capture: 6 eventos publicados en el stream 'moodle_logs'. Ultimo ID: 17647
2026-08-15 12:56:41,945 [INFO    ] capture.log_capture: 4 eventos publicados en el stream 'moodle_logs'. Ultimo ID: 17651
2026-08-15 12:57:11,953 [INFO    ] capture.log_capture: 5 eventos publicados en el stream 'moodle_logs'. Ultimo ID: 17656
2026-08-15 12:57:41,961 [INFO    ] capture.log_capture: 3 eventos publicados en el stream 'moodle_logs'. Ultimo ID: 17659
2026-08-15 12:57:52,268 [WARNING ] drift.concept_drift_detector: Concept drift detected: error_rate, confidence: 59.64%
2026-08-15 12:58:11,973 [INFO    ] capture.log_capture: 8 eventos publicados en el stream 'moodle_logs'. Ultimo ID: 17667
2026-08-15 12:58:41,983 [INFO    ] capture.log_capture: 5 eventos publicados en el stream 'moodle_logs'. Ultimo ID: 17672
2026-08-15 12:59:01,990 [INFO    ] capture.log_capture: 6 eventos publicados en el stream 'moodle_logs'. Ultimo ID: 17678
2026-08-15 12:59:21,996 [INFO    ] capture.log_capture: 1 eventos publicados en el stream 'moodle_logs'. Ultimo ID: 17679
2026-08-15 12:59:32,001 [INFO    ] capture.log_capture: 4 eventos publicados en el stream 'moodle_logs'. Ultimo ID: 17683
2026-08-15 12:59:52,418 [WARNING ] drift.concept_drift_detector: Concept drift detected: error_rate, confidence: 62.39%
2026-08-15 13:00:02,008 [INFO    ] capture.log_capture: 5 eventos publicados en el stream 'moodle_logs'. Ultimo ID: 17688
2026-08-15 13:00:22,016 [INFO    ] capture.log_capture: 7 eventos publicados en el stream 'moodle_logs'. Ultimo ID: 17695
2026-08-15 13:00:42,025 [INFO    ] capture.log_capture: 7 eventos publicados en el stream 'moodle_logs'. Ultimo ID: 17702
2026-08-15 13:01:12,033 [INFO    ] capture.log_capture: 3 eventos publicados en el stream 'moodle_logs'. Ultimo ID: 17705
2026-08-15 13:01:42,042 [INFO    ] capture.log_capture: 6 eventos publicados en el stream 'moodle_logs'. Ultimo ID: 17711
2026-08-15 13:01:56,382 [WARNING ] drift.concept_drift_detector: Concept drift detected: error_rate, confidence: 52.25%
2026-08-15 13:02:02,051 [INFO    ] capture.log_capture: 4 eventos publicados en el stream 'moodle_logs'. Ultimo ID: 17715
2026-08-15 13:02:22,058 [INFO    ] capture.log_capture: 4 eventos publicados en el stream 'moodle_logs'. Ultimo ID: 17719
2026-08-15 13:02:52,067 [INFO    ] capture.log_capture: 7 eventos publicados en el stream 'moodle_logs'. Ultimo ID: 17726
2026-08-15 13:03:22,074 [INFO    ] capture.log_capture: 4 eventos publicados en el stream 'moodle_logs'. Ultimo ID: 17730
2026-08-15 13:03:42,081 [INFO    ] capture.log_capture: 8 eventos publicados en el stream 'moodle_logs'. Ultimo ID: 17738
2026-08-15 13:03:58,531 [WARNING ] drift.concept_drift_detector: Concept drift detected: error_rate, confidence: 57.12%
2026-08-15 13:04:12,090 [INFO    ] capture.log_capture: 4 eventos publicados en el stream 'moodle_logs'. Ultimo ID: 17742
2026-08-15 13:04:52,101 [INFO    ] capture.log_capture: 5 eventos publicados en el stream 'moodle_logs'. Ultimo ID: 17747
2026-08-15 13:05:00,736 [WARNING ] drift.concept_drift_detector: Concept drift detected: error_rate, confidence: 58.97%
2026-08-15 13:05:22,111 [INFO    ] capture.log_capture: 3 eventos publicados en el stream 'moodle_logs'. Ultimo ID: 17750
2026-08-15 13:05:52,123 [INFO    ] capture.log_capture: 6 eventos publicados en el stream 'moodle_logs'. Ultimo ID: 17756
2026-08-15 13:06:22,133 [INFO    ] capture.log_capture: 4 eventos publicados en el stream 'moodle_logs'. Ultimo ID: 17760
2026-08-15 13:06:42,151 [INFO    ] capture.log_capture: 3 eventos publicados en el stream 'moodle_logs'. Ultimo ID: 17763
2026-08-15 13:06:52,158 [INFO    ] capture.log_capture: 2 eventos publicados en el stream 'moodle_logs'. Ultimo ID: 17765
2026-08-15 13:07:02,508 [WARNING ] drift.concept_drift_detector: Concept drift detected: error_rate, confidence: 60.75%
2026-08-15 13:07:12,169 [INFO    ] capture.log_capture: 8 eventos publicados en el stream 'moodle_logs'. Ultimo ID: 17773
2026-08-15 13:07:32,177 [INFO    ] capture.log_capture: 7 eventos publicados en el stream 'moodle_logs'. Ultimo ID: 17780
2026-08-15 13:08:02,186 [INFO    ] capture.log_capture: 6 eventos publicados en el stream 'moodle_logs'. Ultimo ID: 17786
2026-08-15 13:08:32,194 [INFO    ] capture.log_capture: 3 eventos publicados en el stream 'moodle_logs'. Ultimo ID: 17789
2026-08-15 13:08:52,201 [INFO    ] capture.log_capture: 7 eventos publicados en el stream 'moodle_logs'. Ultimo ID: 17796
2026-08-15 13:09:32,212 [INFO    ] capture.log_capture: 5 eventos publicados en el stream 'moodle_logs'. Ultimo ID: 17801
2026-08-15 13:10:02,293 [INFO    ] capture.log_capture: 7 eventos publicados en el stream 'moodle_logs'. Ultimo ID: 17808
2026-08-15 13:10:10,779 [WARNING ] drift.concept_drift_detector: Concept drift detected: error_rate, confidence: 80.09%
2026-08-15 13:10:32,301 [INFO    ] capture.log_capture: 4 eventos publicados en el stream 'moodle_logs'. Ultimo ID: 17812
2026-08-15 13:10:52,307 [INFO    ] capture.log_capture: 5 eventos publicados en el stream 'moodle_logs'. Ultimo ID: 17817
2026-08-15 13:11:22,315 [INFO    ] capture.log_capture: 2 eventos publicados en el stream 'moodle_logs'. Ultimo ID: 17819
2026-08-15 13:11:32,319 [INFO    ] capture.log_capture: 2 eventos publicados en el stream 'moodle_logs'. Ultimo ID: 17821
2026-08-15 13:11:52,326 [INFO    ] capture.log_capture: 7 eventos publicados en el stream 'moodle_logs'. Ultimo ID: 17828
2026-08-15 13:12:12,335 [INFO    ] capture.log_capture: 5 eventos publicados en el stream 'moodle_logs'. Ultimo ID: 17833
2026-08-15 13:12:42,344 [INFO    ] capture.log_capture: 8 eventos publicados en el stream 'moodle_logs'. Ultimo ID: 17841
2026-08-15 13:13:02,352 [INFO    ] capture.log_capture: 6 eventos publicados en el stream 'moodle_logs'. Ultimo ID: 17847
2026-08-15 13:13:10,570 [WARNING ] drift.concept_drift_detector: Concept drift detected: error_rate, confidence: 73.66%
2026-08-15 13:13:32,360 [INFO    ] capture.log_capture: 3 eventos publicados en el stream 'moodle_logs'. Ultimo ID: 17850
2026-08-15 13:13:42,363 [INFO    ] capture.log_capture: 3 eventos publicados en el stream 'moodle_logs'. Ultimo ID: 17853
2026-08-15 13:14:12,395 [INFO    ] capture.log_capture: 7 eventos publicados en el stream 'moodle_logs'. Ultimo ID: 17860
2026-08-15 13:14:42,404 [INFO    ] capture.log_capture: 7 eventos publicados en el stream 'moodle_logs'. Ultimo ID: 17867
2026-08-15 13:15:12,410 [INFO    ] capture.log_capture: 3 eventos publicados en el stream 'moodle_logs'. Ultimo ID: 17870
2026-08-15 13:15:42,420 [INFO    ] capture.log_capture: 5 eventos publicados en el stream 'moodle_logs'. Ultimo ID: 17875
2026-08-15 13:16:12,429 [INFO    ] capture.log_capture: 4 eventos publicados en el stream 'moodle_logs'. Ultimo ID: 17879
2026-08-15 13:16:12,622 [WARNING ] drift.concept_drift_detector: Concept drift detected: error_rate, confidence: 77.27%
2026-08-15 13:16:22,435 [INFO    ] capture.log_capture: 4 eventos publicados en el stream 'moodle_logs'. Ultimo ID: 17883
2026-08-15 13:16:52,443 [INFO    ] capture.log_capture: 5 eventos publicados en el stream 'moodle_logs'. Ultimo ID: 17888
2026-08-15 13:17:22,455 [INFO    ] capture.log_capture: 8 eventos publicados en el stream 'moodle_logs'. Ultimo ID: 17896
2026-08-15 13:17:52,465 [INFO    ] capture.log_capture: 6 eventos publicados en el stream 'moodle_logs'. Ultimo ID: 17902
2026-08-15 13:18:22,472 [INFO    ] capture.log_capture: 7 eventos publicados en el stream 'moodle_logs'. Ultimo ID: 17909
2026-08-15 13:18:52,480 [INFO    ] capture.log_capture: 4 eventos publicados en el stream 'moodle_logs'. Ultimo ID: 17913
2026-08-15 13:19:14,866 [WARNING ] drift.concept_drift_detector: Concept drift detected: error_rate, confidence: 70.94%
2026-08-15 13:19:22,488 [INFO    ] capture.log_capture: 7 eventos publicados en el stream 'moodle_logs'. Ultimo ID: 17920
2026-08-15 13:19:52,497 [INFO    ] capture.log_capture: 3 eventos publicados en el stream 'moodle_logs'. Ultimo ID: 17923
2026-08-15 13:20:22,506 [INFO    ] capture.log_capture: 5 eventos publicados en el stream 'moodle_logs'. Ultimo ID: 17928
2026-08-15 13:20:42,512 [INFO    ] capture.log_capture: 5 eventos publicados en el stream 'moodle_logs'. Ultimo ID: 17933
2026-08-15 13:21:12,522 [INFO    ] capture.log_capture: 6 eventos publicados en el stream 'moodle_logs'. Ultimo ID: 17939
2026-08-15 13:21:16,729 [WARNING ] drift.concept_drift_detector: Concept drift detected: error_rate, confidence: 51.31%
2026-08-15 13:21:42,532 [INFO    ] capture.log_capture: 5 eventos publicados en el stream 'moodle_logs'. Ultimo ID: 17944
2026-08-15 13:22:02,538 [INFO    ] capture.log_capture: 3 eventos publicados en el stream 'moodle_logs'. Ultimo ID: 17947
2026-08-15 13:22:32,547 [INFO    ] capture.log_capture: 6 eventos publicados en el stream 'moodle_logs'. Ultimo ID: 17953
2026-08-15 13:23:12,557 [INFO    ] capture.log_capture: 7 eventos publicados en el stream 'moodle_logs'. Ultimo ID: 17960
2026-08-15 13:23:18,816 [WARNING ] drift.concept_drift_detector: Concept drift detected: error_rate, confidence: 50.26%
2026-08-15 13:23:32,563 [INFO    ] capture.log_capture: 5 eventos publicados en el stream 'moodle_logs'. Ultimo ID: 17965
2026-08-15 13:24:02,574 [INFO    ] capture.log_capture: 8 eventos publicados en el stream 'moodle_logs'. Ultimo ID: 17973
2026-08-15 13:24:22,583 [INFO    ] capture.log_capture: 6 eventos publicados en el stream 'moodle_logs'. Ultimo ID: 17979
2026-08-15 13:24:52,594 [INFO    ] capture.log_capture: 4 eventos publicados en el stream 'moodle_logs'. Ultimo ID: 17983
2026-08-15 13:25:22,607 [INFO    ] capture.log_capture: 8 eventos publicados en el stream 'moodle_logs'. Ultimo ID: 17991
2026-08-15 13:25:42,615 [INFO    ] capture.log_capture: 5 eventos publicados en el stream 'moodle_logs'. Ultimo ID: 17996
2026-08-15 13:25:52,620 [INFO    ] capture.log_capture: 2 eventos publicados en el stream 'moodle_logs'. Ultimo ID: 17998
2026-08-15 13:26:12,638 [INFO    ] capture.log_capture: 8 eventos publicados en el stream 'moodle_logs'. Ultimo ID: 18006
2026-08-15 13:26:20,954 [WARNING ] drift.concept_drift_detector: Concept drift detected: error_rate, confidence: 58.62%
2026-08-15 13:26:42,648 [INFO    ] capture.log_capture: 6 eventos publicados en el stream 'moodle_logs'. Ultimo ID: 18012
2026-08-15 13:27:12,658 [INFO    ] capture.log_capture: 8 eventos publicados en el stream 'moodle_logs'. Ultimo ID: 18020
2026-08-15 13:27:52,669 [INFO    ] capture.log_capture: 6 eventos publicados en el stream 'moodle_logs'. Ultimo ID: 18026
2026-08-15 13:28:22,678 [INFO    ] capture.log_capture: 3 eventos publicados en el stream 'moodle_logs'. Ultimo ID: 18029
2026-08-15 13:28:42,684 [INFO    ] capture.log_capture: 3 eventos publicados en el stream 'moodle_logs'. Ultimo ID: 18032
2026-08-15 13:29:12,693 [INFO    ] capture.log_capture: 6 eventos publicados en el stream 'moodle_logs'. Ultimo ID: 18038
2026-08-15 13:29:23,032 [WARNING ] drift.concept_drift_detector: Concept drift detected: error_rate, confidence: 67.56%
2026-08-15 13:29:42,701 [INFO    ] capture.log_capture: 5 eventos publicados en el stream 'moodle_logs'. Ultimo ID: 18043
2026-08-15 13:30:02,708 [INFO    ] capture.log_capture: 5 eventos publicados en el stream 'moodle_logs'. Ultimo ID: 18048
2026-08-15 13:30:32,717 [INFO    ] capture.log_capture: 8 eventos publicados en el stream 'moodle_logs'. Ultimo ID: 18056
2026-08-15 13:31:02,725 [INFO    ] capture.log_capture: 3 eventos publicados en el stream 'moodle_logs'. Ultimo ID: 18059
2026-08-15 13:31:32,735 [INFO    ] capture.log_capture: 6 eventos publicados en el stream 'moodle_logs'. Ultimo ID: 18065
2026-08-15 13:31:52,741 [INFO    ] capture.log_capture: 4 eventos publicados en el stream 'moodle_logs'. Ultimo ID: 18069
2026-08-15 13:32:22,751 [INFO    ] capture.log_capture: 8 eventos publicados en el stream 'moodle_logs'. Ultimo ID: 18077
2026-08-15 13:32:24,970 [WARNING ] drift.concept_drift_detector: Concept drift detected: error_rate, confidence: 62.36%
2026-08-15 13:32:52,761 [INFO    ] capture.log_capture: 7 eventos publicados en el stream 'moodle_logs'. Ultimo ID: 18084
2026-08-15 13:33:12,769 [INFO    ] capture.log_capture: 4 eventos publicados en el stream 'moodle_logs'. Ultimo ID: 18088
2026-08-15 13:33:52,784 [INFO    ] capture.log_capture: 7 eventos publicados en el stream 'moodle_logs'. Ultimo ID: 18095
2026-08-15 13:34:12,792 [INFO    ] capture.log_capture: 7 eventos publicados en el stream 'moodle_logs'. Ultimo ID: 18102
2026-08-15 13:34:32,799 [INFO    ] capture.log_capture: 8 eventos publicados en el stream 'moodle_logs'. Ultimo ID: 18110
2026-08-15 13:35:02,807 [INFO    ] capture.log_capture: 6 eventos publicados en el stream 'moodle_logs'. Ultimo ID: 18116
2026-08-15 13:35:27,255 [WARNING ] drift.concept_drift_detector: Concept drift detected: error_rate, confidence: 56.38%
2026-08-15 13:35:32,815 [INFO    ] capture.log_capture: 4 eventos publicados en el stream 'moodle_logs'. Ultimo ID: 18120
2026-08-15 13:36:02,823 [INFO    ] capture.log_capture: 4 eventos publicados en el stream 'moodle_logs'. Ultimo ID: 18124
2026-08-15 13:36:32,832 [INFO    ] capture.log_capture: 4 eventos publicados en el stream 'moodle_logs'. Ultimo ID: 18128
2026-08-15 13:37:12,842 [INFO    ] capture.log_capture: 4 eventos publicados en el stream 'moodle_logs'. Ultimo ID: 18132
2026-08-15 13:37:32,850 [INFO    ] capture.log_capture: 4 eventos publicados en el stream 'moodle_logs'. Ultimo ID: 18136
2026-08-15 13:38:02,858 [INFO    ] capture.log_capture: 4 eventos publicados en el stream 'moodle_logs'. Ultimo ID: 18140
2026-08-15 13:38:29,260 [WARNING ] drift.concept_drift_detector: Concept drift detected: error_rate, confidence: 69.26%
2026-08-15 13:38:32,866 [INFO    ] capture.log_capture: 3 eventos publicados en el stream 'moodle_logs'. Ultimo ID: 18143
2026-08-15 13:39:02,874 [INFO    ] capture.log_capture: 7 eventos publicados en el stream 'moodle_logs'. Ultimo ID: 18150
2026-08-15 13:39:32,884 [INFO    ] capture.log_capture: 6 eventos publicados en el stream 'moodle_logs'. Ultimo ID: 18156
2026-08-15 13:39:52,896 [INFO    ] capture.log_capture: 6 eventos publicados en el stream 'moodle_logs'. Ultimo ID: 18162
2026-08-15 13:40:22,905 [INFO    ] capture.log_capture: 4 eventos publicados en el stream 'moodle_logs'. Ultimo ID: 18166
2026-08-15 13:41:02,916 [INFO    ] capture.log_capture: 3 eventos publicados en el stream 'moodle_logs'. Ultimo ID: 18169
2026-08-15 13:41:31,398 [WARNING ] drift.concept_drift_detector: Concept drift detected: error_rate, confidence: 63.12%
2026-08-15 13:41:32,925 [INFO    ] capture.log_capture: 5 eventos publicados en el stream 'moodle_logs'. Ultimo ID: 18174
2026-08-15 13:42:12,939 [INFO    ] capture.log_capture: 6 eventos publicados en el stream 'moodle_logs'. Ultimo ID: 18180
2026-08-15 13:42:42,948 [INFO    ] capture.log_capture: 6 eventos publicados en el stream 'moodle_logs'. Ultimo ID: 18186
2026-08-15 13:43:12,956 [INFO    ] capture.log_capture: 3 eventos publicados en el stream 'moodle_logs'. Ultimo ID: 18189
2026-08-15 13:43:42,971 [INFO    ] capture.log_capture: 8 eventos publicados en el stream 'moodle_logs'. Ultimo ID: 18197
2026-08-15 13:44:02,981 [INFO    ] capture.log_capture: 6 eventos publicados en el stream 'moodle_logs'. Ultimo ID: 18203
2026-08-15 13:44:12,986 [INFO    ] capture.log_capture: 2 eventos publicados en el stream 'moodle_logs'. Ultimo ID: 18205
2026-08-15 13:44:32,994 [INFO    ] capture.log_capture: 5 eventos publicados en el stream 'moodle_logs'. Ultimo ID: 18210
2026-08-15 13:44:35,188 [WARNING ] drift.concept_drift_detector: Concept drift detected: error_rate, confidence: 60.02%
2026-08-15 13:45:03,006 [INFO    ] capture.log_capture: 4 eventos publicados en el stream 'moodle_logs'. Ultimo ID: 18214
2026-08-15 13:45:23,016 [INFO    ] capture.log_capture: 7 eventos publicados en el stream 'moodle_logs'. Ultimo ID: 18221
2026-08-15 13:45:53,024 [INFO    ] capture.log_capture: 3 eventos publicados en el stream 'moodle_logs'. Ultimo ID: 18224
2026-08-15 13:46:23,032 [INFO    ] capture.log_capture: 4 eventos publicados en el stream 'moodle_logs'. Ultimo ID: 18228
2026-08-15 13:46:43,038 [INFO    ] capture.log_capture: 1 eventos publicados en el stream 'moodle_logs'. Ultimo ID: 18229
2026-08-15 13:46:53,042 [INFO    ] capture.log_capture: 3 eventos publicados en el stream 'moodle_logs'. Ultimo ID: 18232
2026-08-15 13:47:23,051 [INFO    ] capture.log_capture: 3 eventos publicados en el stream 'moodle_logs'. Ultimo ID: 18235
2026-08-15 13:47:37,456 [WARNING ] drift.concept_drift_detector: Concept drift detected: error_rate, confidence: 54.13%
2026-08-15 13:47:53,059 [INFO    ] capture.log_capture: 5 eventos publicados en el stream 'moodle_logs'. Ultimo ID: 18240
2026-08-15 13:48:13,066 [INFO    ] capture.log_capture: 4 eventos publicados en el stream 'moodle_logs'. Ultimo ID: 18244
2026-08-15 13:48:43,075 [INFO    ] capture.log_capture: 3 eventos publicados en el stream 'moodle_logs'. Ultimo ID: 18247
2026-08-15 13:49:13,081 [INFO    ] capture.log_capture: 3 eventos publicados en el stream 'moodle_logs'. Ultimo ID: 18250
2026-08-15 13:49:43,091 [INFO    ] capture.log_capture: 6 eventos publicados en el stream 'moodle_logs'. Ultimo ID: 18256
2026-08-15 13:50:13,098 [INFO    ] capture.log_capture: 6 eventos publicados en el stream 'moodle_logs'. Ultimo ID: 18262
2026-08-15 13:50:33,105 [INFO    ] capture.log_capture: 5 eventos publicados en el stream 'moodle_logs'. Ultimo ID: 18267
2026-08-15 13:50:39,412 [WARNING ] drift.concept_drift_detector: Concept drift detected: error_rate, confidence: 63.06%
2026-08-15 13:51:03,112 [INFO    ] capture.log_capture: 4 eventos publicados en el stream 'moodle_logs'. Ultimo ID: 18271
2026-08-15 13:51:23,117 [INFO    ] capture.log_capture: 1 eventos publicados en el stream 'moodle_logs'. Ultimo ID: 18272
2026-08-15 13:51:33,122 [INFO    ] capture.log_capture: 2 eventos publicados en el stream 'moodle_logs'. Ultimo ID: 18274
2026-08-15 13:51:53,204 [INFO    ] capture.log_capture: 8 eventos publicados en el stream 'moodle_logs'. Ultimo ID: 18282
2026-08-15 13:52:23,213 [INFO    ] capture.log_capture: 5 eventos publicados en el stream 'moodle_logs'. Ultimo ID: 18287
2026-08-15 13:52:53,223 [INFO    ] capture.log_capture: 8 eventos publicados en el stream 'moodle_logs'. Ultimo ID: 18295
2026-08-15 13:53:13,247 [INFO    ] capture.log_capture: 8 eventos publicados en el stream 'moodle_logs'. Ultimo ID: 18303
2026-08-15 13:53:53,257 [INFO    ] capture.log_capture: 8 eventos publicados en el stream 'moodle_logs'. Ultimo ID: 18311
2026-08-15 13:54:23,266 [INFO    ] capture.log_capture: 6 eventos publicados en el stream 'moodle_logs'. Ultimo ID: 18317
2026-08-15 13:54:43,692 [WARNING ] drift.concept_drift_detector: Concept drift detected: error_rate, confidence: 58.25%
2026-08-15 13:54:53,274 [INFO    ] capture.log_capture: 6 eventos publicados en el stream 'moodle_logs'. Ultimo ID: 18323
2026-08-15 13:55:13,282 [INFO    ] capture.log_capture: 4 eventos publicados en el stream 'moodle_logs'. Ultimo ID: 18327
2026-08-15 13:55:43,292 [INFO    ] capture.log_capture: 8 eventos publicados en el stream 'moodle_logs'. Ultimo ID: 18335
2026-08-15 13:56:13,301 [INFO    ] capture.log_capture: 4 eventos publicados en el stream 'moodle_logs'. Ultimo ID: 18339
2026-08-15 13:56:33,306 [INFO    ] capture.log_capture: 5 eventos publicados en el stream 'moodle_logs'. Ultimo ID: 18344
2026-08-15 13:57:03,318 [INFO    ] capture.log_capture: 6 eventos publicados en el stream 'moodle_logs'. Ultimo ID: 18350
2026-08-15 13:57:33,327 [INFO    ] capture.log_capture: 5 eventos publicados en el stream 'moodle_logs'. Ultimo ID: 18355
2026-08-15 13:58:03,336 [INFO    ] capture.log_capture: 7 eventos publicados en el stream 'moodle_logs'. Ultimo ID: 18362
2026-08-15 13:58:23,345 [INFO    ] capture.log_capture: 4 eventos publicados en el stream 'moodle_logs'. Ultimo ID: 18366
2026-08-15 13:58:47,780 [WARNING ] drift.concept_drift_detector: Concept drift detected: error_rate, confidence: 66.20%
2026-08-15 13:58:53,353 [INFO    ] capture.log_capture: 4 eventos publicados en el stream 'moodle_logs'. Ultimo ID: 18370
2026-08-15 13:59:13,361 [INFO    ] capture.log_capture: 3 eventos publicados en el stream 'moodle_logs'. Ultimo ID: 18373
2026-08-15 13:59:33,368 [INFO    ] capture.log_capture: 5 eventos publicados en el stream 'moodle_logs'. Ultimo ID: 18378
2026-08-15 13:59:53,373 [INFO    ] capture.log_capture: 1 eventos publicados en el stream 'moodle_logs'. Ultimo ID: 18379
2026-08-15 14:00:03,379 [INFO    ] capture.log_capture: 5 eventos publicados en el stream 'moodle_logs'. Ultimo ID: 18384
2026-08-15 14:00:23,385 [INFO    ] capture.log_capture: 3 eventos publicados en el stream 'moodle_logs'. Ultimo ID: 18387
2026-08-15 14:01:03,395 [INFO    ] capture.log_capture: 6 eventos publicados en el stream 'moodle_logs'. Ultimo ID: 18393
2026-08-15 14:01:23,403 [INFO    ] capture.log_capture: 3 eventos publicados en el stream 'moodle_logs'. Ultimo ID: 18396
2026-08-15 14:01:53,417 [INFO    ] capture.log_capture: 6 eventos publicados en el stream 'moodle_logs'. Ultimo ID: 18402
2026-08-15 14:02:23,427 [INFO    ] capture.log_capture: 4 eventos publicados en el stream 'moodle_logs'. Ultimo ID: 18406
2026-08-15 14:02:51,938 [WARNING ] drift.concept_drift_detector: Concept drift detected: error_rate, confidence: 60.09%
2026-08-15 14:02:53,437 [INFO    ] capture.log_capture: 6 eventos publicados en el stream 'moodle_logs'. Ultimo ID: 18412
2026-08-15 14:03:23,445 [INFO    ] capture.log_capture: 8 eventos publicados en el stream 'moodle_logs'. Ultimo ID: 18420
2026-08-15 14:03:53,453 [INFO    ] capture.log_capture: 3 eventos publicados en el stream 'moodle_logs'. Ultimo ID: 18423
2026-08-15 14:04:23,462 [INFO    ] capture.log_capture: 5 eventos publicados en el stream 'moodle_logs'. Ultimo ID: 18428
2026-08-15 14:04:53,470 [INFO    ] capture.log_capture: 6 eventos publicados en el stream 'moodle_logs'. Ultimo ID: 18434
2026-08-15 14:05:13,478 [INFO    ] capture.log_capture: 7 eventos publicados en el stream 'moodle_logs'. Ultimo ID: 18441
2026-08-15 14:05:23,482 [INFO    ] capture.log_capture: 1 eventos publicados en el stream 'moodle_logs'. Ultimo ID: 18442
2026-08-15 14:05:53,492 [INFO    ] capture.log_capture: 4 eventos publicados en el stream 'moodle_logs'. Ultimo ID: 18446
